########## RUN 0  [R4 3Fで死亡]  敗北 cause=CombatLoss
# reached F3 HP 0/1 coins 40 combats 16/18 LS=True
[GameManager] Phase: Title → RunStart
[GameManager] === ラン開始 === HP:30
[GameManager] Phase: RunStart → FloorIntro
[GameManager] --- フロア 1 [残光の加護] ---
[GameManager] Phase: FloorIntro → MapNavigation
[GameManager] MoveToNode: r1_l0 (phase=MapNavigation)
[GameManager] タイル起動: 戦闘 (r1_l0)
[GameManager] エンカウント: ゴブリン
[GameManager] Phase: MapNavigation → Combat
[GameManager] Phase: Combat → BattleResult
[GameManager] 戦闘結果: ゴブリン — 勝利 (2T) 残HP:30
[GameManager] Phase: BattleResult → Reward
[GameManager] Phase: Reward → MapNavigation
[GameManager] MoveToNode: r2_l1 (phase=MapNavigation)
[GameManager] タイル起動: 戦闘 (r2_l1)
[GameManager] エンカウント: ゴブリン
[GameManager] Phase: MapNavigation → Combat
[GameManager] Phase: Combat → BattleResult
[GameManager] 戦闘結果: ゴブリン — 勝利 (3T) 残HP:27
[GameManager] Phase: BattleResult → Reward
[GameManager] Phase: Reward → MapNavigation
[GameManager] MoveToNode: r3_l1 (phase=MapNavigation)
[GameManager] タイル起動: 戦闘 (r3_l1)
[GameManager] エンカウント: ゴブリン
[GameManager] Phase: MapNavigation → Combat
[GameManager] Phase: Combat → BattleResult
[GameManager] 戦闘結果: ゴブリン — 勝利 (3T) 残HP:27
[GameManager] Phase: BattleResult → Reward
[GameManager] Phase: Reward → MapNavigation
[GameManager] MoveToNode: r4_l0 (phase=MapNavigation)
[GameManager] タイル起動: 戦闘 (r4_l0)
[GameManager] エンカウント: ゴブリン
[GameManager] Phase: MapNavigation → Combat
[GameManager] Phase: Combat → BattleResult
[GameManager] 戦闘結果: ゴブリン — 勝利 (5T) 残HP:27
[GameManager] Phase: BattleResult → Reward
[GameManager] Phase: Reward → MapNavigation
[GameManager] MoveToNode: r5_l0 (phase=MapNavigation)
[GameManager] タイル起動: イベント (r5_l0)
[GameManager] Phase: MapNavigation → EventEncounter
[GameManager] Phase: EventEncounter → MapNavigation
[GameManager] MoveToNode: r6_l0 (phase=MapNavigation)
[GameManager] タイル起動: 秘宝 (r6_l0)
[GameManager] 宝箱: ゴールド+7, 嵐の徽章
[GameManager] Phase: MapNavigation → TreasureOpen
[GameManager] Phase: TreasureOpen → MapNavigation
[GameManager] MoveToNode: r7_l0 (phase=MapNavigation)
[GameManager] タイル起動: イベント (r7_l0)
[GameManager] Phase: MapNavigation → EventEncounter
[GameManager] Phase: EventEncounter → MapNavigation
[GameManager] MoveToNode: r8_l0 (phase=MapNavigation)
[GameManager] タイル起動: 秘宝 (r8_l0)
[GameManager] 宝箱: ゴールド+5, 観察者の眼鏡
[GameManager] Phase: MapNavigation → TreasureOpen
[GameManager] Phase: TreasureOpen → MapNavigation
[GameManager] MoveToNode: r9_l0 (phase=MapNavigation)
[GameManager] タイル起動: 休憩 (r9_l0)
[GameManager] Phase: MapNavigation → RestStop
[GameManager] 休憩回復: +9HP (30%) (現在: 30/30)
[GameManager] Phase: RestStop → MapNavigation
[GameManager] MoveToNode: boss (phase=MapNavigation)
[GameManager] タイル起動: ボス (boss)
[GameManager] ボス 'boss_layer1' 未定義 — フロア1のプールから抽選
[GameManager] ボス戦: スライム
[GameManager] Phase: MapNavigation → Combat
[GameManager] Phase: Combat → BattleResult
[GameManager] 戦闘結果: スライム — 勝利 (2T) 残HP:30
[GameManager] Phase: BattleResult → Reward
[GameManager] Phase: Reward → FloorClear
[GameManager] フロア1クリア → 次へ
[GameManager] 層デバフ: MaxHP-5 → 25
[GameManager] Phase: FloorClear → FloorIntro
[GameManager] --- フロア 2 [嘆きの共鳴] ---
[GameManager] Phase: FloorIntro → MapNavigation
[GameManager] MoveToNode: r1_l2 (phase=MapNavigation)
[GameManager] タイル起動: 戦闘 (r1_l2)
[GameManager] エンカウント: ゴブリン
[GameManager] Phase: MapNavigation → Combat
[GameManager] Phase: Combat → BattleResult
[GameManager] 戦闘結果: ゴブリン — 勝利 (3T) 残HP:24
[GameManager] Phase: BattleResult → Reward
[GameManager] Phase: Reward → MapNavigation
[GameManager] MoveToNode: r2_l1 (phase=MapNavigation)
[GameManager] タイル起動: 激戦 (r2_l1)
[GameManager] エンカウント: スケルトン
[GameManager] Phase: MapNavigation → Combat
[GameManager] Phase: Combat → BattleResult
[GameManager] 戦闘結果: スケルトン — 勝利 (8T) 残HP:14
[GameManager] 激戦2戦目: コボルド
[GameManager] Phase: BattleResult → Combat
[GameManager] Phase: Combat → BattleResult
[GameManager] 戦闘結果: コボルド — 勝利 (1T) 残HP:14
[GameManager] Phase: BattleResult → Reward
[GameManager] Phase: Reward → MapNavigation
[GameManager] MoveToNode: r3_l0 (phase=MapNavigation)
[GameManager] タイル起動: ショップ (r3_l0)
[GameManager] EnterShop called
[GameManager] MapTransitionController.Instance = null
[GameManager] Phase: MapNavigation → ShopVisit
[GameManager] Phase: ShopVisit → MapNavigation
[GameManager] MoveToNode: r4_l0 (phase=MapNavigation)
[GameManager] タイル起動: 戦闘 (r4_l0)
[GameManager] エンカウント: スケルトン
[GameManager] Phase: MapNavigation → Combat
[GameManager] Phase: Combat → BattleResult
[GameManager] 戦闘結果: スケルトン — 勝利 (2T) 残HP:14
[GameManager] Phase: BattleResult → Reward
[GameManager] Phase: Reward → MapNavigation
[GameManager] MoveToNode: r5_l0 (phase=MapNavigation)
[GameManager] タイル起動: 激戦 (r5_l0)
[GameManager] エンカウント: スライム
[GameManager] Phase: MapNavigation → Combat
[GameManager] Phase: Combat → BattleResult
[GameManager] 戦闘結果: スライム — 勝利 (1T) 残HP:14
[GameManager] 激戦2戦目: スケルトン
[GameManager] Phase: BattleResult → Combat
[GameManager] Phase: Combat → BattleResult
[GameManager] 戦闘結果: スケルトン — 勝利 (6T) 残HP:11
[GameManager] Phase: BattleResult → Reward
[GameManager] Phase: Reward → MapNavigation
[GameManager] MoveToNode: r6_l0 (phase=MapNavigation)
[GameManager] タイル起動: ショップ (r6_l0)
[GameManager] EnterShop called
[GameManager] MapTransitionController.Instance = null
[GameManager] Phase: MapNavigation → ShopVisit
[GameManager] Phase: ShopVisit → MapNavigation
[GameManager] MoveToNode: r7_l1 (phase=MapNavigation)
[GameManager] タイル起動: ショップ (r7_l1)
[GameManager] EnterShop called
[GameManager] MapTransitionController.Instance = null
[GameManager] Phase: MapNavigation → ShopVisit
[GameManager] Phase: ShopVisit → MapNavigation
[GameManager] MoveToNode: r8_l1 (phase=MapNavigation)
[GameManager] タイル起動: 秘宝 (r8_l1)
[GameManager] 宝箱: ゴールド+10, 灯心の鈴
[GameManager] Phase: MapNavigation → TreasureOpen
[GameManager] Phase: TreasureOpen → MapNavigation
[GameManager] MoveToNode: r9_l1 (phase=MapNavigation)
[GameManager] タイル起動: 休憩 (r9_l1)
[GameManager] Phase: MapNavigation → RestStop
[GameManager] 休憩回復: +8HP (30%) (現在: 19/25)
[GameManager] Phase: RestStop → MapNavigation
[GameManager] MoveToNode: boss (phase=MapNavigation)
[GameManager] タイル起動: ボス (boss)
[GameManager] ボス戦: ゴブリン王
[GameManager] Phase: MapNavigation → Combat
[GameManager] Phase: Combat → BattleResult
[GameManager] 戦闘結果: ゴブリン王 — 勝利 (3T) 残HP:19
[GameManager] Phase: BattleResult → Reward
[GameManager] Phase: Reward → FloorClear
[GameManager] フロア2クリア → 次へ
[GameManager] Phase: FloorClear → FloorIntro
[GameManager] --- フロア 3 [瘴気侵蝕] ---
[GameManager] Phase: FloorIntro → MapNavigation
[GameManager] MoveToNode: r1_l2 (phase=MapNavigation)
[GameManager] タイル起動: ショップ (r1_l2)
[GameManager] EnterShop called
[GameManager] MapTransitionController.Instance = null
[GameManager] Phase: MapNavigation → ShopVisit
[GameManager] Phase: ShopVisit → MapNavigation
[GameManager] MoveToNode: r2_l2 (phase=MapNavigation)
[GameManager] タイル起動: 戦闘 (r2_l2)
[GameManager] エンカウント: ハーピィ
[GameManager] Phase: MapNavigation → Combat
[GameManager] Phase: Combat → BattleResult
[GameManager] 戦闘結果: ハーピィ — 勝利 (9T) 残HP:19
[GameManager] 層デバフ: 戦闘後2ダメージ (HP:17)
[GameManager] Phase: BattleResult → Reward
[GameManager] Phase: Reward → MapNavigation
[GameManager] MoveToNode: r3_l1 (phase=MapNavigation)
[GameManager] タイル起動: 戦闘 (r3_l1)
[GameManager] エンカウント: ダイアウルフ
[GameManager] Phase: MapNavigation → Combat
[GameManager] Phase: Combat → BattleResult
[GameManager] 戦闘結果: ダイアウルフ — 勝利 (2T) 残HP:17
[GameManager] 層デバフ: 戦闘後2ダメージ (HP:15)
[GameManager] Phase: BattleResult → Reward
[GameManager] Phase: Reward → MapNavigation
[GameManager] MoveToNode: r4_l1 (phase=MapNavigation)
[GameManager] タイル起動: ショップ (r4_l1)
[GameManager] EnterShop called
[GameManager] MapTransitionController.Instance = null
[GameManager] Phase: MapNavigation → ShopVisit
[GameManager] Phase: ShopVisit → MapNavigation
[GameManager] MoveToNode: r5_l1 (phase=MapNavigation)
[GameManager] タイル起動: 戦闘 (r5_l1)
[GameManager] エンカウント: ハーピィ
[GameManager] Phase: MapNavigation → Combat
[GameManager] Phase: Combat → BattleResult
[GameManager] 戦闘結果: ハーピィ — 勝利 (4T) 残HP:9
[GameManager] 層デバフ: 戦闘後2ダメージ (HP:7)
[GameManager] Phase: BattleResult → Reward
[GameManager] Phase: Reward → MapNavigation
[GameManager] MoveToNode: r6_l2 (phase=MapNavigation)
[GameManager] タイル起動: 戦闘 (r6_l2)
[GameManager] エンカウント: ハーピィ
[GameManager] Phase: MapNavigation → Combat
[GameManager] Phase: Combat → BattleResult
[GameManager] 戦闘結果: ハーピィ — 敗北 (7T) 残HP:0
[GameManager] 救済発動: マップへ戻る
[GameManager] Phase: BattleResult → MapNavigation
[AutoRunner] ラストスタンド発動 (Floor 3)
[GameManager] MoveToNode: r7_l2 (phase=MapNavigation)
[GameManager] タイル起動: 戦闘 (r7_l2)
[GameManager] エンカウント: ハーピィ
[GameManager] Phase: MapNavigation → Combat
[GameManager] Phase: Combat → BattleResult
[GameManager] 戦闘結果: ハーピィ — 勝利 (3T) 残HP:1
[GameManager] 層デバフ: 戦闘後2ダメージ (HP:1)
[GameManager] Phase: BattleResult → Reward
[GameManager] Phase: Reward → MapNavigation
[GameManager] MoveToNode: r8_l2 (phase=MapNavigation)
[GameManager] タイル起動: 秘宝 (r8_l2)
[GameManager] 宝箱: ゴールド+0, 革の胸当て
[GameManager] Phase: MapNavigation → TreasureOpen
[GameManager] Phase: TreasureOpen → MapNavigation
[GameManager] MoveToNode: r9_l2 (phase=MapNavigation)
[GameManager] タイル起動: 休憩 (r9_l2)
[GameManager] Phase: MapNavigation → RestStop
[GameManager] 休憩回復: +1HP (50%) (現在: 1/1)
[GameManager] Phase: RestStop → MapNavigation
[GameManager] MoveToNode: boss (phase=MapNavigation)
[GameManager] タイル起動: ボス (boss)
[GameManager] ボス戦: 凍れる吟遊詩人
[GameManager] Phase: MapNavigation → Combat
[GameManager] Phase: Combat → BattleResult
[GameManager] 戦闘結果: 凍れる吟遊詩人 — 敗北 (5T) 残HP:0
[GameManager] Phase: BattleResult → GameOver
[AutoRunner] === RUN 0 終了: R4 (3Fで死亡) — 敗北 cause=CombatLoss ===

########## RUN 1  [R3 2Fボスで死亡]  敗北 cause=CombatLoss
# reached F2 HP 0/1 coins 42 combats 7/9 LS=True
[GameManager] Phase: GameOver → Title
[GameManager] Phase: Title → RunStart
[GameManager] === ラン開始 === HP:30
[GameManager] Phase: RunStart → FloorIntro
[GameManager] --- フロア 1 [残光の加護] ---
[GameManager] Phase: FloorIntro → MapNavigation
[GameManager] MoveToNode: r1_l2 (phase=MapNavigation)
[GameManager] タイル起動: 秘宝 (r1_l2)
[GameManager] 宝箱: ゴールド+6, 観察者の眼鏡
[GameManager] Phase: MapNavigation → TreasureOpen
[GameManager] Phase: TreasureOpen → MapNavigation
[GameManager] MoveToNode: r2_l2 (phase=MapNavigation)
[GameManager] タイル起動: イベント (r2_l2)
[GameManager] Phase: MapNavigation → EventEncounter
[GameManager] Phase: EventEncounter → MapNavigation
[GameManager] MoveToNode: r3_l2 (phase=MapNavigation)
[GameManager] タイル起動: 戦闘 (r3_l2)
[GameManager] エンカウント: ゴブリン
[GameManager] Phase: MapNavigation → Combat
[GameManager] Phase: Combat → BattleResult
[GameManager] 戦闘結果: ゴブリン — 勝利 (2T) 残HP:30
[GameManager] Phase: BattleResult → Reward
[GameManager] Phase: Reward → MapNavigation
[GameManager] MoveToNode: r4_l1 (phase=MapNavigation)
[GameManager] タイル起動: 戦闘 (r4_l1)
[GameManager] エンカウント: ゴブリン
[GameManager] Phase: MapNavigation → Combat
[GameManager] Phase: Combat → BattleResult
[GameManager] 戦闘結果: ゴブリン — 勝利 (2T) 残HP:30
[GameManager] Phase: BattleResult → Reward
[GameManager] Phase: Reward → MapNavigation
[GameManager] MoveToNode: r5_l1 (phase=MapNavigation)
[GameManager] タイル起動: イベント (r5_l1)
[GameManager] Phase: MapNavigation → EventEncounter
[GameManager] Phase: EventEncounter → MapNavigation
[GameManager] MoveToNode: r6_l1 (phase=MapNavigation)
[GameManager] タイル起動: イベント (r6_l1)
[GameManager] Phase: MapNavigation → EventEncounter
[GameManager] Phase: EventEncounter → MapNavigation
[GameManager] MoveToNode: r7_l1 (phase=MapNavigation)
[GameManager] タイル起動: ショップ (r7_l1)
[GameManager] EnterShop called
[GameManager] MapTransitionController.Instance = null
[GameManager] Phase: MapNavigation → ShopVisit
[GameManager] Phase: ShopVisit → MapNavigation
[GameManager] MoveToNode: r8_l1 (phase=MapNavigation)
[GameManager] タイル起動: 秘宝 (r8_l1)
[GameManager] 宝箱: ゴールド+3, 安らぎの靴
[GameManager] Phase: MapNavigation → TreasureOpen
[GameManager] Phase: TreasureOpen → MapNavigation
[GameManager] MoveToNode: r9_l1 (phase=MapNavigation)
[GameManager] タイル起動: 休憩 (r9_l1)
[GameManager] Phase: MapNavigation → RestStop
[GameManager] 休憩回復: +9HP (30%) (現在: 30/30)
[GameManager] Phase: RestStop → MapNavigation
[GameManager] MoveToNode: boss (phase=MapNavigation)
[GameManager] タイル起動: ボス (boss)
[GameManager] ボス 'boss_layer1' 未定義 — フロア1のプールから抽選
[GameManager] ボス戦: スライム
[GameManager] Phase: MapNavigation → Combat
[GameManager] Phase: Combat → BattleResult
[GameManager] 戦闘結果: スライム — 勝利 (1T) 残HP:30
[GameManager] Phase: BattleResult → Reward
[GameManager] Phase: Reward → FloorClear
[GameManager] フロア1クリア → 次へ
[GameManager] 層デバフ: MaxHP-5 → 25
[GameManager] Phase: FloorClear → FloorIntro
[GameManager] --- フロア 2 [嘆きの共鳴] ---
[GameManager] Phase: FloorIntro → MapNavigation
[GameManager] MoveToNode: r1_l0 (phase=MapNavigation)
[GameManager] タイル起動: 戦闘 (r1_l0)
[GameManager] エンカウント: スケルトン
[GameManager] Phase: MapNavigation → Combat
[GameManager] Phase: Combat → BattleResult
[GameManager] 戦闘結果: スケルトン — 勝利 (1T) 残HP:25
[GameManager] Phase: BattleResult → Reward
[GameManager] Phase: Reward → MapNavigation
[GameManager] MoveToNode: r2_l0 (phase=MapNavigation)
[GameManager] タイル起動: 戦闘 (r2_l0)
[GameManager] エンカウント: ゴブリン
[GameManager] Phase: MapNavigation → Combat
[GameManager] Phase: Combat → BattleResult
[GameManager] 戦闘結果: ゴブリン — 勝利 (1T) 残HP:25
[GameManager] Phase: BattleResult → Reward
[GameManager] Phase: Reward → MapNavigation
[GameManager] MoveToNode: r3_l0 (phase=MapNavigation)
[GameManager] タイル起動: ショップ (r3_l0)
[GameManager] EnterShop called
[GameManager] MapTransitionController.Instance = null
[GameManager] Phase: MapNavigation → ShopVisit
[GameManager] Phase: ShopVisit → MapNavigation
[GameManager] MoveToNode: r4_l0 (phase=MapNavigation)
[GameManager] タイル起動: イベント (r4_l0)
[GameManager] Phase: MapNavigation → EventEncounter
[GameManager] Phase: EventEncounter → MapNavigation
[GameManager] MoveToNode: r5_l0 (phase=MapNavigation)
[GameManager] タイル起動: 戦闘 (r5_l0)
[GameManager] エンカウント: ダイアウルフ
[GameManager] Phase: MapNavigation → Combat
[GameManager] Phase: Combat → BattleResult
[GameManager] 戦闘結果: ダイアウルフ — 敗北 (1T) 残HP:0
[GameManager] 救済発動: マップへ戻る
[GameManager] Phase: BattleResult → MapNavigation
[AutoRunner] ラストスタンド発動 (Floor 2)
[GameManager] MoveToNode: r6_l1 (phase=MapNavigation)
[GameManager] タイル起動: 戦闘 (r6_l1)
[GameManager] エンカウント: ゴブリン
[GameManager] Phase: MapNavigation → Combat
[GameManager] Phase: Combat → BattleResult
[GameManager] 戦闘結果: ゴブリン — 勝利 (2T) 残HP:1
[GameManager] Phase: BattleResult → Reward
[GameManager] Phase: Reward → MapNavigation
[GameManager] MoveToNode: r7_l0 (phase=MapNavigation)
[GameManager] タイル起動: 戦闘 (r7_l0)
[GameManager] エンカウント: コボルド
[GameManager] Phase: MapNavigation → Combat
[GameManager] Phase: Combat → BattleResult
[GameManager] 戦闘結果: コボルド — 勝利 (3T) 残HP:1
[GameManager] Phase: BattleResult → Reward
[GameManager] Phase: Reward → MapNavigation
[GameManager] MoveToNode: r8_l0 (phase=MapNavigation)
[GameManager] タイル起動: 秘宝 (r8_l0)
[GameManager] 宝箱: ゴールド+0, 革の手甲
[GameManager] Phase: MapNavigation → TreasureOpen
[GameManager] Phase: TreasureOpen → MapNavigation
[GameManager] MoveToNode: r9_l0 (phase=MapNavigation)
[GameManager] タイル起動: 休憩 (r9_l0)
[GameManager] Phase: MapNavigation → RestStop
[GameManager] 休憩回復: +1HP (30%) (現在: 1/1)
[GameManager] Phase: RestStop → MapNavigation
[GameManager] MoveToNode: boss (phase=MapNavigation)
[GameManager] タイル起動: ボス (boss)
[GameManager] ボス戦: ゴブリン王
[GameManager] Phase: MapNavigation → Combat
[GameManager] Phase: Combat → BattleResult
[GameManager] 戦闘結果: ゴブリン王 — 敗北 (1T) 残HP:0
[GameManager] Phase: BattleResult → GameOver
[AutoRunner] === RUN 1 終了: R3 (2Fボスで死亡) — 敗北 cause=CombatLoss ===

########## RUN 2  [R5 4Fで死亡]  敗北 cause=Starvation
# reached F4 HP 0/1 coins 67 combats 17/18 LS=True
[GameManager] Phase: GameOver → Title
[GameManager] Phase: Title → RunStart
[GameManager] === ラン開始 === HP:30
[GameManager] Phase: RunStart → FloorIntro
[GameManager] --- フロア 1 [残光の加護] ---
[GameManager] Phase: FloorIntro → MapNavigation
[GameManager] MoveToNode: r1_l1 (phase=MapNavigation)
[GameManager] タイル起動: 戦闘 (r1_l1)
[GameManager] エンカウント: ゴブリン
[GameManager] Phase: MapNavigation → Combat
[GameManager] Phase: Combat → BattleResult
[GameManager] 戦闘結果: ゴブリン — 勝利 (3T) 残HP:30
[GameManager] Phase: BattleResult → Reward
[GameManager] Phase: Reward → MapNavigation
[GameManager] MoveToNode: r2_l0 (phase=MapNavigation)
[GameManager] タイル起動: 罠 (r2_l0)
[GameManager] Phase: MapNavigation → TrapTriggered
[GameManager] Phase: TrapTriggered → MapNavigation
[GameManager] MoveToNode: r3_l0 (phase=MapNavigation)
[GameManager] タイル起動: イベント (r3_l0)
[GameManager] Phase: MapNavigation → EventEncounter
[GameManager] Phase: EventEncounter → MapNavigation
[GameManager] MoveToNode: r4_l0 (phase=MapNavigation)
[GameManager] タイル起動: イベント (r4_l0)
[GameManager] Phase: MapNavigation → EventEncounter
[GameManager] Phase: EventEncounter → MapNavigation
[GameManager] MoveToNode: r5_l0 (phase=MapNavigation)
[GameManager] タイル起動: 罠 (r5_l0)
[GameManager] Phase: MapNavigation → TrapTriggered
[GameManager] Phase: TrapTriggered → MapNavigation
[GameManager] MoveToNode: r6_l1 (phase=MapNavigation)
[GameManager] タイル起動: ショップ (r6_l1)
[GameManager] EnterShop called
[GameManager] MapTransitionController.Instance = null
[GameManager] Phase: MapNavigation → ShopVisit
[GameManager] Phase: ShopVisit → MapNavigation
[GameManager] MoveToNode: r7_l1 (phase=MapNavigation)
[GameManager] タイル起動: ショップ (r7_l1)
[GameManager] EnterShop called
[GameManager] MapTransitionController.Instance = null
[GameManager] Phase: MapNavigation → ShopVisit
[GameManager] Phase: ShopVisit → MapNavigation
[GameManager] MoveToNode: r8_l1 (phase=MapNavigation)
[GameManager] タイル起動: 秘宝 (r8_l1)
[GameManager] 宝箱: ゴールド+7, 癒しの靴
[GameManager] Phase: MapNavigation → TreasureOpen
[GameManager] Phase: TreasureOpen → MapNavigation
[GameManager] MoveToNode: r9_l1 (phase=MapNavigation)
[GameManager] タイル起動: 休憩 (r9_l1)
[GameManager] Phase: MapNavigation → RestStop
[GameManager] 休憩回復: +9HP (30%) (現在: 30/30)
[GameManager] Phase: RestStop → MapNavigation
[GameManager] MoveToNode: boss (phase=MapNavigation)
[GameManager] タイル起動: ボス (boss)
[GameManager] ボス 'boss_layer1' 未定義 — フロア1のプールから抽選
[GameManager] ボス戦: スライム
[GameManager] Phase: MapNavigation → Combat
[GameManager] Phase: Combat → BattleResult
[GameManager] 戦闘結果: スライム — 勝利 (2T) 残HP:30
[GameManager] Phase: BattleResult → Reward
[GameManager] Phase: Reward → FloorClear
[GameManager] フロア1クリア → 次へ
[GameManager] 層デバフ: MaxHP-5 → 25
[GameManager] Phase: FloorClear → FloorIntro
[GameManager] --- フロア 2 [嘆きの共鳴] ---
[GameManager] Phase: FloorIntro → MapNavigation
[GameManager] MoveToNode: r1_l2 (phase=MapNavigation)
[GameManager] タイル起動: 戦闘 (r1_l2)
[GameManager] エンカウント: スケルトン
[GameManager] Phase: MapNavigation → Combat
[GameManager] Phase: Combat → BattleResult
[GameManager] 戦闘結果: スケルトン — 勝利 (15T) 残HP:21
[GameManager] Phase: BattleResult → Reward
[GameManager] Phase: Reward → MapNavigation
[GameManager] MoveToNode: r2_l2 (phase=MapNavigation)
[GameManager] タイル起動: ショップ (r2_l2)
[GameManager] EnterShop called
[GameManager] MapTransitionController.Instance = null
[GameManager] Phase: MapNavigation → ShopVisit
[GameManager] Phase: ShopVisit → MapNavigation
[GameManager] MoveToNode: r3_l2 (phase=MapNavigation)
[GameManager] タイル起動: ショップ (r3_l2)
[GameManager] EnterShop called
[GameManager] MapTransitionController.Instance = null
[GameManager] Phase: MapNavigation → ShopVisit
[GameManager] Phase: ShopVisit → MapNavigation
[GameManager] MoveToNode: r4_l1 (phase=MapNavigation)
[GameManager] タイル起動: 激戦 (r4_l1)
[GameManager] エンカウント: スケルトン
[GameManager] Phase: MapNavigation → Combat
[GameManager] Phase: Combat → BattleResult
[GameManager] 戦闘結果: スケルトン — 勝利 (8T) 残HP:20
[GameManager] 激戦2戦目: スライム
[GameManager] Phase: BattleResult → Combat
[GameManager] Phase: Combat → BattleResult
[GameManager] 戦闘結果: スライム — 勝利 (3T) 残HP:20
[GameManager] Phase: BattleResult → Reward
[GameManager] Phase: Reward → MapNavigation
[GameManager] MoveToNode: r5_l1 (phase=MapNavigation)
[GameManager] タイル起動: 罠 (r5_l1)
[GameManager] Phase: MapNavigation → TrapTriggered
[GameManager] Phase: TrapTriggered → MapNavigation
[GameManager] MoveToNode: r6_l1 (phase=MapNavigation)
[GameManager] タイル起動: 戦闘 (r6_l1)
[GameManager] エンカウント: ゴブリン
[GameManager] Phase: MapNavigation → Combat
[GameManager] Phase: Combat → BattleResult
[GameManager] 戦闘結果: ゴブリン — 勝利 (4T) 残HP:22
[GameManager] Phase: BattleResult → Reward
[GameManager] Phase: Reward → MapNavigation
[GameManager] MoveToNode: r7_l1 (phase=MapNavigation)
[GameManager] タイル起動: 戦闘 (r7_l1)
[GameManager] エンカウント: ダイアウルフ
[GameManager] Phase: MapNavigation → Combat
[GameManager] Phase: Combat → BattleResult
[GameManager] 戦闘結果: ダイアウルフ — 勝利 (3T) 残HP:25
[GameManager] Phase: BattleResult → Reward
[GameManager] Phase: Reward → MapNavigation
[GameManager] MoveToNode: r8_l1 (phase=MapNavigation)
[GameManager] タイル起動: 秘宝 (r8_l1)
[GameManager] 宝箱: ゴールド+4, 黄金の天秤
[GameManager] Phase: MapNavigation → TreasureOpen
[GameManager] Phase: TreasureOpen → MapNavigation
[GameManager] MoveToNode: r9_l1 (phase=MapNavigation)
[GameManager] タイル起動: 休憩 (r9_l1)
[GameManager] Phase: MapNavigation → RestStop
[GameManager] 休憩回復: +8HP (30%) (現在: 25/25)
[GameManager] Phase: RestStop → MapNavigation
[GameManager] MoveToNode: boss (phase=MapNavigation)
[GameManager] タイル起動: ボス (boss)
[GameManager] ボス戦: ゴブリン王
[GameManager] Phase: MapNavigation → Combat
[GameManager] Phase: Combat → BattleResult
[GameManager] 戦闘結果: ゴブリン王 — 勝利 (14T) 残HP:18
[GameManager] Phase: BattleResult → Reward
[GameManager] Phase: Reward → FloorClear
[GameManager] フロア2クリア → 次へ
[GameManager] Phase: FloorClear → FloorIntro
[GameManager] --- フロア 3 [瘴気侵蝕] ---
[GameManager] Phase: FloorIntro → MapNavigation
[GameManager] MoveToNode: r1_l0 (phase=MapNavigation)
[GameManager] タイル起動: 戦闘 (r1_l0)
[GameManager] エンカウント: ゴブリン王
[GameManager] Phase: MapNavigation → Combat
[GameManager] Phase: Combat → BattleResult
[GameManager] 戦闘結果: ゴブリン王 — 勝利 (9T) 残HP:24
[GameManager] 層デバフ: 戦闘後2ダメージ (HP:22)
[GameManager] Phase: BattleResult → Reward
[GameManager] Phase: Reward → MapNavigation
[GameManager] MoveToNode: r2_l0 (phase=MapNavigation)
[GameManager] タイル起動: 激戦 (r2_l0)
[GameManager] エンカウント: オーク
[GameManager] Phase: MapNavigation → Combat
[GameManager] Phase: Combat → BattleResult
[GameManager] 戦闘結果: オーク — 勝利 (13T) 残HP:16
[GameManager] 層デバフ: 戦闘後2ダメージ (HP:14)
[GameManager] 激戦2戦目: スライム
[GameManager] Phase: BattleResult → Combat
[GameManager] Phase: Combat → BattleResult
[GameManager] 戦闘結果: スライム — 勝利 (3T) 残HP:14
[GameManager] 層デバフ: 戦闘後2ダメージ (HP:12)
[GameManager] Phase: BattleResult → Reward
[GameManager] Phase: Reward → MapNavigation
[GameManager] MoveToNode: r3_l0 (phase=MapNavigation)
[GameManager] タイル起動: 激戦 (r3_l0)
[GameManager] エンカウント: 13番目の死
[GameManager] Phase: MapNavigation → Combat
[GameManager] Phase: Combat → BattleResult
[GameManager] 戦闘結果: 13番目の死 — 勝利 (2T) 残HP:15
[GameManager] 層デバフ: 戦闘後2ダメージ (HP:13)
[GameManager] 激戦2戦目: 凍れる吟遊詩人
[GameManager] Phase: BattleResult → Combat
[GameManager] Phase: Combat → BattleResult
[GameManager] 戦闘結果: 凍れる吟遊詩人 — 勝利 (10T) 残HP:13
[GameManager] 層デバフ: 戦闘後2ダメージ (HP:11)
[GameManager] Phase: BattleResult → Reward
[GameManager] Phase: Reward → MapNavigation
[GameManager] MoveToNode: r4_l0 (phase=MapNavigation)
[GameManager] タイル起動: 秘宝 (r4_l0)
[GameManager] 宝箱: ゴールド+6, 投げ短剣の鞘
[GameManager] Phase: MapNavigation → TreasureOpen
[GameManager] Phase: TreasureOpen → MapNavigation
[GameManager] MoveToNode: r5_l1 (phase=MapNavigation)
[GameManager] タイル起動: ショップ (r5_l1)
[GameManager] EnterShop called
[GameManager] MapTransitionController.Instance = null
[GameManager] Phase: MapNavigation → ShopVisit
[GameManager] Phase: ShopVisit → MapNavigation
[GameManager] MoveToNode: r6_l1 (phase=MapNavigation)
[GameManager] タイル起動: 戦闘 (r6_l1)
[GameManager] エンカウント: ゴブリン
[GameManager] Phase: MapNavigation → Combat
[GameManager] Phase: Combat → BattleResult
[GameManager] 戦闘結果: ゴブリン — 勝利 (3T) 残HP:20
[GameManager] 層デバフ: 戦闘後2ダメージ (HP:18)
[GameManager] Phase: BattleResult → Reward
[GameManager] Phase: Reward → MapNavigation
[GameManager] MoveToNode: r7_l1 (phase=MapNavigation)
[GameManager] タイル起動: 秘宝 (r7_l1)
[GameManager] 宝箱: ゴールド+15, 宝石のダイス
[GameManager] Phase: MapNavigation → TreasureOpen
[GameManager] Phase: TreasureOpen → MapNavigation
[GameManager] MoveToNode: r8_l1 (phase=MapNavigation)
[GameManager] タイル起動: 秘宝 (r8_l1)
[GameManager] 宝箱: ゴールド+9, 千手の戦刃
[GameManager] Phase: MapNavigation → TreasureOpen
[GameManager] Phase: TreasureOpen → MapNavigation
[GameManager] MoveToNode: r9_l1 (phase=MapNavigation)
[GameManager] タイル起動: 休憩 (r9_l1)
[GameManager] Phase: MapNavigation → RestStop
[GameManager] 休憩回復: +13HP (50%) (現在: 25/25)
[GameManager] Phase: RestStop → MapNavigation
[GameManager] MoveToNode: boss (phase=MapNavigation)
[GameManager] タイル起動: ボス (boss)
[GameManager] ボス戦: 凍れる吟遊詩人
[GameManager] Phase: MapNavigation → Combat
[GameManager] Phase: Combat → BattleResult
[GameManager] 戦闘結果: 凍れる吟遊詩人 — 勝利 (4T) 残HP:20
[GameManager] 層デバフ: 戦闘後2ダメージ (HP:18)
[GameManager] Phase: BattleResult → Reward
[GameManager] Phase: Reward → FloorClear
[GameManager] フロア3クリア → 次へ
[GameManager] Phase: FloorClear → FloorIntro
[GameManager] --- フロア 4 [煉獄の刻印] ---
[GameManager] Phase: FloorIntro → MapNavigation
[GameManager] MoveToNode: r1_l1 (phase=MapNavigation)
[GameManager] タイル起動: 戦闘 (r1_l1)
[GameManager] エンカウント: オーク
[GameManager] Phase: MapNavigation → Combat
[GameManager] Phase: Combat → BattleResult
[GameManager] 戦闘結果: オーク — 勝利 (8T) 残HP:25
[GameManager] Phase: BattleResult → Reward
[GameManager] Phase: Reward → MapNavigation
[GameManager] MoveToNode: r2_l1 (phase=MapNavigation)
[GameManager] タイル起動: 戦闘 (r2_l1)
[GameManager] エンカウント: 鏡の双子
[GameManager] Phase: MapNavigation → Combat
[GameManager] Phase: Combat → BattleResult
[GameManager] 戦闘結果: 鏡の双子 — 敗北 (3T) 残HP:0
[GameManager] 救済発動: マップへ戻る
[GameManager] Phase: BattleResult → MapNavigation
[AutoRunner] ラストスタンド発動 (Floor 4)
[GameManager] MoveToNode: r3_l1 (phase=MapNavigation)
[GameManager] タイル起動: ショップ (r3_l1)
[GameManager] EnterShop called
[GameManager] MapTransitionController.Instance = null
[GameManager] Phase: MapNavigation → ShopVisit
[GameManager] Phase: ShopVisit → MapNavigation
[GameManager] MoveToNode: r4_l1 (phase=MapNavigation)
[GameManager] タイル起動: 罠 (r4_l1)
[AutoRunner] === RUN 2 終了: R5 (4Fで死亡) — 敗北 cause=Starvation ===

########## RUN 3  [R5 4Fで死亡]  敗北 cause=Starvation
# reached F4 HP 0/1 coins 64 combats 16/17 LS=True
[GameManager] Phase: GameOver → Title
[GameManager] Phase: Title → RunStart
[GameManager] === ラン開始 === HP:30
[GameManager] Phase: RunStart → FloorIntro
[GameManager] --- フロア 1 [残光の加護] ---
[GameManager] Phase: FloorIntro → MapNavigation
[GameManager] MoveToNode: r1_l2 (phase=MapNavigation)
[GameManager] タイル起動: 戦闘 (r1_l2)
[GameManager] エンカウント: スライム
[GameManager] Phase: MapNavigation → Combat
[GameManager] Phase: Combat → BattleResult
[GameManager] 戦闘結果: スライム — 勝利 (1T) 残HP:30
[GameManager] Phase: BattleResult → Reward
[GameManager] Phase: Reward → MapNavigation
[GameManager] MoveToNode: r2_l2 (phase=MapNavigation)
[GameManager] タイル起動: ショップ (r2_l2)
[GameManager] EnterShop called
[GameManager] MapTransitionController.Instance = null
[GameManager] Phase: MapNavigation → ShopVisit
[GameManager] Phase: ShopVisit → MapNavigation
[GameManager] MoveToNode: r3_l2 (phase=MapNavigation)
[GameManager] タイル起動: ショップ (r3_l2)
[GameManager] EnterShop called
[GameManager] MapTransitionController.Instance = null
[GameManager] Phase: MapNavigation → ShopVisit
[GameManager] Phase: ShopVisit → MapNavigation
[GameManager] MoveToNode: r4_l1 (phase=MapNavigation)
[GameManager] タイル起動: 戦闘 (r4_l1)
[GameManager] エンカウント: ゴブリン
[GameManager] Phase: MapNavigation → Combat
[GameManager] Phase: Combat → BattleResult
[GameManager] 戦闘結果: ゴブリン — 勝利 (2T) 残HP:30
[GameManager] Phase: BattleResult → Reward
[GameManager] Phase: Reward → MapNavigation
[GameManager] MoveToNode: r5_l1 (phase=MapNavigation)
[GameManager] タイル起動: イベント (r5_l1)
[GameManager] Phase: MapNavigation → EventEncounter
[GameManager] Phase: EventEncounter → MapNavigation
[GameManager] MoveToNode: r6_l0 (phase=MapNavigation)
[GameManager] タイル起動: 戦闘 (r6_l0)
[GameManager] エンカウント: スライム
[GameManager] Phase: MapNavigation → Combat
[GameManager] Phase: Combat → BattleResult
[GameManager] 戦闘結果: スライム — 勝利 (1T) 残HP:30
[GameManager] Phase: BattleResult → Reward
[GameManager] Phase: Reward → MapNavigation
[GameManager] MoveToNode: r7_l0 (phase=MapNavigation)
[GameManager] タイル起動: 戦闘 (r7_l0)
[GameManager] エンカウント: スライム
[GameManager] Phase: MapNavigation → Combat
[GameManager] Phase: Combat → BattleResult
[GameManager] 戦闘結果: スライム — 勝利 (2T) 残HP:30
[GameManager] Phase: BattleResult → Reward
[GameManager] Phase: Reward → MapNavigation
[GameManager] MoveToNode: r8_l0 (phase=MapNavigation)
[GameManager] タイル起動: 秘宝 (r8_l0)
[GameManager] 宝箱: ゴールド+7, 灯心の鈴
[GameManager] Phase: MapNavigation → TreasureOpen
[GameManager] Phase: TreasureOpen → MapNavigation
[GameManager] MoveToNode: r9_l0 (phase=MapNavigation)
[GameManager] タイル起動: 休憩 (r9_l0)
[GameManager] Phase: MapNavigation → RestStop
[GameManager] 休憩回復: +9HP (30%) (現在: 30/30)
[GameManager] Phase: RestStop → MapNavigation
[GameManager] MoveToNode: boss (phase=MapNavigation)
[GameManager] タイル起動: ボス (boss)
[GameManager] ボス 'boss_layer1' 未定義 — フロア1のプールから抽選
[GameManager] ボス戦: ゴブリン
[GameManager] Phase: MapNavigation → Combat
[GameManager] Phase: Combat → BattleResult
[GameManager] 戦闘結果: ゴブリン — 勝利 (4T) 残HP:28
[GameManager] Phase: BattleResult → Reward
[GameManager] Phase: Reward → FloorClear
[GameManager] フロア1クリア → 次へ
[GameManager] 層デバフ: MaxHP-5 → 25
[GameManager] Phase: FloorClear → FloorIntro
[GameManager] --- フロア 2 [嘆きの共鳴] ---
[GameManager] Phase: FloorIntro → MapNavigation
[GameManager] MoveToNode: r1_l1 (phase=MapNavigation)
[GameManager] タイル起動: 戦闘 (r1_l1)
[GameManager] エンカウント: スケルトン
[GameManager] Phase: MapNavigation → Combat
[GameManager] Phase: Combat → BattleResult
[GameManager] 戦闘結果: スケルトン — 勝利 (7T) 残HP:24
[GameManager] Phase: BattleResult → Reward
[GameManager] Phase: Reward → MapNavigation
[GameManager] MoveToNode: r2_l2 (phase=MapNavigation)
[GameManager] タイル起動: 戦闘 (r2_l2)
[GameManager] エンカウント: スケルトン
[GameManager] Phase: MapNavigation → Combat
[GameManager] Phase: Combat → BattleResult
[GameManager] 戦闘結果: スケルトン — 勝利 (7T) 残HP:22
[GameManager] Phase: BattleResult → Reward
[GameManager] Phase: Reward → MapNavigation
[GameManager] MoveToNode: r3_l2 (phase=MapNavigation)
[GameManager] タイル起動: イベント (r3_l2)
[GameManager] Phase: MapNavigation → EventEncounter
[GameManager] Phase: EventEncounter → MapNavigation
[GameManager] MoveToNode: r4_l2 (phase=MapNavigation)
[GameManager] タイル起動: ショップ (r4_l2)
[GameManager] EnterShop called
[GameManager] MapTransitionController.Instance = null
[GameManager] Phase: MapNavigation → ShopVisit
[GameManager] Phase: ShopVisit → MapNavigation
[GameManager] MoveToNode: r5_l2 (phase=MapNavigation)
[GameManager] タイル起動: 戦闘 (r5_l2)
[GameManager] エンカウント: コボルド
[GameManager] Phase: MapNavigation → Combat
[GameManager] Phase: Combat → BattleResult
[GameManager] 戦闘結果: コボルド — 勝利 (2T) 残HP:22
[GameManager] Phase: BattleResult → Reward
[GameManager] Phase: Reward → MapNavigation
[GameManager] MoveToNode: r6_l2 (phase=MapNavigation)
[GameManager] タイル起動: ショップ (r6_l2)
[GameManager] EnterShop called
[GameManager] MapTransitionController.Instance = null
[GameManager] Phase: MapNavigation → ShopVisit
[GameManager] Phase: ShopVisit → MapNavigation
[GameManager] MoveToNode: r7_l2 (phase=MapNavigation)
[GameManager] タイル起動: 戦闘 (r7_l2)
[GameManager] エンカウント: ダイアウルフ
[GameManager] Phase: MapNavigation → Combat
[GameManager] Phase: Combat → BattleResult
[GameManager] 戦闘結果: ダイアウルフ — 勝利 (3T) 残HP:20
[GameManager] Phase: BattleResult → Reward
[GameManager] Phase: Reward → MapNavigation
[GameManager] MoveToNode: r8_l2 (phase=MapNavigation)
[GameManager] タイル起動: 秘宝 (r8_l2)
[GameManager] 宝箱: ゴールド+14, 苦難の刻印
[GameManager] Phase: MapNavigation → TreasureOpen
[GameManager] Phase: TreasureOpen → MapNavigation
[GameManager] MoveToNode: r9_l2 (phase=MapNavigation)
[GameManager] タイル起動: 休憩 (r9_l2)
[GameManager] Phase: MapNavigation → RestStop
[GameManager] 休憩回復: +8HP (30%) (現在: 25/25)
[GameManager] Phase: RestStop → MapNavigation
[GameManager] MoveToNode: boss (phase=MapNavigation)
[GameManager] タイル起動: ボス (boss)
[GameManager] ボス戦: ゴブリン王
[GameManager] Phase: MapNavigation → Combat
[GameManager] Phase: Combat → BattleResult
[GameManager] 戦闘結果: ゴブリン王 — 勝利 (8T) 残HP:24
[GameManager] Phase: BattleResult → Reward
[GameManager] Phase: Reward → FloorClear
[GameManager] フロア2クリア → 次へ
[GameManager] Phase: FloorClear → FloorIntro
[GameManager] --- フロア 3 [瘴気侵蝕] ---
[GameManager] Phase: FloorIntro → MapNavigation
[GameManager] MoveToNode: r1_l1 (phase=MapNavigation)
[GameManager] タイル起動: 戦闘 (r1_l1)
[GameManager] エンカウント: オーク
[GameManager] Phase: MapNavigation → Combat
[GameManager] Phase: Combat → BattleResult
[GameManager] 戦闘結果: オーク — 勝利 (7T) 残HP:12
[GameManager] 層デバフ: 戦闘後2ダメージ (HP:10)
[GameManager] Phase: BattleResult → Reward
[GameManager] Phase: Reward → MapNavigation
[GameManager] MoveToNode: r2_l1 (phase=MapNavigation)
[GameManager] タイル起動: イベント (r2_l1)
[GameManager] Phase: MapNavigation → EventEncounter
[GameManager] Phase: EventEncounter → MapNavigation
[GameManager] MoveToNode: r3_l1 (phase=MapNavigation)
[GameManager] タイル起動: イベント (r3_l1)
[GameManager] Phase: MapNavigation → EventEncounter
[GameManager] Phase: EventEncounter → MapNavigation
[GameManager] MoveToNode: r4_l2 (phase=MapNavigation)
[GameManager] タイル起動: イベント (r4_l2)
[GameManager] Phase: MapNavigation → EventEncounter
[GameManager] Phase: EventEncounter → MapNavigation
[GameManager] MoveToNode: r5_l1 (phase=MapNavigation)
[GameManager] タイル起動: イベント (r5_l1)
[GameManager] Phase: MapNavigation → EventEncounter
[GameManager] Phase: EventEncounter → MapNavigation
[GameManager] MoveToNode: r6_l2 (phase=MapNavigation)
[GameManager] タイル起動: 戦闘 (r6_l2)
[GameManager] エンカウント: ゴブリン
[GameManager] Phase: MapNavigation → Combat
[GameManager] Phase: Combat → BattleResult
[GameManager] 戦闘結果: ゴブリン — 勝利 (1T) 残HP:10
[GameManager] 層デバフ: 戦闘後2ダメージ (HP:8)
[GameManager] Phase: BattleResult → Reward
[GameManager] Phase: Reward → MapNavigation
[GameManager] MoveToNode: r7_l2 (phase=MapNavigation)
[GameManager] タイル起動: ショップ (r7_l2)
[GameManager] EnterShop called
[GameManager] MapTransitionController.Instance = null
[GameManager] Phase: MapNavigation → ShopVisit
[GameManager] Phase: ShopVisit → MapNavigation
[GameManager] MoveToNode: r8_l2 (phase=MapNavigation)
[GameManager] タイル起動: 秘宝 (r8_l2)
[GameManager] 宝箱: ゴールド+9, 連刃の篭手
[GameManager] Phase: MapNavigation → TreasureOpen
[GameManager] Phase: TreasureOpen → MapNavigation
[GameManager] MoveToNode: r9_l2 (phase=MapNavigation)
[GameManager] タイル起動: 休憩 (r9_l2)
[GameManager] Phase: MapNavigation → RestStop
[GameManager] 休憩回復: +13HP (50%) (現在: 21/25)
[GameManager] Phase: RestStop → MapNavigation
[GameManager] MoveToNode: boss (phase=MapNavigation)
[GameManager] タイル起動: ボス (boss)
[GameManager] ボス戦: 凍れる吟遊詩人
[GameManager] Phase: MapNavigation → Combat
[GameManager] Phase: Combat → BattleResult
[GameManager] 戦闘結果: 凍れる吟遊詩人 — 勝利 (5T) 残HP:21
[GameManager] 層デバフ: 戦闘後2ダメージ (HP:19)
[GameManager] Phase: BattleResult → Reward
[GameManager] Phase: Reward → FloorClear
[GameManager] フロア3クリア → 次へ
[GameManager] Phase: FloorClear → FloorIntro
[GameManager] --- フロア 4 [煉獄の刻印] ---
[GameManager] Phase: FloorIntro → MapNavigation
[GameManager] MoveToNode: r1_l1 (phase=MapNavigation)
[GameManager] タイル起動: 戦闘 (r1_l1)
[GameManager] エンカウント: オーク
[GameManager] Phase: MapNavigation → Combat
[GameManager] Phase: Combat → BattleResult
[GameManager] 戦闘結果: オーク — 勝利 (8T) 残HP:5
[GameManager] Phase: BattleResult → Reward
[GameManager] Phase: Reward → MapNavigation
[GameManager] MoveToNode: r2_l0 (phase=MapNavigation)
[GameManager] タイル起動: イベント (r2_l0)
[GameManager] Phase: MapNavigation → EventEncounter
[GameManager] Phase: EventEncounter → MapNavigation
[GameManager] MoveToNode: r3_l1 (phase=MapNavigation)
[GameManager] タイル起動: ショップ (r3_l1)
[GameManager] EnterShop called
[GameManager] MapTransitionController.Instance = null
[GameManager] Phase: MapNavigation → ShopVisit
[GameManager] Phase: ShopVisit → MapNavigation
[GameManager] MoveToNode: r4_l1 (phase=MapNavigation)
[GameManager] タイル起動: イベント (r4_l1)
[GameManager] Phase: MapNavigation → EventEncounter
[GameManager] Phase: EventEncounter → MapNavigation
[GameManager] MoveToNode: r5_l1 (phase=MapNavigation)
[GameManager] タイル起動: イベント (r5_l1)
[GameManager] Phase: MapNavigation → EventEncounter
[GameManager] Phase: EventEncounter → MapNavigation
[GameManager] MoveToNode: r6_l1 (phase=MapNavigation)
[GameManager] タイル起動: 激戦 (r6_l1)
[GameManager] エンカウント: リザードマン
[GameManager] Phase: MapNavigation → Combat
[GameManager] Phase: Combat → BattleResult
[GameManager] 戦闘結果: リザードマン — 勝利 (5T) 残HP:1
[GameManager] 激戦2戦目: オーク
[GameManager] Phase: BattleResult → Combat
[GameManager] Phase: Combat → BattleResult
[GameManager] 戦闘結果: オーク — 敗北 (1T) 残HP:0
[GameManager] 救済発動: マップへ戻る
[GameManager] Phase: BattleResult → MapNavigation
[AutoRunner] ラストスタンド発動 (Floor 4)
[AutoRunner] === RUN 3 終了: R5 (4Fで死亡) — 敗北 cause=Starvation ===

########## RUN 4  [DEADLOCK デッドロック]  移動先なし(MapNavigation)
# reached F5 HP 15/15 coins 77 combats 21/22 LS=False
[GameManager] Phase: GameOver → Title
[GameManager] Phase: Title → RunStart
[GameManager] === ラン開始 === HP:30
[GameManager] Phase: RunStart → FloorIntro
[GameManager] --- フロア 1 [残光の加護] ---
[GameManager] Phase: FloorIntro → MapNavigation
[GameManager] MoveToNode: r1_l0 (phase=MapNavigation)
[GameManager] タイル起動: 戦闘 (r1_l0)
[GameManager] エンカウント: ゴブリン
[GameManager] Phase: MapNavigation → Combat
[GameManager] Phase: Combat → BattleResult
[GameManager] 戦闘結果: ゴブリン — 勝利 (3T) 残HP:30
[GameManager] Phase: BattleResult → Reward
[GameManager] Phase: Reward → MapNavigation
[GameManager] MoveToNode: r2_l0 (phase=MapNavigation)
[GameManager] タイル起動: 戦闘 (r2_l0)
[GameManager] エンカウント: スライム
[GameManager] Phase: MapNavigation → Combat
[GameManager] Phase: Combat → BattleResult
[GameManager] 戦闘結果: スライム — 勝利 (2T) 残HP:30
[GameManager] Phase: BattleResult → Reward
[GameManager] Phase: Reward → MapNavigation
[GameManager] MoveToNode: r3_l0 (phase=MapNavigation)
[GameManager] タイル起動: イベント (r3_l0)
[GameManager] Phase: MapNavigation → EventEncounter
[GameManager] Phase: EventEncounter → MapNavigation
[GameManager] MoveToNode: r4_l0 (phase=MapNavigation)
[GameManager] タイル起動: ショップ (r4_l0)
[GameManager] EnterShop called
[GameManager] MapTransitionController.Instance = null
[GameManager] Phase: MapNavigation → ShopVisit
[GameManager] Phase: ShopVisit → MapNavigation
[GameManager] MoveToNode: r5_l0 (phase=MapNavigation)
[GameManager] タイル起動: 戦闘 (r5_l0)
[GameManager] エンカウント: スライム
[GameManager] Phase: MapNavigation → Combat
[GameManager] Phase: Combat → BattleResult
[GameManager] 戦闘結果: スライム — 勝利 (2T) 残HP:30
[GameManager] Phase: BattleResult → Reward
[GameManager] Phase: Reward → MapNavigation
[GameManager] MoveToNode: r6_l0 (phase=MapNavigation)
[GameManager] タイル起動: 戦闘 (r6_l0)
[GameManager] エンカウント: ゴブリン
[GameManager] Phase: MapNavigation → Combat
[GameManager] Phase: Combat → BattleResult
[GameManager] 戦闘結果: ゴブリン — 勝利 (2T) 残HP:30
[GameManager] Phase: BattleResult → Reward
[GameManager] Phase: Reward → MapNavigation
[GameManager] MoveToNode: r7_l0 (phase=MapNavigation)
[GameManager] タイル起動: 戦闘 (r7_l0)
[GameManager] エンカウント: スライム
[GameManager] Phase: MapNavigation → Combat
[GameManager] Phase: Combat → BattleResult
[GameManager] 戦闘結果: スライム — 勝利 (2T) 残HP:30
[GameManager] Phase: BattleResult → Reward
[GameManager] Phase: Reward → MapNavigation
[GameManager] MoveToNode: r8_l0 (phase=MapNavigation)
[GameManager] タイル起動: 秘宝 (r8_l0)
[GameManager] 宝箱: ゴールド+7, 静寂のローブ
[GameManager] Phase: MapNavigation → TreasureOpen
[GameManager] Phase: TreasureOpen → MapNavigation
[GameManager] MoveToNode: r9_l0 (phase=MapNavigation)
[GameManager] タイル起動: 休憩 (r9_l0)
[GameManager] Phase: MapNavigation → RestStop
[GameManager] 休憩回復: +9HP (30%) (現在: 30/30)
[GameManager] Phase: RestStop → MapNavigation
[GameManager] MoveToNode: boss (phase=MapNavigation)
[GameManager] タイル起動: ボス (boss)
[GameManager] ボス 'boss_layer1' 未定義 — フロア1のプールから抽選
[GameManager] ボス戦: スライム
[GameManager] Phase: MapNavigation → Combat
[GameManager] Phase: Combat → BattleResult
[GameManager] 戦闘結果: スライム — 勝利 (1T) 残HP:30
[GameManager] Phase: BattleResult → Reward
[GameManager] Phase: Reward → FloorClear
[GameManager] フロア1クリア → 次へ
[GameManager] 層デバフ: MaxHP-5 → 25
[GameManager] Phase: FloorClear → FloorIntro
[GameManager] --- フロア 2 [嘆きの共鳴] ---
[GameManager] Phase: FloorIntro → MapNavigation
[GameManager] MoveToNode: r1_l1 (phase=MapNavigation)
[GameManager] タイル起動: イベント (r1_l1)
[GameManager] Phase: MapNavigation → EventEncounter
[GameManager] Phase: EventEncounter → MapNavigation
[GameManager] MoveToNode: r2_l1 (phase=MapNavigation)
[GameManager] タイル起動: 戦闘 (r2_l1)
[GameManager] エンカウント: スライム
[GameManager] Phase: MapNavigation → Combat
[GameManager] Phase: Combat → BattleResult
[GameManager] 戦闘結果: スライム — 勝利 (1T) 残HP:25
[GameManager] Phase: BattleResult → Reward
[GameManager] Phase: Reward → MapNavigation
[GameManager] MoveToNode: r3_l2 (phase=MapNavigation)
[GameManager] タイル起動: 秘宝 (r3_l2)
[GameManager] 宝箱: ゴールド+14, 力帯
[GameManager] Phase: MapNavigation → TreasureOpen
[GameManager] Phase: TreasureOpen → MapNavigation
[GameManager] MoveToNode: r4_l2 (phase=MapNavigation)
[GameManager] タイル起動: 激戦 (r4_l2)
[GameManager] エンカウント: ゴブリン
[GameManager] Phase: MapNavigation → Combat
[GameManager] Phase: Combat → BattleResult
[GameManager] 戦闘結果: ゴブリン — 勝利 (1T) 残HP:25
[GameManager] 激戦2戦目: ゴブリン王
[GameManager] Phase: BattleResult → Combat
[GameManager] Phase: Combat → BattleResult
[GameManager] 戦闘結果: ゴブリン王 — 勝利 (4T) 残HP:25
[GameManager] Phase: BattleResult → Reward
[GameManager] Phase: Reward → MapNavigation
[GameManager] MoveToNode: r5_l2 (phase=MapNavigation)
[GameManager] タイル起動: イベント (r5_l2)
[GameManager] Phase: MapNavigation → EventEncounter
[GameManager] Phase: EventEncounter → MapNavigation
[GameManager] MoveToNode: r6_l2 (phase=MapNavigation)
[GameManager] タイル起動: イベント (r6_l2)
[GameManager] Phase: MapNavigation → EventEncounter
[GameManager] Phase: EventEncounter → MapNavigation
[GameManager] MoveToNode: r7_l1 (phase=MapNavigation)
[GameManager] タイル起動: イベント (r7_l1)
[GameManager] Phase: MapNavigation → EventEncounter
[GameManager] Phase: EventEncounter → MapNavigation
[GameManager] MoveToNode: r8_l1 (phase=MapNavigation)
[GameManager] タイル起動: 秘宝 (r8_l1)
[GameManager] 宝箱: ゴールド+10, 食通の懐刀
[GameManager] Phase: MapNavigation → TreasureOpen
[GameManager] Phase: TreasureOpen → MapNavigation
[GameManager] MoveToNode: r9_l1 (phase=MapNavigation)
[GameManager] タイル起動: 休憩 (r9_l1)
[GameManager] Phase: MapNavigation → RestStop
[GameManager] 休憩回復: +8HP (30%) (現在: 25/25)
[GameManager] Phase: RestStop → MapNavigation
[GameManager] MoveToNode: boss (phase=MapNavigation)
[GameManager] タイル起動: ボス (boss)
[GameManager] ボス戦: ゴブリン王
[GameManager] Phase: MapNavigation → Combat
[GameManager] Phase: Combat → BattleResult
[GameManager] 戦闘結果: ゴブリン王 — 勝利 (6T) 残HP:25
[GameManager] Phase: BattleResult → Reward
[GameManager] Phase: Reward → FloorClear
[GameManager] フロア2クリア → 次へ
[GameManager] Phase: FloorClear → FloorIntro
[GameManager] --- フロア 3 [瘴気侵蝕] ---
[GameManager] Phase: FloorIntro → MapNavigation
[GameManager] MoveToNode: r1_l0 (phase=MapNavigation)
[GameManager] タイル起動: 戦闘 (r1_l0)
[GameManager] エンカウント: ゴブリン
[GameManager] Phase: MapNavigation → Combat
[GameManager] Phase: Combat → BattleResult
[GameManager] 戦闘結果: ゴブリン — 勝利 (2T) 残HP:25
[GameManager] 層デバフ: 戦闘後2ダメージ (HP:23)
[GameManager] Phase: BattleResult → Reward
[GameManager] Phase: Reward → MapNavigation
[GameManager] MoveToNode: r2_l0 (phase=MapNavigation)
[GameManager] タイル起動: 戦闘 (r2_l0)
[GameManager] エンカウント: ゴブリン王
[GameManager] Phase: MapNavigation → Combat
[GameManager] Phase: Combat → BattleResult
[GameManager] 戦闘結果: ゴブリン王 — 勝利 (7T) 残HP:23
[GameManager] 層デバフ: 戦闘後2ダメージ (HP:21)
[GameManager] Phase: BattleResult → Reward
[GameManager] Phase: Reward → MapNavigation
[GameManager] MoveToNode: r3_l1 (phase=MapNavigation)
[GameManager] タイル起動: 戦闘 (r3_l1)
[GameManager] エンカウント: ハーピィ
[GameManager] Phase: MapNavigation → Combat
[GameManager] Phase: Combat → BattleResult
[GameManager] 戦闘結果: ハーピィ — 勝利 (9T) 残HP:2
[GameManager] 層デバフ: 戦闘後2ダメージ (HP:1)
[GameManager] Phase: BattleResult → Reward
[GameManager] Phase: Reward → MapNavigation
[GameManager] MoveToNode: r4_l1 (phase=MapNavigation)
[GameManager] タイル起動: 戦闘 (r4_l1)
[GameManager] エンカウント: コボルド
[GameManager] Phase: MapNavigation → Combat
[GameManager] Phase: Combat → BattleResult
[GameManager] 戦闘結果: コボルド — 勝利 (2T) 残HP:1
[GameManager] 層デバフ: 戦闘後2ダメージ (HP:1)
[GameManager] Phase: BattleResult → Reward
[GameManager] Phase: Reward → MapNavigation
[GameManager] MoveToNode: r5_l0 (phase=MapNavigation)
[GameManager] タイル起動: ショップ (r5_l0)
[GameManager] EnterShop called
[GameManager] MapTransitionController.Instance = null
[GameManager] Phase: MapNavigation → ShopVisit
[GameManager] Phase: ShopVisit → MapNavigation
[GameManager] MoveToNode: r6_l0 (phase=MapNavigation)
[GameManager] タイル起動: 秘宝 (r6_l0)
[GameManager] 宝箱: ゴールド+6, 革の胸当て
[GameManager] Phase: MapNavigation → TreasureOpen
[GameManager] Phase: TreasureOpen → MapNavigation
[GameManager] MoveToNode: r7_l0 (phase=MapNavigation)
[GameManager] タイル起動: イベント (r7_l0)
[GameManager] Phase: MapNavigation → EventEncounter
[GameManager] Phase: EventEncounter → MapNavigation
[GameManager] MoveToNode: r8_l0 (phase=MapNavigation)
[GameManager] タイル起動: 秘宝 (r8_l0)
[GameManager] 宝箱: ゴールド+9, 投げ短剣の鞘
[GameManager] Phase: MapNavigation → TreasureOpen
[GameManager] Phase: TreasureOpen → MapNavigation
[GameManager] MoveToNode: r9_l0 (phase=MapNavigation)
[GameManager] タイル起動: 休憩 (r9_l0)
[GameManager] Phase: MapNavigation → RestStop
[GameManager] 休憩回復: +13HP (50%) (現在: 14/25)
[GameManager] Phase: RestStop → MapNavigation
[GameManager] MoveToNode: boss (phase=MapNavigation)
[GameManager] タイル起動: ボス (boss)
[GameManager] ボス戦: 凍れる吟遊詩人
[GameManager] Phase: MapNavigation → Combat
[GameManager] Phase: Combat → BattleResult
[GameManager] 戦闘結果: 凍れる吟遊詩人 — 勝利 (5T) 残HP:14
[GameManager] 層デバフ: 戦闘後2ダメージ (HP:12)
[GameManager] Phase: BattleResult → Reward
[GameManager] Phase: Reward → FloorClear
[GameManager] フロア3クリア → 次へ
[GameManager] Phase: FloorClear → FloorIntro
[GameManager] --- フロア 4 [煉獄の刻印] ---
[GameManager] Phase: FloorIntro → MapNavigation
[GameManager] MoveToNode: r1_l0 (phase=MapNavigation)
[GameManager] タイル起動: 戦闘 (r1_l0)
[GameManager] エンカウント: 鏡の双子
[GameManager] Phase: MapNavigation → Combat
[GameManager] Phase: Combat → BattleResult
[GameManager] 戦闘結果: 鏡の双子 — 勝利 (10T) 残HP:20
[GameManager] Phase: BattleResult → Reward
[GameManager] Phase: Reward → MapNavigation
[GameManager] MoveToNode: r2_l0 (phase=MapNavigation)
[GameManager] タイル起動: 休憩 (r2_l0)
[GameManager] Phase: MapNavigation → RestStop
[GameManager] 休憩回復: +8HP (30%) (現在: 25/25)
[GameManager] Phase: RestStop → MapNavigation
[GameManager] MoveToNode: r3_l0 (phase=MapNavigation)
[GameManager] タイル起動: 罠 (r3_l0)
[GameManager] Phase: MapNavigation → TrapTriggered
[GameManager] Phase: TrapTriggered → MapNavigation
[GameManager] MoveToNode: r4_l0 (phase=MapNavigation)
[GameManager] タイル起動: イベント (r4_l0)
[GameManager] Phase: MapNavigation → EventEncounter
[GameManager] Phase: EventEncounter → MapNavigation
[GameManager] MoveToNode: r5_l0 (phase=MapNavigation)
[GameManager] タイル起動: 戦闘 (r5_l0)
[GameManager] エンカウント: 13番目の死
[GameManager] Phase: MapNavigation → Combat
[GameManager] Phase: Combat → BattleResult
[GameManager] 戦闘結果: 13番目の死 — 勝利 (2T) 残HP:25
[GameManager] Phase: BattleResult → Reward
[GameManager] Phase: Reward → MapNavigation
[GameManager] MoveToNode: r6_l0 (phase=MapNavigation)
[GameManager] タイル起動: 戦闘 (r6_l0)
[GameManager] エンカウント: ミノタウロス
[GameManager] Phase: MapNavigation → Combat
[AutoRunner] === RUN 4 終了: DEADLOCK (デッドロック) — 移動先なし(MapNavigation) ===

########## RUN 5  [R5 4Fで死亡]  敗北 cause=Starvation
# reached F4 HP 0/1 coins 153 combats 19/20 LS=True
[GameManager] Phase: MapNavigation → RunStart
[GameManager] === ラン開始 === HP:30
[GameManager] Phase: RunStart → FloorIntro
[GameManager] --- フロア 1 [残光の加護] ---
[GameManager] Phase: FloorIntro → MapNavigation
[GameManager] MoveToNode: r1_l1 (phase=MapNavigation)
[GameManager] タイル起動: 激戦 (r1_l1)
[GameManager] エンカウント: スライム
[GameManager] Phase: MapNavigation → Combat
[GameManager] Phase: Combat → BattleResult
[GameManager] 戦闘結果: スライム — 勝利 (4T) 残HP:29
[GameManager] 激戦2戦目: ゴブリン
[GameManager] Phase: BattleResult → Combat
[GameManager] Phase: Combat → BattleResult
[GameManager] 戦闘結果: ゴブリン — 勝利 (2T) 残HP:28
[GameManager] Phase: BattleResult → Reward
[GameManager] Phase: Reward → MapNavigation
[GameManager] MoveToNode: r2_l1 (phase=MapNavigation)
[GameManager] タイル起動: 戦闘 (r2_l1)
[GameManager] エンカウント: ゴブリン
[GameManager] Phase: MapNavigation → Combat
[GameManager] Phase: Combat → BattleResult
[GameManager] 戦闘結果: ゴブリン — 勝利 (3T) 残HP:28
[GameManager] Phase: BattleResult → Reward
[GameManager] Phase: Reward → MapNavigation
[GameManager] MoveToNode: r3_l2 (phase=MapNavigation)
[GameManager] タイル起動: 戦闘 (r3_l2)
[GameManager] エンカウント: スライム
[GameManager] Phase: MapNavigation → Combat
[GameManager] Phase: Combat → BattleResult
[GameManager] 戦闘結果: スライム — 勝利 (2T) 残HP:28
[GameManager] Phase: BattleResult → Reward
[GameManager] Phase: Reward → MapNavigation
[GameManager] MoveToNode: r4_l2 (phase=MapNavigation)
[GameManager] タイル起動: 秘宝 (r4_l2)
[GameManager] 宝箱: ゴールド+4, 鷹の眼
[GameManager] Phase: MapNavigation → TreasureOpen
[GameManager] Phase: TreasureOpen → MapNavigation
[GameManager] MoveToNode: r5_l2 (phase=MapNavigation)
[GameManager] タイル起動: イベント (r5_l2)
[GameManager] Phase: MapNavigation → EventEncounter
[GameManager] Phase: EventEncounter → MapNavigation
[GameManager] MoveToNode: r6_l1 (phase=MapNavigation)
[GameManager] タイル起動: イベント (r6_l1)
[GameManager] Phase: MapNavigation → EventEncounter
[GameManager] Phase: EventEncounter → MapNavigation
[GameManager] MoveToNode: r7_l1 (phase=MapNavigation)
[GameManager] タイル起動: イベント (r7_l1)
[GameManager] Phase: MapNavigation → EventEncounter
[GameManager] Phase: EventEncounter → MapNavigation
[GameManager] MoveToNode: r8_l1 (phase=MapNavigation)
[GameManager] タイル起動: 秘宝 (r8_l1)
[GameManager] 宝箱: ゴールド+5, 鎖帷子
[GameManager] Phase: MapNavigation → TreasureOpen
[GameManager] Phase: TreasureOpen → MapNavigation
[GameManager] MoveToNode: r9_l1 (phase=MapNavigation)
[GameManager] タイル起動: 休憩 (r9_l1)
[GameManager] Phase: MapNavigation → RestStop
[GameManager] 休憩回復: +9HP (30%) (現在: 30/30)
[GameManager] Phase: RestStop → MapNavigation
[GameManager] MoveToNode: boss (phase=MapNavigation)
[GameManager] タイル起動: ボス (boss)
[GameManager] ボス 'boss_layer1' 未定義 — フロア1のプールから抽選
[GameManager] ボス戦: スライム
[GameManager] Phase: MapNavigation → Combat
[GameManager] Phase: Combat → BattleResult
[GameManager] 戦闘結果: スライム — 勝利 (1T) 残HP:30
[GameManager] Phase: BattleResult → Reward
[GameManager] Phase: Reward → FloorClear
[GameManager] フロア1クリア → 次へ
[GameManager] 層デバフ: MaxHP-5 → 25
[GameManager] Phase: FloorClear → FloorIntro
[GameManager] --- フロア 2 [嘆きの共鳴] ---
[GameManager] Phase: FloorIntro → MapNavigation
[GameManager] MoveToNode: r1_l0 (phase=MapNavigation)
[GameManager] タイル起動: 戦闘 (r1_l0)
[GameManager] エンカウント: スケルトン
[GameManager] Phase: MapNavigation → Combat
[GameManager] Phase: Combat → BattleResult
[GameManager] 戦闘結果: スケルトン — 勝利 (4T) 残HP:21
[GameManager] Phase: BattleResult → Reward
[GameManager] Phase: Reward → MapNavigation
[GameManager] MoveToNode: r2_l0 (phase=MapNavigation)
[GameManager] タイル起動: 戦闘 (r2_l0)
[GameManager] エンカウント: ゴブリン
[GameManager] Phase: MapNavigation → Combat
[GameManager] Phase: Combat → BattleResult
[GameManager] 戦闘結果: ゴブリン — 勝利 (2T) 残HP:21
[GameManager] Phase: BattleResult → Reward
[GameManager] Phase: Reward → MapNavigation
[GameManager] MoveToNode: r3_l1 (phase=MapNavigation)
[GameManager] タイル起動: 戦闘 (r3_l1)
[GameManager] エンカウント: コボルド
[GameManager] Phase: MapNavigation → Combat
[GameManager] Phase: Combat → BattleResult
[GameManager] 戦闘結果: コボルド — 勝利 (4T) 残HP:21
[GameManager] Phase: BattleResult → Reward
[GameManager] Phase: Reward → MapNavigation
[GameManager] MoveToNode: r4_l0 (phase=MapNavigation)
[GameManager] タイル起動: ショップ (r4_l0)
[GameManager] EnterShop called
[GameManager] MapTransitionController.Instance = null
[GameManager] Phase: MapNavigation → ShopVisit
[GameManager] Phase: ShopVisit → MapNavigation
[GameManager] MoveToNode: r5_l0 (phase=MapNavigation)
[GameManager] タイル起動: 戦闘 (r5_l0)
[GameManager] エンカウント: コボルド
[GameManager] Phase: MapNavigation → Combat
[GameManager] Phase: Combat → BattleResult
[GameManager] 戦闘結果: コボルド — 勝利 (3T) 残HP:21
[GameManager] Phase: BattleResult → Reward
[GameManager] Phase: Reward → MapNavigation
[GameManager] MoveToNode: r6_l0 (phase=MapNavigation)
[GameManager] タイル起動: 戦闘 (r6_l0)
[GameManager] エンカウント: スケルトン
[GameManager] Phase: MapNavigation → Combat
[GameManager] Phase: Combat → BattleResult
[GameManager] 戦闘結果: スケルトン — 勝利 (7T) 残HP:21
[GameManager] Phase: BattleResult → Reward
[GameManager] Phase: Reward → MapNavigation
[GameManager] MoveToNode: r7_l0 (phase=MapNavigation)
[GameManager] タイル起動: 戦闘 (r7_l0)
[GameManager] エンカウント: スケルトン
[GameManager] Phase: MapNavigation → Combat
[GameManager] Phase: Combat → BattleResult
[GameManager] 戦闘結果: スケルトン — 勝利 (7T) 残HP:20
[GameManager] Phase: BattleResult → Reward
[GameManager] Phase: Reward → MapNavigation
[GameManager] MoveToNode: r8_l0 (phase=MapNavigation)
[GameManager] タイル起動: 秘宝 (r8_l0)
[GameManager] 宝箱: ゴールド+6, 連刃の篭手
[GameManager] Phase: MapNavigation → TreasureOpen
[GameManager] Phase: TreasureOpen → MapNavigation
[GameManager] MoveToNode: r9_l0 (phase=MapNavigation)
[GameManager] タイル起動: 休憩 (r9_l0)
[GameManager] Phase: MapNavigation → RestStop
[GameManager] 休憩回復: +8HP (30%) (現在: 25/25)
[GameManager] Phase: RestStop → MapNavigation
[GameManager] MoveToNode: boss (phase=MapNavigation)
[GameManager] タイル起動: ボス (boss)
[GameManager] ボス戦: ゴブリン王
[GameManager] Phase: MapNavigation → Combat
[GameManager] Phase: Combat → BattleResult
[GameManager] 戦闘結果: ゴブリン王 — 勝利 (5T) 残HP:25
[GameManager] Phase: BattleResult → Reward
[GameManager] Phase: Reward → FloorClear
[GameManager] フロア2クリア → 次へ
[GameManager] Phase: FloorClear → FloorIntro
[GameManager] --- フロア 3 [瘴気侵蝕] ---
[GameManager] Phase: FloorIntro → MapNavigation
[GameManager] MoveToNode: r1_l0 (phase=MapNavigation)
[GameManager] タイル起動: ショップ (r1_l0)
[GameManager] EnterShop called
[GameManager] MapTransitionController.Instance = null
[GameManager] Phase: MapNavigation → ShopVisit
[GameManager] Phase: ShopVisit → MapNavigation
[GameManager] MoveToNode: r2_l0 (phase=MapNavigation)
[GameManager] タイル起動: イベント (r2_l0)
[GameManager] Phase: MapNavigation → EventEncounter
[GameManager] Phase: EventEncounter → MapNavigation
[GameManager] MoveToNode: r3_l0 (phase=MapNavigation)
[GameManager] タイル起動: 戦闘 (r3_l0)
[GameManager] エンカウント: オーク
[GameManager] Phase: MapNavigation → Combat
[GameManager] Phase: Combat → BattleResult
[GameManager] 戦闘結果: オーク — 勝利 (2T) 残HP:25
[GameManager] 層デバフ: 戦闘後2ダメージ (HP:23)
[GameManager] Phase: BattleResult → Reward
[GameManager] Phase: Reward → MapNavigation
[GameManager] MoveToNode: r4_l1 (phase=MapNavigation)
[GameManager] タイル起動: イベント (r4_l1)
[GameManager] Phase: MapNavigation → EventEncounter
[GameManager] Phase: EventEncounter → MapNavigation
[GameManager] MoveToNode: r5_l1 (phase=MapNavigation)
[GameManager] タイル起動: 戦闘 (r5_l1)
[GameManager] エンカウント: ダイアウルフ
[GameManager] Phase: MapNavigation → Combat
[GameManager] Phase: Combat → BattleResult
[GameManager] 戦闘結果: ダイアウルフ — 勝利 (7T) 残HP:19
[GameManager] 層デバフ: 戦闘後2ダメージ (HP:17)
[GameManager] Phase: BattleResult → Reward
[GameManager] Phase: Reward → MapNavigation
[GameManager] MoveToNode: r6_l1 (phase=MapNavigation)
[GameManager] タイル起動: 罠 (r6_l1)
[GameManager] 翼の恩寵発動: トラップ無効化
[GameManager] Phase: MapNavigation → MapNavigation
[GameManager] MoveToNode: r7_l1 (phase=MapNavigation)
[GameManager] タイル起動: 戦闘 (r7_l1)
[GameManager] エンカウント: 13番目の死
[GameManager] Phase: MapNavigation → Combat
[GameManager] Phase: Combat → BattleResult
[GameManager] 戦闘結果: 13番目の死 — 勝利 (2T) 残HP:17
[GameManager] 層デバフ: 戦闘後2ダメージ (HP:15)
[GameManager] Phase: BattleResult → Reward
[GameManager] Phase: Reward → MapNavigation
[GameManager] MoveToNode: r8_l1 (phase=MapNavigation)
[GameManager] タイル起動: 秘宝 (r8_l1)
[GameManager] 宝箱: ゴールド+18, 回復ポーション
[GameManager] Phase: MapNavigation → TreasureOpen
[GameManager] Phase: TreasureOpen → MapNavigation
[GameManager] MoveToNode: r9_l1 (phase=MapNavigation)
[GameManager] タイル起動: 休憩 (r9_l1)
[GameManager] Phase: MapNavigation → RestStop
[GameManager] 休憩回復: +13HP (50%) (現在: 25/25)
[GameManager] Phase: RestStop → MapNavigation
[GameManager] MoveToNode: boss (phase=MapNavigation)
[GameManager] タイル起動: ボス (boss)
[GameManager] ボス戦: 凍れる吟遊詩人
[GameManager] Phase: MapNavigation → Combat
[GameManager] Phase: Combat → BattleResult
[GameManager] 戦闘結果: 凍れる吟遊詩人 — 勝利 (4T) 残HP:25
[GameManager] 層デバフ: 戦闘後2ダメージ (HP:23)
[GameManager] Phase: BattleResult → Reward
[GameManager] Phase: Reward → FloorClear
[GameManager] フロア3クリア → 次へ
[GameManager] Phase: FloorClear → FloorIntro
[GameManager] --- フロア 4 [煉獄の刻印] ---
[GameManager] Phase: FloorIntro → MapNavigation
[GameManager] MoveToNode: r1_l2 (phase=MapNavigation)
[GameManager] タイル起動: 戦闘 (r1_l2)
[GameManager] エンカウント: 鏡の双子
[GameManager] Phase: MapNavigation → Combat
[GameManager] Phase: Combat → BattleResult
[GameManager] 戦闘結果: 鏡の双子 — 勝利 (6T) 残HP:13
[GameManager] Phase: BattleResult → Reward
[GameManager] Phase: Reward → MapNavigation
[GameManager] MoveToNode: r2_l2 (phase=MapNavigation)
[GameManager] タイル起動: 戦闘 (r2_l2)
[GameManager] エンカウント: ミノタウロス
[GameManager] Phase: MapNavigation → Combat
[GameManager] Phase: Combat → BattleResult
[GameManager] 戦闘結果: ミノタウロス — 勝利 (3T) 残HP:13
[GameManager] Phase: BattleResult → Reward
[GameManager] Phase: Reward → MapNavigation
[GameManager] MoveToNode: r3_l2 (phase=MapNavigation)
[GameManager] タイル起動: イベント (r3_l2)
[GameManager] Phase: MapNavigation → EventEncounter
[GameManager] Phase: EventEncounter → MapNavigation
[GameManager] MoveToNode: r4_l2 (phase=MapNavigation)
[GameManager] タイル起動: イベント (r4_l2)
[GameManager] Phase: MapNavigation → EventEncounter
[GameManager] Phase: EventEncounter → MapNavigation
[GameManager] MoveToNode: r5_l1 (phase=MapNavigation)
[GameManager] タイル起動: 戦闘 (r5_l1)
[GameManager] エンカウント: 鏡の双子
[GameManager] Phase: MapNavigation → Combat
[GameManager] Phase: Combat → BattleResult
[GameManager] 戦闘結果: 鏡の双子 — 敗北 (3T) 残HP:0
[GameManager] 救済発動: マップへ戻る
[GameManager] Phase: BattleResult → MapNavigation
[AutoRunner] ラストスタンド発動 (Floor 4)
[AutoRunner] === RUN 5 終了: R5 (4Fで死亡) — 敗北 cause=Starvation ===

########## RUN 6  [R6 5F道中/カルマで死亡]  敗北 cause=CombatLoss
# reached F5 HP 0/1 coins 133 combats 19/21 LS=True
[GameManager] Phase: GameOver → Title
[GameManager] Phase: Title → RunStart
[GameManager] === ラン開始 === HP:30
[GameManager] Phase: RunStart → FloorIntro
[GameManager] --- フロア 1 [残光の加護] ---
[GameManager] Phase: FloorIntro → MapNavigation
[GameManager] MoveToNode: r1_l1 (phase=MapNavigation)
[GameManager] タイル起動: 戦闘 (r1_l1)
[GameManager] エンカウント: スライム
[GameManager] Phase: MapNavigation → Combat
[GameManager] Phase: Combat → BattleResult
[GameManager] 戦闘結果: スライム — 勝利 (2T) 残HP:30
[GameManager] Phase: BattleResult → Reward
[GameManager] Phase: Reward → MapNavigation
[GameManager] MoveToNode: r2_l1 (phase=MapNavigation)
[GameManager] タイル起動: イベント (r2_l1)
[GameManager] Phase: MapNavigation → EventEncounter
[GameManager] Phase: EventEncounter → MapNavigation
[GameManager] MoveToNode: r3_l1 (phase=MapNavigation)
[GameManager] タイル起動: 戦闘 (r3_l1)
[GameManager] エンカウント: ゴブリン
[GameManager] Phase: MapNavigation → Combat
[GameManager] Phase: Combat → BattleResult
[GameManager] 戦闘結果: ゴブリン — 勝利 (2T) 残HP:30
[GameManager] Phase: BattleResult → Reward
[GameManager] Phase: Reward → MapNavigation
[GameManager] MoveToNode: r4_l1 (phase=MapNavigation)
[GameManager] タイル起動: イベント (r4_l1)
[GameManager] Phase: MapNavigation → EventEncounter
[GameManager] Phase: EventEncounter → MapNavigation
[GameManager] MoveToNode: r5_l1 (phase=MapNavigation)
[GameManager] タイル起動: 戦闘 (r5_l1)
[GameManager] エンカウント: スライム
[GameManager] Phase: MapNavigation → Combat
[GameManager] Phase: Combat → BattleResult
[GameManager] 戦闘結果: スライム — 勝利 (1T) 残HP:30
[GameManager] Phase: BattleResult → Reward
[GameManager] Phase: Reward → MapNavigation
[GameManager] MoveToNode: r6_l1 (phase=MapNavigation)
[GameManager] タイル起動: 戦闘 (r6_l1)
[GameManager] エンカウント: スライム
[GameManager] Phase: MapNavigation → Combat
[GameManager] Phase: Combat → BattleResult
[GameManager] 戦闘結果: スライム — 勝利 (1T) 残HP:30
[GameManager] Phase: BattleResult → Reward
[GameManager] Phase: Reward → MapNavigation
[GameManager] MoveToNode: r7_l1 (phase=MapNavigation)
[GameManager] タイル起動: 戦闘 (r7_l1)
[GameManager] エンカウント: スライム
[GameManager] Phase: MapNavigation → Combat
[GameManager] Phase: Combat → BattleResult
[GameManager] 戦闘結果: スライム — 勝利 (1T) 残HP:30
[GameManager] Phase: BattleResult → Reward
[GameManager] Phase: Reward → MapNavigation
[GameManager] MoveToNode: r8_l1 (phase=MapNavigation)
[GameManager] タイル起動: 秘宝 (r8_l1)
[GameManager] 宝箱: ゴールド+4, 鎖帷子
[GameManager] Phase: MapNavigation → TreasureOpen
[GameManager] Phase: TreasureOpen → MapNavigation
[GameManager] MoveToNode: r9_l1 (phase=MapNavigation)
[GameManager] タイル起動: 休憩 (r9_l1)
[GameManager] Phase: MapNavigation → RestStop
[GameManager] 休憩回復: +9HP (30%) (現在: 30/30)
[GameManager] Phase: RestStop → MapNavigation
[GameManager] MoveToNode: boss (phase=MapNavigation)
[GameManager] タイル起動: ボス (boss)
[GameManager] ボス 'boss_layer1' 未定義 — フロア1のプールから抽選
[GameManager] ボス戦: スライム
[GameManager] Phase: MapNavigation → Combat
[GameManager] Phase: Combat → BattleResult
[GameManager] 戦闘結果: スライム — 勝利 (2T) 残HP:30
[GameManager] Phase: BattleResult → Reward
[GameManager] Phase: Reward → FloorClear
[GameManager] フロア1クリア → 次へ
[GameManager] 層デバフ: MaxHP-5 → 25
[GameManager] Phase: FloorClear → FloorIntro
[GameManager] --- フロア 2 [嘆きの共鳴] ---
[GameManager] Phase: FloorIntro → MapNavigation
[GameManager] MoveToNode: r1_l0 (phase=MapNavigation)
[GameManager] タイル起動: イベント (r1_l0)
[GameManager] Phase: MapNavigation → EventEncounter
[GameManager] Phase: EventEncounter → MapNavigation
[GameManager] MoveToNode: r2_l0 (phase=MapNavigation)
[GameManager] タイル起動: 戦闘 (r2_l0)
[GameManager] エンカウント: 13番目の死
[GameManager] Phase: MapNavigation → Combat
[GameManager] Phase: Combat → BattleResult
[GameManager] 戦闘結果: 13番目の死 — 勝利 (2T) 残HP:5
[GameManager] Phase: BattleResult → Reward
[GameManager] Phase: Reward → MapNavigation
[GameManager] MoveToNode: r3_l0 (phase=MapNavigation)
[GameManager] タイル起動: 戦闘 (r3_l0)
[GameManager] エンカウント: コボルド
[GameManager] Phase: MapNavigation → Combat
[GameManager] Phase: Combat → BattleResult
[GameManager] 戦闘結果: コボルド — 勝利 (3T) 残HP:3
[GameManager] Phase: BattleResult → Reward
[GameManager] Phase: Reward → MapNavigation
[GameManager] MoveToNode: r4_l0 (phase=MapNavigation)
[GameManager] タイル起動: ショップ (r4_l0)
[GameManager] EnterShop called
[GameManager] MapTransitionController.Instance = null
[GameManager] Phase: MapNavigation → ShopVisit
[GameManager] Phase: ShopVisit → MapNavigation
[GameManager] MoveToNode: r5_l0 (phase=MapNavigation)
[GameManager] タイル起動: 休憩 (r5_l0)
[GameManager] Phase: MapNavigation → RestStop
[GameManager] 休憩回復: +8HP (30%) (現在: 11/25)
[GameManager] Phase: RestStop → MapNavigation
[GameManager] MoveToNode: r6_l0 (phase=MapNavigation)
[GameManager] タイル起動: イベント (r6_l0)
[GameManager] Phase: MapNavigation → EventEncounter
[GameManager] Phase: EventEncounter → MapNavigation
[GameManager] MoveToNode: r7_l0 (phase=MapNavigation)
[GameManager] タイル起動: ショップ (r7_l0)
[GameManager] EnterShop called
[GameManager] MapTransitionController.Instance = null
[GameManager] Phase: MapNavigation → ShopVisit
[GameManager] Phase: ShopVisit → MapNavigation
[GameManager] MoveToNode: r8_l0 (phase=MapNavigation)
[GameManager] タイル起動: 秘宝 (r8_l0)
[GameManager] 宝箱: ゴールド+4, 革の胸当て
[GameManager] Phase: MapNavigation → TreasureOpen
[GameManager] Phase: TreasureOpen → MapNavigation
[GameManager] MoveToNode: r9_l0 (phase=MapNavigation)
[GameManager] タイル起動: 休憩 (r9_l0)
[GameManager] Phase: MapNavigation → RestStop
[GameManager] 休憩回復: +8HP (30%) (現在: 19/25)
[GameManager] Phase: RestStop → MapNavigation
[GameManager] MoveToNode: boss (phase=MapNavigation)
[GameManager] タイル起動: ボス (boss)
[GameManager] ボス戦: ゴブリン王
[GameManager] Phase: MapNavigation → Combat
[GameManager] Phase: Combat → BattleResult
[GameManager] 戦闘結果: ゴブリン王 — 勝利 (7T) 残HP:19
[GameManager] Phase: BattleResult → Reward
[GameManager] Phase: Reward → FloorClear
[GameManager] フロア2クリア → 次へ
[GameManager] Phase: FloorClear → FloorIntro
[GameManager] --- フロア 3 [瘴気侵蝕] ---
[GameManager] Phase: FloorIntro → MapNavigation
[GameManager] MoveToNode: r1_l0 (phase=MapNavigation)
[GameManager] タイル起動: 戦闘 (r1_l0)
[GameManager] エンカウント: ゴブリン王
[GameManager] Phase: MapNavigation → Combat
[GameManager] Phase: Combat → BattleResult
[GameManager] 戦闘結果: ゴブリン王 — 勝利 (13T) 残HP:25
[GameManager] 層デバフ: 戦闘後2ダメージ (HP:23)
[GameManager] Phase: BattleResult → Reward
[GameManager] Phase: Reward → MapNavigation
[GameManager] MoveToNode: r2_l0 (phase=MapNavigation)
[GameManager] タイル起動: 罠 (r2_l0)
[GameManager] Phase: MapNavigation → TrapTriggered
[GameManager] Phase: TrapTriggered → MapNavigation
[GameManager] MoveToNode: r3_l0 (phase=MapNavigation)
[GameManager] タイル起動: ショップ (r3_l0)
[GameManager] EnterShop called
[GameManager] MapTransitionController.Instance = null
[GameManager] Phase: MapNavigation → ShopVisit
[GameManager] Phase: ShopVisit → MapNavigation
[GameManager] MoveToNode: r4_l0 (phase=MapNavigation)
[GameManager] タイル起動: 戦闘 (r4_l0)
[GameManager] エンカウント: 凍れる吟遊詩人
[GameManager] Phase: MapNavigation → Combat
[GameManager] Phase: Combat → BattleResult
[GameManager] 戦闘結果: 凍れる吟遊詩人 — 勝利 (10T) 残HP:23
[GameManager] 層デバフ: 戦闘後2ダメージ (HP:21)
[GameManager] Phase: BattleResult → Reward
[GameManager] Phase: Reward → MapNavigation
[GameManager] MoveToNode: r5_l0 (phase=MapNavigation)
[GameManager] タイル起動: イベント (r5_l0)
[GameManager] Phase: MapNavigation → EventEncounter
[GameManager] Phase: EventEncounter → MapNavigation
[GameManager] MoveToNode: r6_l0 (phase=MapNavigation)
[GameManager] タイル起動: イベント (r6_l0)
[GameManager] Phase: MapNavigation → EventEncounter
[GameManager] Phase: EventEncounter → MapNavigation
[GameManager] MoveToNode: r7_l1 (phase=MapNavigation)
[GameManager] タイル起動: 激戦 (r7_l1)
[GameManager] エンカウント: オーク
[GameManager] Phase: MapNavigation → Combat
[GameManager] Phase: Combat → BattleResult
[GameManager] 戦闘結果: オーク — 勝利 (6T) 残HP:19
[GameManager] 層デバフ: 戦闘後2ダメージ (HP:17)
[GameManager] 激戦2戦目: ゴブリン王
[GameManager] Phase: BattleResult → Combat
[GameManager] Phase: Combat → BattleResult
[GameManager] 戦闘結果: ゴブリン王 — 勝利 (12T) 残HP:17
[GameManager] 層デバフ: 戦闘後2ダメージ (HP:15)
[GameManager] Phase: BattleResult → Reward
[GameManager] Phase: Reward → MapNavigation
[GameManager] MoveToNode: r8_l1 (phase=MapNavigation)
[GameManager] タイル起動: 秘宝 (r8_l1)
[GameManager] 宝箱: ゴールド+15, 鉄のダイス
[GameManager] Phase: MapNavigation → TreasureOpen
[GameManager] Phase: TreasureOpen → MapNavigation
[GameManager] MoveToNode: r9_l1 (phase=MapNavigation)
[GameManager] タイル起動: 休憩 (r9_l1)
[GameManager] Phase: MapNavigation → RestStop
[GameManager] 休憩回復: +13HP (50%) (現在: 25/25)
[GameManager] Phase: RestStop → MapNavigation
[GameManager] MoveToNode: boss (phase=MapNavigation)
[GameManager] タイル起動: ボス (boss)
[GameManager] ボス戦: 凍れる吟遊詩人
[GameManager] Phase: MapNavigation → Combat
[GameManager] Phase: Combat → BattleResult
[GameManager] 戦闘結果: 凍れる吟遊詩人 — 勝利 (7T) 残HP:25
[GameManager] 層デバフ: 戦闘後2ダメージ (HP:23)
[GameManager] Phase: BattleResult → Reward
[GameManager] Phase: Reward → FloorClear
[GameManager] フロア3クリア → 次へ
[GameManager] Phase: FloorClear → FloorIntro
[GameManager] --- フロア 4 [煉獄の刻印] ---
[GameManager] Phase: FloorIntro → MapNavigation
[GameManager] MoveToNode: r1_l0 (phase=MapNavigation)
[GameManager] タイル起動: 戦闘 (r1_l0)
[GameManager] エンカウント: 鏡の双子
[GameManager] Phase: MapNavigation → Combat
[GameManager] Phase: Combat → BattleResult
[GameManager] 戦闘結果: 鏡の双子 — 勝利 (17T) 残HP:25
[GameManager] Phase: BattleResult → Reward
[GameManager] Phase: Reward → MapNavigation
[GameManager] MoveToNode: r2_l0 (phase=MapNavigation)
[GameManager] タイル起動: 戦闘 (r2_l0)
[GameManager] エンカウント: 13番目の死
[GameManager] Phase: MapNavigation → Combat
[GameManager] Phase: Combat → BattleResult
[GameManager] 戦闘結果: 13番目の死 — 勝利 (4T) 残HP:11
[GameManager] Phase: BattleResult → Reward
[GameManager] Phase: Reward → MapNavigation
[GameManager] MoveToNode: r3_l0 (phase=MapNavigation)
[GameManager] タイル起動: イベント (r3_l0)
[GameManager] Phase: MapNavigation → EventEncounter
[GameManager] Phase: EventEncounter → MapNavigation
[GameManager] MoveToNode: r4_l0 (phase=MapNavigation)
[GameManager] タイル起動: 罠 (r4_l0)
[GameManager] Phase: MapNavigation → TrapTriggered
[GameManager] Phase: TrapTriggered → MapNavigation
[GameManager] MoveToNode: r5_l0 (phase=MapNavigation)
[GameManager] タイル起動: 罠 (r5_l0)
[GameManager] Phase: MapNavigation → TrapTriggered
[GameManager] Phase: TrapTriggered → MapNavigation
[GameManager] MoveToNode: r6_l1 (phase=MapNavigation)
[GameManager] タイル起動: イベント (r6_l1)
[GameManager] Phase: MapNavigation → EventEncounter
[GameManager] Phase: EventEncounter → MapNavigation
[GameManager] MoveToNode: r7_l1 (phase=MapNavigation)
[GameManager] タイル起動: ショップ (r7_l1)
[GameManager] EnterShop called
[GameManager] MapTransitionController.Instance = null
[AutoRunner] ラストスタンド発動 (Floor 5)
[AutoRunner] === RUN 6 終了: R6 (5F道中/カルマで死亡) — 敗北 cause=CombatLoss ===

########## RUN 7  [R5 4Fで死亡]  敗北 cause=CombatLoss
# reached F4 HP 0/1 coins 77 combats 13/15 LS=True
[GameManager] Phase: GameOver → Title
[GameManager] Phase: Title → RunStart
[GameManager] === ラン開始 === HP:30
[GameManager] Phase: RunStart → FloorIntro
[GameManager] --- フロア 1 [残光の加護] ---
[GameManager] Phase: FloorIntro → MapNavigation
[GameManager] MoveToNode: r1_l2 (phase=MapNavigation)
[GameManager] タイル起動: ショップ (r1_l2)
[GameManager] EnterShop called
[GameManager] MapTransitionController.Instance = null
[GameManager] Phase: MapNavigation → ShopVisit
[GameManager] Phase: ShopVisit → MapNavigation
[GameManager] MoveToNode: r2_l2 (phase=MapNavigation)
[GameManager] タイル起動: 戦闘 (r2_l2)
[GameManager] エンカウント: ゴブリン
[GameManager] Phase: MapNavigation → Combat
[GameManager] Phase: Combat → BattleResult
[GameManager] 戦闘結果: ゴブリン — 勝利 (3T) 残HP:30
[GameManager] Phase: BattleResult → Reward
[GameManager] Phase: Reward → MapNavigation
[GameManager] MoveToNode: r3_l2 (phase=MapNavigation)
[GameManager] タイル起動: イベント (r3_l2)
[GameManager] Phase: MapNavigation → EventEncounter
[GameManager] Phase: EventEncounter → MapNavigation
[GameManager] MoveToNode: r4_l2 (phase=MapNavigation)
[GameManager] タイル起動: 罠 (r4_l2)
[GameManager] Phase: MapNavigation → TrapTriggered
[GameManager] Phase: TrapTriggered → MapNavigation
[GameManager] MoveToNode: r5_l1 (phase=MapNavigation)
[GameManager] タイル起動: ショップ (r5_l1)
[GameManager] EnterShop called
[GameManager] MapTransitionController.Instance = null
[GameManager] Phase: MapNavigation → ShopVisit
[GameManager] Phase: ShopVisit → MapNavigation
[GameManager] MoveToNode: r6_l0 (phase=MapNavigation)
[GameManager] タイル起動: 戦闘 (r6_l0)
[GameManager] エンカウント: ゴブリン
[GameManager] Phase: MapNavigation → Combat
[GameManager] Phase: Combat → BattleResult
[GameManager] 戦闘結果: ゴブリン — 勝利 (3T) 残HP:15
[GameManager] Phase: BattleResult → Reward
[GameManager] Phase: Reward → MapNavigation
[GameManager] MoveToNode: r7_l0 (phase=MapNavigation)
[GameManager] タイル起動: 戦闘 (r7_l0)
[GameManager] エンカウント: スライム
[GameManager] Phase: MapNavigation → Combat
[GameManager] Phase: Combat → BattleResult
[GameManager] 戦闘結果: スライム — 勝利 (2T) 残HP:15
[GameManager] Phase: BattleResult → Reward
[GameManager] Phase: Reward → MapNavigation
[GameManager] MoveToNode: r8_l0 (phase=MapNavigation)
[GameManager] タイル起動: 秘宝 (r8_l0)
[GameManager] 宝箱: ゴールド+6, 骨のダイス
[GameManager] Phase: MapNavigation → TreasureOpen
[GameManager] Phase: TreasureOpen → MapNavigation
[GameManager] MoveToNode: r9_l0 (phase=MapNavigation)
[GameManager] タイル起動: 休憩 (r9_l0)
[GameManager] Phase: MapNavigation → RestStop
[GameManager] 休憩回復: +9HP (30%) (現在: 24/30)
[GameManager] Phase: RestStop → MapNavigation
[GameManager] MoveToNode: boss (phase=MapNavigation)
[GameManager] タイル起動: ボス (boss)
[GameManager] ボス 'boss_layer1' 未定義 — フロア1のプールから抽選
[GameManager] ボス戦: ゴブリン
[GameManager] Phase: MapNavigation → Combat
[GameManager] Phase: Combat → BattleResult
[GameManager] 戦闘結果: ゴブリン — 勝利 (4T) 残HP:22
[GameManager] Phase: BattleResult → Reward
[GameManager] Phase: Reward → FloorClear
[GameManager] フロア1クリア → 次へ
[GameManager] 層デバフ: MaxHP-5 → 25
[GameManager] Phase: FloorClear → FloorIntro
[GameManager] --- フロア 2 [嘆きの共鳴] ---
[GameManager] Phase: FloorIntro → MapNavigation
[GameManager] MoveToNode: r1_l1 (phase=MapNavigation)
[GameManager] タイル起動: ショップ (r1_l1)
[GameManager] EnterShop called
[GameManager] MapTransitionController.Instance = null
[GameManager] Phase: MapNavigation → ShopVisit
[GameManager] Phase: ShopVisit → MapNavigation
[GameManager] MoveToNode: r2_l2 (phase=MapNavigation)
[GameManager] タイル起動: ショップ (r2_l2)
[GameManager] EnterShop called
[GameManager] MapTransitionController.Instance = null
[GameManager] Phase: MapNavigation → ShopVisit
[GameManager] Phase: ShopVisit → MapNavigation
[GameManager] MoveToNode: r3_l2 (phase=MapNavigation)
[GameManager] タイル起動: イベント (r3_l2)
[GameManager] Phase: MapNavigation → EventEncounter
[GameManager] Phase: EventEncounter → MapNavigation
[GameManager] MoveToNode: r4_l1 (phase=MapNavigation)
[GameManager] タイル起動: 戦闘 (r4_l1)
[GameManager] エンカウント: スライム
[GameManager] Phase: MapNavigation → Combat
[GameManager] Phase: Combat → BattleResult
[GameManager] 戦闘結果: スライム — 勝利 (1T) 残HP:25
[GameManager] Phase: BattleResult → Reward
[GameManager] Phase: Reward → MapNavigation
[GameManager] MoveToNode: r5_l1 (phase=MapNavigation)
[GameManager] タイル起動: 戦闘 (r5_l1)
[GameManager] エンカウント: コボルド
[GameManager] Phase: MapNavigation → Combat
[GameManager] Phase: Combat → BattleResult
[GameManager] 戦闘結果: コボルド — 勝利 (2T) 残HP:25
[GameManager] Phase: BattleResult → Reward
[GameManager] Phase: Reward → MapNavigation
[GameManager] MoveToNode: r6_l1 (phase=MapNavigation)
[GameManager] タイル起動: 戦闘 (r6_l1)
[GameManager] エンカウント: 13番目の死
[GameManager] Phase: MapNavigation → Combat
[GameManager] Phase: Combat → BattleResult
[GameManager] 戦闘結果: 13番目の死 — 勝利 (3T) 残HP:25
[GameManager] Phase: BattleResult → Reward
[GameManager] Phase: Reward → MapNavigation
[GameManager] MoveToNode: r7_l1 (phase=MapNavigation)
[GameManager] タイル起動: 激戦 (r7_l1)
[GameManager] エンカウント: ダイアウルフ
[GameManager] Phase: MapNavigation → Combat
[GameManager] Phase: Combat → BattleResult
[GameManager] 戦闘結果: ダイアウルフ — 勝利 (1T) 残HP:25
[GameManager] 激戦2戦目: コボルド
[GameManager] Phase: BattleResult → Combat
[GameManager] Phase: Combat → BattleResult
[GameManager] 戦闘結果: コボルド — 勝利 (4T) 残HP:24
[GameManager] Phase: BattleResult → Reward
[GameManager] Phase: Reward → MapNavigation
[GameManager] MoveToNode: r8_l1 (phase=MapNavigation)
[GameManager] タイル起動: 秘宝 (r8_l1)
[GameManager] 宝箱: ゴールド+14, 静寂のローブ
[GameManager] Phase: MapNavigation → TreasureOpen
[GameManager] Phase: TreasureOpen → MapNavigation
[GameManager] MoveToNode: r9_l1 (phase=MapNavigation)
[GameManager] タイル起動: 休憩 (r9_l1)
[GameManager] Phase: MapNavigation → RestStop
[GameManager] 休憩回復: +8HP (30%) (現在: 25/25)
[GameManager] Phase: RestStop → MapNavigation
[GameManager] MoveToNode: boss (phase=MapNavigation)
[GameManager] タイル起動: ボス (boss)
[GameManager] ボス戦: ゴブリン王
[GameManager] Phase: MapNavigation → Combat
[GameManager] Phase: Combat → BattleResult
[GameManager] 戦闘結果: ゴブリン王 — 勝利 (7T) 残HP:25
[GameManager] Phase: BattleResult → Reward
[GameManager] Phase: Reward → FloorClear
[GameManager] フロア2クリア → 次へ
[GameManager] Phase: FloorClear → FloorIntro
[GameManager] --- フロア 3 [瘴気侵蝕] ---
[GameManager] Phase: FloorIntro → MapNavigation
[GameManager] MoveToNode: r1_l1 (phase=MapNavigation)
[GameManager] タイル起動: ショップ (r1_l1)
[GameManager] EnterShop called
[GameManager] MapTransitionController.Instance = null
[GameManager] Phase: MapNavigation → ShopVisit
[GameManager] Phase: ShopVisit → MapNavigation
[GameManager] MoveToNode: r2_l1 (phase=MapNavigation)
[GameManager] タイル起動: 秘宝 (r2_l1)
[GameManager] 宝箱: ゴールド+21, 投げ短剣の鞘
[GameManager] Phase: MapNavigation → TreasureOpen
[GameManager] Phase: TreasureOpen → MapNavigation
[GameManager] MoveToNode: r3_l0 (phase=MapNavigation)
[GameManager] タイル起動: ショップ (r3_l0)
[GameManager] EnterShop called
[GameManager] MapTransitionController.Instance = null
[GameManager] Phase: MapNavigation → ShopVisit
[GameManager] Phase: ShopVisit → MapNavigation
[GameManager] MoveToNode: r4_l0 (phase=MapNavigation)
[GameManager] タイル起動: ショップ (r4_l0)
[GameManager] EnterShop called
[GameManager] MapTransitionController.Instance = null
[GameManager] Phase: MapNavigation → ShopVisit
[GameManager] Phase: ShopVisit → MapNavigation
[GameManager] MoveToNode: r5_l1 (phase=MapNavigation)
[GameManager] タイル起動: イベント (r5_l1)
[GameManager] Phase: MapNavigation → EventEncounter
[GameManager] Phase: EventEncounter → MapNavigation
[GameManager] MoveToNode: r6_l2 (phase=MapNavigation)
[GameManager] タイル起動: 戦闘 (r6_l2)
[GameManager] エンカウント: オーク
[GameManager] Phase: MapNavigation → Combat
[GameManager] Phase: Combat → BattleResult
[GameManager] 戦闘結果: オーク — 勝利 (8T) 残HP:9
[GameManager] 層デバフ: 戦闘後2ダメージ (HP:7)
[GameManager] Phase: BattleResult → Reward
[GameManager] Phase: Reward → MapNavigation
[GameManager] MoveToNode: r7_l1 (phase=MapNavigation)
[GameManager] タイル起動: イベント (r7_l1)
[GameManager] Phase: MapNavigation → EventEncounter
[GameManager] Phase: EventEncounter → MapNavigation
[GameManager] MoveToNode: r8_l1 (phase=MapNavigation)
[GameManager] タイル起動: 秘宝 (r8_l1)
[GameManager] 宝箱: ゴールド+6, 投げ短剣の鞘
[GameManager] Phase: MapNavigation → TreasureOpen
[GameManager] Phase: TreasureOpen → MapNavigation
[GameManager] MoveToNode: r9_l1 (phase=MapNavigation)
[GameManager] タイル起動: 休憩 (r9_l1)
[GameManager] Phase: MapNavigation → RestStop
[GameManager] 休憩回復: +13HP (50%) (現在: 13/25)
[GameManager] Phase: RestStop → MapNavigation
[GameManager] MoveToNode: boss (phase=MapNavigation)
[GameManager] タイル起動: ボス (boss)
[GameManager] ボス戦: 凍れる吟遊詩人
[GameManager] Phase: MapNavigation → Combat
[GameManager] Phase: Combat → BattleResult
[GameManager] 戦闘結果: 凍れる吟遊詩人 — 勝利 (4T) 残HP:13
[GameManager] 層デバフ: 戦闘後2ダメージ (HP:11)
[GameManager] Phase: BattleResult → Reward
[GameManager] Phase: Reward → FloorClear
[GameManager] フロア3クリア → 次へ
[GameManager] Phase: FloorClear → FloorIntro
[GameManager] --- フロア 4 [煉獄の刻印] ---
[GameManager] Phase: FloorIntro → MapNavigation
[GameManager] MoveToNode: r1_l2 (phase=MapNavigation)
[GameManager] タイル起動: ショップ (r1_l2)
[GameManager] EnterShop called
[GameManager] MapTransitionController.Instance = null
[GameManager] Phase: MapNavigation → ShopVisit
[GameManager] Phase: ShopVisit → MapNavigation
[GameManager] MoveToNode: r2_l1 (phase=MapNavigation)
[GameManager] タイル起動: 戦闘 (r2_l1)
[GameManager] エンカウント: リザードマン
[GameManager] Phase: MapNavigation → Combat
[GameManager] Phase: Combat → BattleResult
[GameManager] 戦闘結果: リザードマン — 勝利 (6T) 残HP:4
[GameManager] Phase: BattleResult → Reward
[GameManager] Phase: Reward → MapNavigation
[GameManager] MoveToNode: r3_l1 (phase=MapNavigation)
[GameManager] タイル起動: 戦闘 (r3_l1)
[GameManager] エンカウント: ミノタウロス
[GameManager] Phase: MapNavigation → Combat
[GameManager] Phase: Combat → BattleResult
[GameManager] 戦闘結果: ミノタウロス — 敗北 (1T) 残HP:0
[GameManager] 救済発動: マップへ戻る
[GameManager] Phase: BattleResult → MapNavigation
[AutoRunner] ラストスタンド発動 (Floor 4)
[GameManager] MoveToNode: r4_l1 (phase=MapNavigation)
[GameManager] タイル起動: 戦闘 (r4_l1)
[GameManager] エンカウント: ダイアウルフ
[GameManager] Phase: MapNavigation → Combat
[GameManager] Phase: Combat → BattleResult
[GameManager] 戦闘結果: ダイアウルフ — 敗北 (1T) 残HP:0
[GameManager] Phase: BattleResult → GameOver
[AutoRunner] === RUN 7 終了: R5 (4Fで死亡) — 敗北 cause=CombatLoss ===

########## RUN 8  [R5 4Fで死亡]  敗北 cause=Starvation
# reached F4 HP 0/1 coins 108 combats 19/21 LS=True
[GameManager] Phase: GameOver → Title
[GameManager] Phase: Title → RunStart
[GameManager] === ラン開始 === HP:30
[GameManager] Phase: RunStart → FloorIntro
[GameManager] --- フロア 1 [残光の加護] ---
[GameManager] Phase: FloorIntro → MapNavigation
[GameManager] MoveToNode: r1_l0 (phase=MapNavigation)
[GameManager] タイル起動: ショップ (r1_l0)
[GameManager] EnterShop called
[GameManager] MapTransitionController.Instance = null
[GameManager] Phase: MapNavigation → ShopVisit
[GameManager] Phase: ShopVisit → MapNavigation
[GameManager] MoveToNode: r2_l0 (phase=MapNavigation)
[GameManager] タイル起動: イベント (r2_l0)
[GameManager] Phase: MapNavigation → EventEncounter
[GameManager] Phase: EventEncounter → MapNavigation
[GameManager] MoveToNode: r3_l1 (phase=MapNavigation)
[GameManager] タイル起動: 激戦 (r3_l1)
[GameManager] エンカウント: ゴブリン
[GameManager] Phase: MapNavigation → Combat
[GameManager] Phase: Combat → BattleResult
[GameManager] 戦闘結果: ゴブリン — 勝利 (3T) 残HP:27
[GameManager] 激戦2戦目: スライム
[GameManager] Phase: BattleResult → Combat
[GameManager] Phase: Combat → BattleResult
[GameManager] 戦闘結果: スライム — 勝利 (3T) 残HP:27
[GameManager] Phase: BattleResult → Reward
[GameManager] Phase: Reward → MapNavigation
[GameManager] MoveToNode: r4_l1 (phase=MapNavigation)
[GameManager] タイル起動: 戦闘 (r4_l1)
[GameManager] エンカウント: スライム
[GameManager] Phase: MapNavigation → Combat
[GameManager] Phase: Combat → BattleResult
[GameManager] 戦闘結果: スライム — 勝利 (1T) 残HP:27
[GameManager] Phase: BattleResult → Reward
[GameManager] Phase: Reward → MapNavigation
[GameManager] MoveToNode: r5_l0 (phase=MapNavigation)
[GameManager] タイル起動: 戦闘 (r5_l0)
[GameManager] エンカウント: ゴブリン
[GameManager] Phase: MapNavigation → Combat
[GameManager] Phase: Combat → BattleResult
[GameManager] 戦闘結果: ゴブリン — 勝利 (3T) 残HP:27
[GameManager] Phase: BattleResult → Reward
[GameManager] Phase: Reward → MapNavigation
[GameManager] MoveToNode: r6_l0 (phase=MapNavigation)
[GameManager] タイル起動: イベント (r6_l0)
[GameManager] Phase: MapNavigation → EventEncounter
[GameManager] Phase: EventEncounter → MapNavigation
[GameManager] MoveToNode: r7_l0 (phase=MapNavigation)
[GameManager] タイル起動: イベント (r7_l0)
[GameManager] Phase: MapNavigation → EventEncounter
[GameManager] イベント戦闘: スライム (elite=True)
[GameManager] Phase: EventEncounter → Combat
[GameManager] Phase: Combat → BattleResult
[GameManager] 戦闘結果: スライム — 勝利 (1T) 残HP:27
[GameManager] Phase: BattleResult → MapNavigation
[GameManager] MoveToNode: r8_l0 (phase=MapNavigation)
[GameManager] タイル起動: 秘宝 (r8_l0)
[GameManager] 宝箱: ゴールド+7, 神聖の靴
[GameManager] Phase: MapNavigation → TreasureOpen
[GameManager] Phase: TreasureOpen → MapNavigation
[GameManager] MoveToNode: r9_l0 (phase=MapNavigation)
[GameManager] タイル起動: 休憩 (r9_l0)
[GameManager] Phase: MapNavigation → RestStop
[GameManager] 休憩回復: +9HP (30%) (現在: 30/30)
[GameManager] Phase: RestStop → MapNavigation
[GameManager] MoveToNode: boss (phase=MapNavigation)
[GameManager] タイル起動: ボス (boss)
[GameManager] ボス 'boss_layer1' 未定義 — フロア1のプールから抽選
[GameManager] ボス戦: スライム
[GameManager] Phase: MapNavigation → Combat
[GameManager] Phase: Combat → BattleResult
[GameManager] 戦闘結果: スライム — 勝利 (1T) 残HP:30
[GameManager] Phase: BattleResult → Reward
[GameManager] Phase: Reward → FloorClear
[GameManager] フロア1クリア → 次へ
[GameManager] 層デバフ: MaxHP-5 → 25
[GameManager] Phase: FloorClear → FloorIntro
[GameManager] --- フロア 2 [嘆きの共鳴] ---
[GameManager] Phase: FloorIntro → MapNavigation
[GameManager] MoveToNode: r1_l0 (phase=MapNavigation)
[GameManager] タイル起動: 休憩 (r1_l0)
[GameManager] Phase: MapNavigation → RestStop
[GameManager] 休憩回復: +8HP (30%) (現在: 25/25)
[GameManager] Phase: RestStop → MapNavigation
[GameManager] MoveToNode: r2_l0 (phase=MapNavigation)
[GameManager] タイル起動: 戦闘 (r2_l0)
[GameManager] エンカウント: スライム
[GameManager] Phase: MapNavigation → Combat
[GameManager] Phase: Combat → BattleResult
[GameManager] 戦闘結果: スライム — 勝利 (2T) 残HP:25
[GameManager] Phase: BattleResult → Reward
[GameManager] Phase: Reward → MapNavigation
[GameManager] MoveToNode: r3_l0 (phase=MapNavigation)
[GameManager] タイル起動: 戦闘 (r3_l0)
[GameManager] エンカウント: ゴブリン
[GameManager] Phase: MapNavigation → Combat
[GameManager] Phase: Combat → BattleResult
[GameManager] 戦闘結果: ゴブリン — 勝利 (2T) 残HP:25
[GameManager] Phase: BattleResult → Reward
[GameManager] Phase: Reward → MapNavigation
[GameManager] MoveToNode: r4_l1 (phase=MapNavigation)
[GameManager] タイル起動: ショップ (r4_l1)
[GameManager] EnterShop called
[GameManager] MapTransitionController.Instance = null
[GameManager] Phase: MapNavigation → ShopVisit
[GameManager] Phase: ShopVisit → MapNavigation
[GameManager] MoveToNode: r5_l1 (phase=MapNavigation)
[GameManager] タイル起動: 戦闘 (r5_l1)
[GameManager] エンカウント: 13番目の死
[GameManager] Phase: MapNavigation → Combat
[GameManager] Phase: Combat → BattleResult
[GameManager] 戦闘結果: 13番目の死 — 勝利 (2T) 残HP:25
[GameManager] Phase: BattleResult → Reward
[GameManager] Phase: Reward → MapNavigation
[GameManager] MoveToNode: r6_l1 (phase=MapNavigation)
[GameManager] タイル起動: 戦闘 (r6_l1)
[GameManager] エンカウント: コボルド
[GameManager] Phase: MapNavigation → Combat
[GameManager] Phase: Combat → BattleResult
[GameManager] 戦闘結果: コボルド — 勝利 (3T) 残HP:25
[GameManager] Phase: BattleResult → Reward
[GameManager] Phase: Reward → MapNavigation
[GameManager] MoveToNode: r7_l1 (phase=MapNavigation)
[GameManager] タイル起動: ショップ (r7_l1)
[GameManager] EnterShop called
[GameManager] MapTransitionController.Instance = null
[GameManager] Phase: MapNavigation → ShopVisit
[GameManager] Phase: ShopVisit → MapNavigation
[GameManager] MoveToNode: r8_l1 (phase=MapNavigation)
[GameManager] タイル起動: 秘宝 (r8_l1)
[GameManager] 宝箱: ゴールド+10, 食通の懐刀
[GameManager] Phase: MapNavigation → TreasureOpen
[GameManager] Phase: TreasureOpen → MapNavigation
[GameManager] MoveToNode: r9_l1 (phase=MapNavigation)
[GameManager] タイル起動: 休憩 (r9_l1)
[GameManager] Phase: MapNavigation → RestStop
[GameManager] 休憩回復: +8HP (30%) (現在: 25/25)
[GameManager] Phase: RestStop → MapNavigation
[GameManager] MoveToNode: boss (phase=MapNavigation)
[GameManager] タイル起動: ボス (boss)
[GameManager] ボス戦: ゴブリン王
[GameManager] Phase: MapNavigation → Combat
[GameManager] Phase: Combat → BattleResult
[GameManager] 戦闘結果: ゴブリン王 — 勝利 (7T) 残HP:22
[GameManager] Phase: BattleResult → Reward
[GameManager] Phase: Reward → FloorClear
[GameManager] フロア2クリア → 次へ
[GameManager] Phase: FloorClear → FloorIntro
[GameManager] --- フロア 3 [瘴気侵蝕] ---
[GameManager] Phase: FloorIntro → MapNavigation
[GameManager] MoveToNode: r1_l2 (phase=MapNavigation)
[GameManager] タイル起動: 戦闘 (r1_l2)
[GameManager] エンカウント: スライム
[GameManager] Phase: MapNavigation → Combat
[GameManager] Phase: Combat → BattleResult
[GameManager] 戦闘結果: スライム — 勝利 (2T) 残HP:25
[GameManager] 層デバフ: 戦闘後2ダメージ (HP:23)
[GameManager] Phase: BattleResult → Reward
[GameManager] Phase: Reward → MapNavigation
[GameManager] MoveToNode: r2_l1 (phase=MapNavigation)
[GameManager] タイル起動: ショップ (r2_l1)
[GameManager] EnterShop called
[GameManager] MapTransitionController.Instance = null
[GameManager] Phase: MapNavigation → ShopVisit
[GameManager] Phase: ShopVisit → MapNavigation
[GameManager] MoveToNode: r3_l0 (phase=MapNavigation)
[GameManager] タイル起動: 秘宝 (r3_l0)
[GameManager] 宝箱: ゴールド+6, 小回復ポーション
[GameManager] Phase: MapNavigation → TreasureOpen
[GameManager] Phase: TreasureOpen → MapNavigation
[GameManager] MoveToNode: r4_l1 (phase=MapNavigation)
[GameManager] タイル起動: 戦闘 (r4_l1)
[GameManager] エンカウント: スライム
[GameManager] Phase: MapNavigation → Combat
[GameManager] Phase: Combat → BattleResult
[GameManager] 戦闘結果: スライム — 勝利 (1T) 残HP:25
[GameManager] 層デバフ: 戦闘後2ダメージ (HP:23)
[GameManager] Phase: BattleResult → Reward
[GameManager] Phase: Reward → MapNavigation
[GameManager] MoveToNode: r5_l1 (phase=MapNavigation)
[GameManager] タイル起動: 激戦 (r5_l1)
[GameManager] エンカウント: ハーピィ
[GameManager] Phase: MapNavigation → Combat
[GameManager] Phase: Combat → BattleResult
[GameManager] 戦闘結果: ハーピィ — 勝利 (11T) 残HP:5
[GameManager] 層デバフ: 戦闘後2ダメージ (HP:3)
[GameManager] 激戦2戦目: コボルド
[GameManager] Phase: BattleResult → Combat
[GameManager] Phase: Combat → BattleResult
[GameManager] 戦闘結果: コボルド — 勝利 (2T) 残HP:3
[GameManager] 層デバフ: 戦闘後2ダメージ (HP:1)
[GameManager] Phase: BattleResult → Reward
[GameManager] Phase: Reward → MapNavigation
[GameManager] MoveToNode: r6_l1 (phase=MapNavigation)
[GameManager] タイル起動: 戦闘 (r6_l1)
[GameManager] エンカウント: 凍れる吟遊詩人
[GameManager] Phase: MapNavigation → Combat
[GameManager] Phase: Combat → BattleResult
[GameManager] 戦闘結果: 凍れる吟遊詩人 — 敗北 (2T) 残HP:0
[GameManager] 救済発動: マップへ戻る
[GameManager] Phase: BattleResult → MapNavigation
[AutoRunner] ラストスタンド発動 (Floor 3)
[GameManager] MoveToNode: r7_l1 (phase=MapNavigation)
[GameManager] タイル起動: 戦闘 (r7_l1)
[GameManager] エンカウント: 凍れる吟遊詩人
[GameManager] Phase: MapNavigation → Combat
[GameManager] Phase: Combat → BattleResult
[GameManager] 戦闘結果: 凍れる吟遊詩人 — 勝利 (10T) 残HP:1
[GameManager] 層デバフ: 戦闘後2ダメージ (HP:1)
[GameManager] Phase: BattleResult → Reward
[GameManager] Phase: Reward → MapNavigation
[GameManager] MoveToNode: r8_l1 (phase=MapNavigation)
[GameManager] タイル起動: 秘宝 (r8_l1)
[GameManager] 宝箱: ゴールド+0, 安らぎの靴
[GameManager] Phase: MapNavigation → TreasureOpen
[GameManager] Phase: TreasureOpen → MapNavigation
[GameManager] MoveToNode: r9_l1 (phase=MapNavigation)
[GameManager] タイル起動: 休憩 (r9_l1)
[GameManager] Phase: MapNavigation → RestStop
[GameManager] 休憩回復: +1HP (50%) (現在: 1/1)
[GameManager] Phase: RestStop → MapNavigation
[GameManager] MoveToNode: boss (phase=MapNavigation)
[GameManager] タイル起動: ボス (boss)
[GameManager] ボス戦: 凍れる吟遊詩人
[GameManager] Phase: MapNavigation → Combat
[GameManager] Phase: Combat → BattleResult
[GameManager] 戦闘結果: 凍れる吟遊詩人 — 勝利 (6T) 残HP:1
[GameManager] 層デバフ: 戦闘後2ダメージ (HP:1)
[GameManager] Phase: BattleResult → Reward
[GameManager] Phase: Reward → FloorClear
[GameManager] フロア3クリア → 次へ
[GameManager] Phase: FloorClear → FloorIntro
[GameManager] --- フロア 4 [煉獄の刻印] ---
[GameManager] Phase: FloorIntro → MapNavigation
[GameManager] MoveToNode: r1_l1 (phase=MapNavigation)
[GameManager] タイル起動: 秘宝 (r1_l1)
[GameManager] 宝箱: ゴールド+0, 革の胸当て
[GameManager] Phase: MapNavigation → TreasureOpen
[GameManager] Phase: TreasureOpen → MapNavigation
[GameManager] MoveToNode: r2_l1 (phase=MapNavigation)
[GameManager] タイル起動: イベント (r2_l1)
[GameManager] Phase: MapNavigation → EventEncounter
[GameManager] Phase: EventEncounter → MapNavigation
[GameManager] MoveToNode: r3_l1 (phase=MapNavigation)
[GameManager] タイル起動: 罠 (r3_l1)
[GameManager] Phase: MapNavigation → TrapTriggered
[GameManager] Phase: TrapTriggered → MapNavigation
[GameManager] MoveToNode: r4_l0 (phase=MapNavigation)
[GameManager] タイル起動: 戦闘 (r4_l0)
[AutoRunner] === RUN 8 終了: R5 (4Fで死亡) — 敗北 cause=Starvation ===

########## RUN 9  [R5 4Fで死亡]  敗北 cause=Starvation
# reached F4 HP 0/1 coins 106 combats 18/18 LS=True
[GameManager] Phase: GameOver → Title
[GameManager] Phase: Title → RunStart
[GameManager] === ラン開始 === HP:30
[GameManager] Phase: RunStart → FloorIntro
[GameManager] --- フロア 1 [残光の加護] ---
[GameManager] Phase: FloorIntro → MapNavigation
[GameManager] MoveToNode: r1_l0 (phase=MapNavigation)
[GameManager] タイル起動: 戦闘 (r1_l0)
[GameManager] エンカウント: スライム
[GameManager] Phase: MapNavigation → Combat
[GameManager] Phase: Combat → BattleResult
[GameManager] 戦闘結果: スライム — 勝利 (3T) 残HP:30
[GameManager] Phase: BattleResult → Reward
[GameManager] Phase: Reward → MapNavigation
[GameManager] MoveToNode: r2_l1 (phase=MapNavigation)
[GameManager] タイル起動: 戦闘 (r2_l1)
[GameManager] エンカウント: スライム
[GameManager] Phase: MapNavigation → Combat
[GameManager] Phase: Combat → BattleResult
[GameManager] 戦闘結果: スライム — 勝利 (1T) 残HP:30
[GameManager] Phase: BattleResult → Reward
[GameManager] Phase: Reward → MapNavigation
[GameManager] MoveToNode: r3_l2 (phase=MapNavigation)
[GameManager] タイル起動: ショップ (r3_l2)
[GameManager] EnterShop called
[GameManager] MapTransitionController.Instance = null
[GameManager] Phase: MapNavigation → ShopVisit
[GameManager] Phase: ShopVisit → MapNavigation
[GameManager] MoveToNode: r4_l2 (phase=MapNavigation)
[GameManager] タイル起動: ショップ (r4_l2)
[GameManager] EnterShop called
[GameManager] MapTransitionController.Instance = null
[GameManager] Phase: MapNavigation → ShopVisit
[GameManager] Phase: ShopVisit → MapNavigation
[GameManager] MoveToNode: r5_l1 (phase=MapNavigation)
[GameManager] タイル起動: 戦闘 (r5_l1)
[GameManager] エンカウント: スライム
[GameManager] Phase: MapNavigation → Combat
[GameManager] Phase: Combat → BattleResult
[GameManager] 戦闘結果: スライム — 勝利 (1T) 残HP:30
[GameManager] Phase: BattleResult → Reward
[GameManager] Phase: Reward → MapNavigation
[GameManager] MoveToNode: r6_l0 (phase=MapNavigation)
[GameManager] タイル起動: 戦闘 (r6_l0)
[GameManager] エンカウント: ゴブリン
[GameManager] Phase: MapNavigation → Combat
[GameManager] Phase: Combat → BattleResult
[GameManager] 戦闘結果: ゴブリン — 勝利 (5T) 残HP:29
[GameManager] Phase: BattleResult → Reward
[GameManager] Phase: Reward → MapNavigation
[GameManager] MoveToNode: r7_l0 (phase=MapNavigation)
[GameManager] タイル起動: 戦闘 (r7_l0)
[GameManager] エンカウント: スライム
[GameManager] Phase: MapNavigation → Combat
[GameManager] Phase: Combat → BattleResult
[GameManager] 戦闘結果: スライム — 勝利 (2T) 残HP:29
[GameManager] Phase: BattleResult → Reward
[GameManager] Phase: Reward → MapNavigation
[GameManager] MoveToNode: r8_l0 (phase=MapNavigation)
[GameManager] タイル起動: 秘宝 (r8_l0)
[GameManager] 宝箱: ゴールド+5, 木のダイス
[GameManager] Phase: MapNavigation → TreasureOpen
[GameManager] Phase: TreasureOpen → MapNavigation
[GameManager] MoveToNode: r9_l0 (phase=MapNavigation)
[GameManager] タイル起動: 休憩 (r9_l0)
[GameManager] Phase: MapNavigation → RestStop
[GameManager] 休憩回復: +9HP (30%) (現在: 30/30)
[GameManager] Phase: RestStop → MapNavigation
[GameManager] MoveToNode: boss (phase=MapNavigation)
[GameManager] タイル起動: ボス (boss)
[GameManager] ボス 'boss_layer1' 未定義 — フロア1のプールから抽選
[GameManager] ボス戦: ゴブリン
[GameManager] Phase: MapNavigation → Combat
[GameManager] Phase: Combat → BattleResult
[GameManager] 戦闘結果: ゴブリン — 勝利 (4T) 残HP:27
[GameManager] Phase: BattleResult → Reward
[GameManager] Phase: Reward → FloorClear
[GameManager] フロア1クリア → 次へ
[GameManager] 層デバフ: MaxHP-5 → 25
[GameManager] Phase: FloorClear → FloorIntro
[GameManager] --- フロア 2 [嘆きの共鳴] ---
[GameManager] Phase: FloorIntro → MapNavigation
[GameManager] MoveToNode: r1_l0 (phase=MapNavigation)
[GameManager] タイル起動: 戦闘 (r1_l0)
[GameManager] エンカウント: スケルトン
[GameManager] Phase: MapNavigation → Combat
[GameManager] Phase: Combat → BattleResult
[GameManager] 戦闘結果: スケルトン — 勝利 (5T) 残HP:22
[GameManager] Phase: BattleResult → Reward
[GameManager] Phase: Reward → MapNavigation
[GameManager] MoveToNode: r2_l0 (phase=MapNavigation)
[GameManager] タイル起動: 秘宝 (r2_l0)
[GameManager] 宝箱: ゴールド+10, 投げ短剣の鞘
[GameManager] Phase: MapNavigation → TreasureOpen
[GameManager] Phase: TreasureOpen → MapNavigation
[GameManager] MoveToNode: r3_l0 (phase=MapNavigation)
[GameManager] タイル起動: 戦闘 (r3_l0)
[GameManager] エンカウント: スライム
[GameManager] Phase: MapNavigation → Combat
[GameManager] Phase: Combat → BattleResult
[GameManager] 戦闘結果: スライム — 勝利 (1T) 残HP:22
[GameManager] Phase: BattleResult → Reward
[GameManager] Phase: Reward → MapNavigation
[GameManager] MoveToNode: r4_l0 (phase=MapNavigation)
[GameManager] タイル起動: 戦闘 (r4_l0)
[GameManager] エンカウント: ゴブリン
[GameManager] Phase: MapNavigation → Combat
[GameManager] Phase: Combat → BattleResult
[GameManager] 戦闘結果: ゴブリン — 勝利 (1T) 残HP:22
[GameManager] Phase: BattleResult → Reward
[GameManager] Phase: Reward → MapNavigation
[GameManager] MoveToNode: r5_l0 (phase=MapNavigation)
[GameManager] タイル起動: ショップ (r5_l0)
[GameManager] EnterShop called
[GameManager] MapTransitionController.Instance = null
[GameManager] Phase: MapNavigation → ShopVisit
[GameManager] Phase: ShopVisit → MapNavigation
[GameManager] MoveToNode: r6_l0 (phase=MapNavigation)
[GameManager] タイル起動: 激戦 (r6_l0)
[GameManager] エンカウント: スライム
[GameManager] Phase: MapNavigation → Combat
[GameManager] Phase: Combat → BattleResult
[GameManager] 戦闘結果: スライム — 勝利 (1T) 残HP:22
[GameManager] 激戦2戦目: 13番目の死
[GameManager] Phase: BattleResult → Combat
[GameManager] Phase: Combat → BattleResult
[GameManager] 戦闘結果: 13番目の死 — 勝利 (1T) 残HP:22
[GameManager] Phase: BattleResult → Reward
[GameManager] Phase: Reward → MapNavigation
[GameManager] MoveToNode: r7_l0 (phase=MapNavigation)
[GameManager] タイル起動: 罠 (r7_l0)
[GameManager] Phase: MapNavigation → TrapTriggered
[GameManager] Phase: TrapTriggered → MapNavigation
[GameManager] MoveToNode: r8_l0 (phase=MapNavigation)
[GameManager] タイル起動: 秘宝 (r8_l0)
[GameManager] 宝箱: ゴールド+6, 黄昏の懐中時計
[GameManager] Phase: MapNavigation → TreasureOpen
[GameManager] Phase: TreasureOpen → MapNavigation
[GameManager] MoveToNode: r9_l0 (phase=MapNavigation)
[GameManager] タイル起動: 休憩 (r9_l0)
[GameManager] Phase: MapNavigation → RestStop
[GameManager] 休憩回復: +8HP (30%) (現在: 25/25)
[GameManager] Phase: RestStop → MapNavigation
[GameManager] MoveToNode: boss (phase=MapNavigation)
[GameManager] タイル起動: ボス (boss)
[GameManager] ボス戦: ゴブリン王
[GameManager] Phase: MapNavigation → Combat
[GameManager] Phase: Combat → BattleResult
[GameManager] 戦闘結果: ゴブリン王 — 勝利 (4T) 残HP:25
[GameManager] Phase: BattleResult → Reward
[GameManager] Phase: Reward → FloorClear
[GameManager] フロア2クリア → 次へ
[GameManager] Phase: FloorClear → FloorIntro
[GameManager] --- フロア 3 [瘴気侵蝕] ---
[GameManager] Phase: FloorIntro → MapNavigation
[GameManager] MoveToNode: r1_l0 (phase=MapNavigation)
[GameManager] タイル起動: 戦闘 (r1_l0)
[GameManager] エンカウント: コボルド
[GameManager] Phase: MapNavigation → Combat
[GameManager] Phase: Combat → BattleResult
[GameManager] 戦闘結果: コボルド — 勝利 (4T) 残HP:19
[GameManager] 層デバフ: 戦闘後2ダメージ (HP:17)
[GameManager] Phase: BattleResult → Reward
[GameManager] Phase: Reward → MapNavigation
[GameManager] MoveToNode: r2_l1 (phase=MapNavigation)
[GameManager] タイル起動: 休憩 (r2_l1)
[GameManager] Phase: MapNavigation → RestStop
[GameManager] 休憩回復: +13HP (50%) (現在: 25/25)
[GameManager] Phase: RestStop → MapNavigation
[GameManager] MoveToNode: r3_l1 (phase=MapNavigation)
[GameManager] タイル起動: 戦闘 (r3_l1)
[GameManager] エンカウント: スケルトン
[GameManager] Phase: MapNavigation → Combat
[GameManager] Phase: Combat → BattleResult
[GameManager] 戦闘結果: スケルトン — 勝利 (2T) 残HP:25
[GameManager] 層デバフ: 戦闘後2ダメージ (HP:23)
[GameManager] Phase: BattleResult → Reward
[GameManager] Phase: Reward → MapNavigation
[GameManager] MoveToNode: r4_l1 (phase=MapNavigation)
[GameManager] タイル起動: 戦闘 (r4_l1)
[GameManager] エンカウント: ゴブリン
[GameManager] Phase: MapNavigation → Combat
[GameManager] Phase: Combat → BattleResult
[GameManager] 戦闘結果: ゴブリン — 勝利 (2T) 残HP:23
[GameManager] 層デバフ: 戦闘後2ダメージ (HP:21)
[GameManager] Phase: BattleResult → Reward
[GameManager] Phase: Reward → MapNavigation
[GameManager] MoveToNode: r5_l2 (phase=MapNavigation)
[GameManager] タイル起動: ショップ (r5_l2)
[GameManager] EnterShop called
[GameManager] MapTransitionController.Instance = null
[GameManager] Phase: MapNavigation → ShopVisit
[GameManager] Phase: ShopVisit → MapNavigation
[GameManager] MoveToNode: r6_l2 (phase=MapNavigation)
[GameManager] タイル起動: 戦闘 (r6_l2)
[GameManager] エンカウント: オーク
[GameManager] Phase: MapNavigation → Combat
[GameManager] Phase: Combat → BattleResult
[GameManager] 戦闘結果: オーク — 勝利 (6T) 残HP:15
[GameManager] 層デバフ: 戦闘後2ダメージ (HP:13)
[GameManager] Phase: BattleResult → Reward
[GameManager] Phase: Reward → MapNavigation
[GameManager] MoveToNode: r7_l1 (phase=MapNavigation)
[GameManager] タイル起動: 罠 (r7_l1)
[GameManager] Phase: MapNavigation → TrapTriggered
[GameManager] Phase: TrapTriggered → MapNavigation
[GameManager] MoveToNode: r8_l1 (phase=MapNavigation)
[GameManager] タイル起動: 秘宝 (r8_l1)
[GameManager] 宝箱: ゴールド+9, 木のダイス
[GameManager] Phase: MapNavigation → TreasureOpen
[GameManager] Phase: TreasureOpen → MapNavigation
[GameManager] MoveToNode: r9_l1 (phase=MapNavigation)
[GameManager] タイル起動: 休憩 (r9_l1)
[GameManager] Phase: MapNavigation → RestStop
[GameManager] 休憩回復: +13HP (50%) (現在: 25/25)
[GameManager] Phase: RestStop → MapNavigation
[GameManager] MoveToNode: boss (phase=MapNavigation)
[GameManager] タイル起動: ボス (boss)
[GameManager] ボス戦: 凍れる吟遊詩人
[GameManager] Phase: MapNavigation → Combat
[GameManager] Phase: Combat → BattleResult
[GameManager] 戦闘結果: 凍れる吟遊詩人 — 勝利 (6T) 残HP:25
[GameManager] 層デバフ: 戦闘後2ダメージ (HP:23)
[GameManager] Phase: BattleResult → Reward
[GameManager] Phase: Reward → FloorClear
[GameManager] フロア3クリア → 次へ
[GameManager] Phase: FloorClear → FloorIntro
[GameManager] --- フロア 4 [煉獄の刻印] ---
[GameManager] Phase: FloorIntro → MapNavigation
[GameManager] MoveToNode: r1_l0 (phase=MapNavigation)
[GameManager] タイル起動: ショップ (r1_l0)
[GameManager] EnterShop called
[GameManager] MapTransitionController.Instance = null
[GameManager] Phase: MapNavigation → ShopVisit
[GameManager] Phase: ShopVisit → MapNavigation
[GameManager] MoveToNode: r2_l0 (phase=MapNavigation)
[GameManager] タイル起動: ショップ (r2_l0)
[GameManager] EnterShop called
[GameManager] MapTransitionController.Instance = null
[GameManager] Phase: MapNavigation → ShopVisit
[GameManager] Phase: ShopVisit → MapNavigation
[GameManager] MoveToNode: r3_l0 (phase=MapNavigation)
[GameManager] タイル起動: イベント (r3_l0)
[GameManager] Phase: MapNavigation → EventEncounter
[GameManager] Phase: EventEncounter → MapNavigation
[GameManager] MoveToNode: r4_l0 (phase=MapNavigation)
[GameManager] タイル起動: ショップ (r4_l0)
[GameManager] EnterShop called
[GameManager] MapTransitionController.Instance = null
[GameManager] Phase: MapNavigation → ShopVisit
[AutoRunner] ラストスタンド発動 (Floor 4)
[AutoRunner] === RUN 9 終了: R5 (4Fで死亡) — 敗北 cause=Starvation ===

########## RUN 10  [R5 4Fで死亡]  敗北 cause=CombatLoss
# reached F4 HP 0/1 coins 155 combats 17/19 LS=True
[GameManager] Phase: GameOver → Title
[GameManager] Phase: Title → RunStart
[GameManager] === ラン開始 === HP:30
[GameManager] Phase: RunStart → FloorIntro
[GameManager] --- フロア 1 [残光の加護] ---
[GameManager] Phase: FloorIntro → MapNavigation
[GameManager] MoveToNode: r1_l0 (phase=MapNavigation)
[GameManager] タイル起動: イベント (r1_l0)
[GameManager] Phase: MapNavigation → EventEncounter
[GameManager] Phase: EventEncounter → MapNavigation
[GameManager] MoveToNode: r2_l0 (phase=MapNavigation)
[GameManager] タイル起動: イベント (r2_l0)
[GameManager] Phase: MapNavigation → EventEncounter
[GameManager] イベント戦闘: ゴブリン (elite=True)
[GameManager] Phase: EventEncounter → Combat
[GameManager] Phase: Combat → BattleResult
[GameManager] 戦闘結果: ゴブリン — 勝利 (1T) 残HP:30
[GameManager] Phase: BattleResult → MapNavigation
[GameManager] MoveToNode: r3_l1 (phase=MapNavigation)
[GameManager] タイル起動: ショップ (r3_l1)
[GameManager] EnterShop called
[GameManager] MapTransitionController.Instance = null
[GameManager] Phase: MapNavigation → ShopVisit
[GameManager] Phase: ShopVisit → MapNavigation
[GameManager] MoveToNode: r4_l0 (phase=MapNavigation)
[GameManager] タイル起動: 戦闘 (r4_l0)
[GameManager] エンカウント: スライム
[GameManager] Phase: MapNavigation → Combat
[GameManager] Phase: Combat → BattleResult
[GameManager] 戦闘結果: スライム — 勝利 (1T) 残HP:30
[GameManager] Phase: BattleResult → Reward
[GameManager] Phase: Reward → MapNavigation
[GameManager] MoveToNode: r5_l0 (phase=MapNavigation)
[GameManager] タイル起動: 戦闘 (r5_l0)
[GameManager] エンカウント: ゴブリン
[GameManager] Phase: MapNavigation → Combat
[GameManager] Phase: Combat → BattleResult
[GameManager] 戦闘結果: ゴブリン — 勝利 (3T) 残HP:30
[GameManager] Phase: BattleResult → Reward
[GameManager] Phase: Reward → MapNavigation
[GameManager] MoveToNode: r6_l0 (phase=MapNavigation)
[GameManager] タイル起動: 戦闘 (r6_l0)
[GameManager] エンカウント: スライム
[GameManager] Phase: MapNavigation → Combat
[GameManager] Phase: Combat → BattleResult
[GameManager] 戦闘結果: スライム — 勝利 (1T) 残HP:30
[GameManager] Phase: BattleResult → Reward
[GameManager] Phase: Reward → MapNavigation
[GameManager] MoveToNode: r7_l0 (phase=MapNavigation)
[GameManager] タイル起動: ショップ (r7_l0)
[GameManager] EnterShop called
[GameManager] MapTransitionController.Instance = null
[GameManager] Phase: MapNavigation → ShopVisit
[GameManager] Phase: ShopVisit → MapNavigation
[GameManager] MoveToNode: r8_l0 (phase=MapNavigation)
[GameManager] タイル起動: 秘宝 (r8_l0)
[GameManager] 宝箱: ゴールド+3, 投げ短剣の鞘
[GameManager] Phase: MapNavigation → TreasureOpen
[GameManager] Phase: TreasureOpen → MapNavigation
[GameManager] MoveToNode: r9_l0 (phase=MapNavigation)
[GameManager] タイル起動: 休憩 (r9_l0)
[GameManager] Phase: MapNavigation → RestStop
[GameManager] 休憩回復: +9HP (30%) (現在: 30/30)
[GameManager] Phase: RestStop → MapNavigation
[GameManager] MoveToNode: boss (phase=MapNavigation)
[GameManager] タイル起動: ボス (boss)
[GameManager] ボス 'boss_layer1' 未定義 — フロア1のプールから抽選
[GameManager] ボス戦: ゴブリン
[GameManager] Phase: MapNavigation → Combat
[GameManager] Phase: Combat → BattleResult
[GameManager] 戦闘結果: ゴブリン — 勝利 (4T) 残HP:26
[GameManager] Phase: BattleResult → Reward
[GameManager] Phase: Reward → FloorClear
[GameManager] フロア1クリア → 次へ
[GameManager] 層デバフ: MaxHP-5 → 25
[GameManager] Phase: FloorClear → FloorIntro
[GameManager] --- フロア 2 [嘆きの共鳴] ---
[GameManager] Phase: FloorIntro → MapNavigation
[GameManager] MoveToNode: r1_l1 (phase=MapNavigation)
[GameManager] タイル起動: 戦闘 (r1_l1)
[GameManager] エンカウント: ゴブリン
[GameManager] Phase: MapNavigation → Combat
[GameManager] Phase: Combat → BattleResult
[GameManager] 戦闘結果: ゴブリン — 勝利 (1T) 残HP:25
[GameManager] Phase: BattleResult → Reward
[GameManager] Phase: Reward → MapNavigation
[GameManager] MoveToNode: r2_l1 (phase=MapNavigation)
[GameManager] タイル起動: イベント (r2_l1)
[GameManager] Phase: MapNavigation → EventEncounter
[GameManager] Phase: EventEncounter → MapNavigation
[GameManager] MoveToNode: r3_l1 (phase=MapNavigation)
[GameManager] タイル起動: 戦闘 (r3_l1)
[GameManager] エンカウント: スライム
[GameManager] Phase: MapNavigation → Combat
[GameManager] Phase: Combat → BattleResult
[GameManager] 戦闘結果: スライム — 勝利 (1T) 残HP:25
[GameManager] Phase: BattleResult → Reward
[GameManager] Phase: Reward → MapNavigation
[GameManager] MoveToNode: r4_l2 (phase=MapNavigation)
[GameManager] タイル起動: 戦闘 (r4_l2)
[GameManager] エンカウント: コボルド
[GameManager] Phase: MapNavigation → Combat
[GameManager] Phase: Combat → BattleResult
[GameManager] 戦闘結果: コボルド — 勝利 (3T) 残HP:23
[GameManager] Phase: BattleResult → Reward
[GameManager] Phase: Reward → MapNavigation
[GameManager] MoveToNode: r5_l2 (phase=MapNavigation)
[GameManager] タイル起動: 戦闘 (r5_l2)
[GameManager] エンカウント: コボルド
[GameManager] Phase: MapNavigation → Combat
[GameManager] Phase: Combat → BattleResult
[GameManager] 戦闘結果: コボルド — 勝利 (3T) 残HP:23
[GameManager] Phase: BattleResult → Reward
[GameManager] Phase: Reward → MapNavigation
[GameManager] MoveToNode: r6_l1 (phase=MapNavigation)
[GameManager] タイル起動: 戦闘 (r6_l1)
[GameManager] エンカウント: ゴブリン
[GameManager] Phase: MapNavigation → Combat
[GameManager] Phase: Combat → BattleResult
[GameManager] 戦闘結果: ゴブリン — 勝利 (2T) 残HP:23
[GameManager] Phase: BattleResult → Reward
[GameManager] Phase: Reward → MapNavigation
[GameManager] MoveToNode: r7_l0 (phase=MapNavigation)
[GameManager] タイル起動: 戦闘 (r7_l0)
[GameManager] エンカウント: スケルトン
[GameManager] Phase: MapNavigation → Combat
[GameManager] Phase: Combat → BattleResult
[GameManager] 戦闘結果: スケルトン — 勝利 (3T) 残HP:22
[GameManager] Phase: BattleResult → Reward
[GameManager] Phase: Reward → MapNavigation
[GameManager] MoveToNode: r8_l0 (phase=MapNavigation)
[GameManager] タイル起動: 秘宝 (r8_l0)
[GameManager] 宝箱: ゴールド+14, 銅貨のダイス
[GameManager] Phase: MapNavigation → TreasureOpen
[GameManager] Phase: TreasureOpen → MapNavigation
[GameManager] MoveToNode: r9_l0 (phase=MapNavigation)
[GameManager] タイル起動: 休憩 (r9_l0)
[GameManager] Phase: MapNavigation → RestStop
[GameManager] 休憩回復: +8HP (30%) (現在: 25/25)
[GameManager] Phase: RestStop → MapNavigation
[GameManager] MoveToNode: boss (phase=MapNavigation)
[GameManager] タイル起動: ボス (boss)
[GameManager] ボス戦: ゴブリン王
[GameManager] Phase: MapNavigation → Combat
[GameManager] Phase: Combat → BattleResult
[GameManager] 戦闘結果: ゴブリン王 — 勝利 (7T) 残HP:16
[GameManager] Phase: BattleResult → Reward
[GameManager] Phase: Reward → FloorClear
[GameManager] フロア2クリア → 次へ
[GameManager] Phase: FloorClear → FloorIntro
[GameManager] --- フロア 3 [瘴気侵蝕] ---
[GameManager] Phase: FloorIntro → MapNavigation
[GameManager] MoveToNode: r1_l0 (phase=MapNavigation)
[GameManager] タイル起動: ショップ (r1_l0)
[GameManager] EnterShop called
[GameManager] MapTransitionController.Instance = null
[GameManager] Phase: MapNavigation → ShopVisit
[GameManager] Phase: ShopVisit → MapNavigation
[GameManager] MoveToNode: r2_l0 (phase=MapNavigation)
[GameManager] タイル起動: ショップ (r2_l0)
[GameManager] EnterShop called
[GameManager] MapTransitionController.Instance = null
[GameManager] Phase: MapNavigation → ShopVisit
[GameManager] Phase: ShopVisit → MapNavigation
[GameManager] MoveToNode: r3_l0 (phase=MapNavigation)
[GameManager] タイル起動: 戦闘 (r3_l0)
[GameManager] エンカウント: ダイアウルフ
[GameManager] Phase: MapNavigation → Combat
[GameManager] Phase: Combat → BattleResult
[GameManager] 戦闘結果: ダイアウルフ — 勝利 (2T) 残HP:24
[GameManager] 層デバフ: 戦闘後2ダメージ (HP:22)
[GameManager] Phase: BattleResult → Reward
[GameManager] Phase: Reward → MapNavigation
[GameManager] MoveToNode: r4_l0 (phase=MapNavigation)
[GameManager] タイル起動: 罠 (r4_l0)
[GameManager] Phase: MapNavigation → TrapTriggered
[GameManager] Phase: TrapTriggered → MapNavigation
[GameManager] MoveToNode: r5_l0 (phase=MapNavigation)
[GameManager] タイル起動: ショップ (r5_l0)
[GameManager] EnterShop called
[GameManager] MapTransitionController.Instance = null
[GameManager] Phase: MapNavigation → ShopVisit
[GameManager] Phase: ShopVisit → MapNavigation
[GameManager] MoveToNode: r6_l0 (phase=MapNavigation)
[GameManager] タイル起動: 秘宝 (r6_l0)
[GameManager] 宝箱: ゴールド+21, 投げ短剣の鞘
[GameManager] Phase: MapNavigation → TreasureOpen
[GameManager] Phase: TreasureOpen → MapNavigation
[GameManager] MoveToNode: r7_l0 (phase=MapNavigation)
[GameManager] タイル起動: 罠 (r7_l0)
[GameManager] Phase: MapNavigation → TrapTriggered
[GameManager] Phase: TrapTriggered → MapNavigation
[GameManager] MoveToNode: r8_l0 (phase=MapNavigation)
[GameManager] タイル起動: 秘宝 (r8_l0)
[GameManager] 宝箱: ゴールド+18, 灯心の鈴
[GameManager] Phase: MapNavigation → TreasureOpen
[GameManager] Phase: TreasureOpen → MapNavigation
[GameManager] MoveToNode: r9_l0 (phase=MapNavigation)
[GameManager] タイル起動: 休憩 (r9_l0)
[GameManager] Phase: MapNavigation → RestStop
[GameManager] 休憩回復: +13HP (50%) (現在: 25/25)
[GameManager] Phase: RestStop → MapNavigation
[GameManager] MoveToNode: boss (phase=MapNavigation)
[GameManager] タイル起動: ボス (boss)
[GameManager] ボス戦: 凍れる吟遊詩人
[GameManager] Phase: MapNavigation → Combat
[GameManager] Phase: Combat → BattleResult
[GameManager] 戦闘結果: 凍れる吟遊詩人 — 勝利 (5T) 残HP:25
[GameManager] 層デバフ: 戦闘後2ダメージ (HP:23)
[GameManager] Phase: BattleResult → Reward
[GameManager] Phase: Reward → FloorClear
[GameManager] フロア3クリア → 次へ
[GameManager] Phase: FloorClear → FloorIntro
[GameManager] --- フロア 4 [煉獄の刻印] ---
[GameManager] Phase: FloorIntro → MapNavigation
[GameManager] MoveToNode: r1_l2 (phase=MapNavigation)
[GameManager] タイル起動: 戦闘 (r1_l2)
[GameManager] エンカウント: 13番目の死
[GameManager] Phase: MapNavigation → Combat
[GameManager] Phase: Combat → BattleResult
[GameManager] 戦闘結果: 13番目の死 — 勝利 (2T) 残HP:25
[GameManager] Phase: BattleResult → Reward
[GameManager] Phase: Reward → MapNavigation
[GameManager] MoveToNode: r2_l2 (phase=MapNavigation)
[GameManager] タイル起動: 戦闘 (r2_l2)
[GameManager] エンカウント: ゴブリン王
[GameManager] Phase: MapNavigation → Combat
[GameManager] Phase: Combat → BattleResult
[GameManager] 戦闘結果: ゴブリン王 — 勝利 (8T) 残HP:22
[GameManager] Phase: BattleResult → Reward
[GameManager] Phase: Reward → MapNavigation
[GameManager] MoveToNode: r3_l2 (phase=MapNavigation)
[GameManager] タイル起動: 戦闘 (r3_l2)
[GameManager] エンカウント: スケルトン
[GameManager] Phase: MapNavigation → Combat
[GameManager] Phase: Combat → BattleResult
[GameManager] 戦闘結果: スケルトン — 勝利 (5T) 残HP:20
[GameManager] Phase: BattleResult → Reward
[GameManager] Phase: Reward → MapNavigation
[GameManager] MoveToNode: r4_l2 (phase=MapNavigation)
[GameManager] タイル起動: イベント (r4_l2)
[GameManager] Phase: MapNavigation → EventEncounter
[GameManager] Phase: EventEncounter → MapNavigation
[GameManager] MoveToNode: r5_l2 (phase=MapNavigation)
[GameManager] タイル起動: イベント (r5_l2)
[GameManager] Phase: MapNavigation → EventEncounter
[GameManager] Phase: EventEncounter → MapNavigation
[GameManager] MoveToNode: r6_l2 (phase=MapNavigation)
[GameManager] タイル起動: 戦闘 (r6_l2)
[GameManager] エンカウント: ミノタウロス
[AutoRunner] ラストスタンド発動 (Floor 4)
[AutoRunner] === RUN 10 終了: R5 (4Fで死亡) — 敗北 cause=CombatLoss ===

########## RUN 11  [R2 2F道中で死亡]  敗北 cause=CombatLoss
# reached F2 HP 0/1 coins 48 combats 9/11 LS=True
[GameManager] Phase: GameOver → Title
[GameManager] Phase: Title → RunStart
[GameManager] === ラン開始 === HP:30
[GameManager] Phase: RunStart → FloorIntro
[GameManager] --- フロア 1 [残光の加護] ---
[GameManager] Phase: FloorIntro → MapNavigation
[GameManager] MoveToNode: r1_l0 (phase=MapNavigation)
[GameManager] タイル起動: イベント (r1_l0)
[GameManager] Phase: MapNavigation → EventEncounter
[GameManager] Phase: EventEncounter → MapNavigation
[GameManager] MoveToNode: r2_l1 (phase=MapNavigation)
[GameManager] タイル起動: 戦闘 (r2_l1)
[GameManager] エンカウント: スライム
[GameManager] Phase: MapNavigation → Combat
[GameManager] Phase: Combat → BattleResult
[GameManager] 戦闘結果: スライム — 勝利 (2T) 残HP:29
[GameManager] Phase: BattleResult → Reward
[GameManager] Phase: Reward → MapNavigation
[GameManager] MoveToNode: r3_l1 (phase=MapNavigation)
[GameManager] タイル起動: 戦闘 (r3_l1)
[GameManager] エンカウント: スライム
[GameManager] Phase: MapNavigation → Combat
[GameManager] Phase: Combat → BattleResult
[GameManager] 戦闘結果: スライム — 勝利 (1T) 残HP:29
[GameManager] Phase: BattleResult → Reward
[GameManager] Phase: Reward → MapNavigation
[GameManager] MoveToNode: r4_l0 (phase=MapNavigation)
[GameManager] タイル起動: ショップ (r4_l0)
[GameManager] EnterShop called
[GameManager] MapTransitionController.Instance = null
[GameManager] Phase: MapNavigation → ShopVisit
[GameManager] Phase: ShopVisit → MapNavigation
[GameManager] MoveToNode: r5_l0 (phase=MapNavigation)
[GameManager] タイル起動: 戦闘 (r5_l0)
[GameManager] エンカウント: スライム
[GameManager] Phase: MapNavigation → Combat
[GameManager] Phase: Combat → BattleResult
[GameManager] 戦闘結果: スライム — 勝利 (2T) 残HP:29
[GameManager] Phase: BattleResult → Reward
[GameManager] Phase: Reward → MapNavigation
[GameManager] MoveToNode: r6_l0 (phase=MapNavigation)
[GameManager] タイル起動: イベント (r6_l0)
[GameManager] Phase: MapNavigation → EventEncounter
[GameManager] イベント戦闘: ゴブリン (elite=True)
[GameManager] Phase: EventEncounter → Combat
[GameManager] Phase: Combat → BattleResult
[GameManager] 戦闘結果: ゴブリン — 勝利 (2T) 残HP:29
[GameManager] Phase: BattleResult → MapNavigation
[GameManager] MoveToNode: r7_l0 (phase=MapNavigation)
[GameManager] タイル起動: 戦闘 (r7_l0)
[GameManager] エンカウント: スライム
[GameManager] Phase: MapNavigation → Combat
[GameManager] Phase: Combat → BattleResult
[GameManager] 戦闘結果: スライム — 勝利 (1T) 残HP:29
[GameManager] Phase: BattleResult → Reward
[GameManager] Phase: Reward → MapNavigation
[GameManager] MoveToNode: r8_l0 (phase=MapNavigation)
[GameManager] タイル起動: 秘宝 (r8_l0)
[GameManager] 宝箱: ゴールド+4, 食通の懐刀
[GameManager] Phase: MapNavigation → TreasureOpen
[GameManager] Phase: TreasureOpen → MapNavigation
[GameManager] MoveToNode: r9_l0 (phase=MapNavigation)
[GameManager] タイル起動: 休憩 (r9_l0)
[GameManager] Phase: MapNavigation → RestStop
[GameManager] 休憩回復: +9HP (30%) (現在: 30/30)
[GameManager] Phase: RestStop → MapNavigation
[GameManager] MoveToNode: boss (phase=MapNavigation)
[GameManager] タイル起動: ボス (boss)
[GameManager] ボス 'boss_layer1' 未定義 — フロア1のプールから抽選
[GameManager] ボス戦: スライム
[GameManager] Phase: MapNavigation → Combat
[GameManager] Phase: Combat → BattleResult
[GameManager] 戦闘結果: スライム — 勝利 (2T) 残HP:30
[GameManager] Phase: BattleResult → Reward
[GameManager] Phase: Reward → FloorClear
[GameManager] フロア1クリア → 次へ
[GameManager] 層デバフ: MaxHP-5 → 25
[GameManager] Phase: FloorClear → FloorIntro
[GameManager] --- フロア 2 [嘆きの共鳴] ---
[GameManager] Phase: FloorIntro → MapNavigation
[GameManager] MoveToNode: r1_l0 (phase=MapNavigation)
[GameManager] タイル起動: 秘宝 (r1_l0)
[GameManager] 宝箱: ゴールド+10, 偏りのダイス
[GameManager] Phase: MapNavigation → TreasureOpen
[GameManager] Phase: TreasureOpen → MapNavigation
[GameManager] MoveToNode: r2_l0 (phase=MapNavigation)
[GameManager] タイル起動: 戦闘 (r2_l0)
[GameManager] エンカウント: ダイアウルフ
[GameManager] Phase: MapNavigation → Combat
[GameManager] Phase: Combat → BattleResult
[GameManager] 戦闘結果: ダイアウルフ — 勝利 (5T) 残HP:21
[GameManager] Phase: BattleResult → Reward
[GameManager] Phase: Reward → MapNavigation
[GameManager] MoveToNode: r3_l0 (phase=MapNavigation)
[GameManager] タイル起動: 戦闘 (r3_l0)
[GameManager] エンカウント: ダイアウルフ
[GameManager] Phase: MapNavigation → Combat
[GameManager] Phase: Combat → BattleResult
[GameManager] 戦闘結果: ダイアウルフ — 勝利 (3T) 残HP:15
[GameManager] Phase: BattleResult → Reward
[GameManager] Phase: Reward → MapNavigation
[GameManager] MoveToNode: r4_l0 (phase=MapNavigation)
[GameManager] タイル起動: ショップ (r4_l0)
[GameManager] EnterShop called
[GameManager] MapTransitionController.Instance = null
[GameManager] Phase: MapNavigation → ShopVisit
[GameManager] Phase: ShopVisit → MapNavigation
[GameManager] MoveToNode: r5_l0 (phase=MapNavigation)
[GameManager] タイル起動: 戦闘 (r5_l0)
[GameManager] エンカウント: ダイアウルフ
[GameManager] Phase: MapNavigation → Combat
[GameManager] Phase: Combat → BattleResult
[GameManager] 戦闘結果: ダイアウルフ — 敗北 (8T) 残HP:0
[GameManager] 救済発動: マップへ戻る
[GameManager] Phase: BattleResult → MapNavigation
[AutoRunner] ラストスタンド発動 (Floor 2)
[GameManager] MoveToNode: r6_l0 (phase=MapNavigation)
[GameManager] タイル起動: 戦闘 (r6_l0)
[GameManager] エンカウント: ゴブリン
[GameManager] Phase: MapNavigation → Combat
[GameManager] Phase: Combat → BattleResult
[GameManager] 戦闘結果: ゴブリン — 勝利 (2T) 残HP:1
[GameManager] Phase: BattleResult → Reward
[GameManager] Phase: Reward → MapNavigation
[GameManager] MoveToNode: r7_l0 (phase=MapNavigation)
[GameManager] タイル起動: 戦闘 (r7_l0)
[GameManager] エンカウント: ゴブリン王
[GameManager] Phase: MapNavigation → Combat
[GameManager] Phase: Combat → BattleResult
[GameManager] 戦闘結果: ゴブリン王 — 敗北 (3T) 残HP:0
[GameManager] Phase: BattleResult → GameOver
[AutoRunner] === RUN 11 終了: R2 (2F道中で死亡) — 敗北 cause=CombatLoss ===

########## RUN 12  [R5 4Fで死亡]  敗北 cause=Starvation
# reached F4 HP 0/1 coins 86 combats 20/20 LS=True
[GameManager] Phase: GameOver → Title
[GameManager] Phase: Title → RunStart
[GameManager] === ラン開始 === HP:30
[GameManager] Phase: RunStart → FloorIntro
[GameManager] --- フロア 1 [残光の加護] ---
[GameManager] Phase: FloorIntro → MapNavigation
[GameManager] MoveToNode: r1_l0 (phase=MapNavigation)
[GameManager] タイル起動: 戦闘 (r1_l0)
[GameManager] エンカウント: スライム
[GameManager] Phase: MapNavigation → Combat
[GameManager] Phase: Combat → BattleResult
[GameManager] 戦闘結果: スライム — 勝利 (2T) 残HP:30
[GameManager] Phase: BattleResult → Reward
[GameManager] Phase: Reward → MapNavigation
[GameManager] MoveToNode: r2_l0 (phase=MapNavigation)
[GameManager] タイル起動: 罠 (r2_l0)
[GameManager] Phase: MapNavigation → TrapTriggered
[GameManager] Phase: TrapTriggered → MapNavigation
[GameManager] MoveToNode: r3_l0 (phase=MapNavigation)
[GameManager] タイル起動: 戦闘 (r3_l0)
[GameManager] エンカウント: ゴブリン
[GameManager] Phase: MapNavigation → Combat
[GameManager] Phase: Combat → BattleResult
[GameManager] 戦闘結果: ゴブリン — 勝利 (3T) 残HP:27
[GameManager] Phase: BattleResult → Reward
[GameManager] Phase: Reward → MapNavigation
[GameManager] MoveToNode: r4_l0 (phase=MapNavigation)
[GameManager] タイル起動: 戦闘 (r4_l0)
[GameManager] エンカウント: スライム
[GameManager] Phase: MapNavigation → Combat
[GameManager] Phase: Combat → BattleResult
[GameManager] 戦闘結果: スライム — 勝利 (2T) 残HP:27
[GameManager] Phase: BattleResult → Reward
[GameManager] Phase: Reward → MapNavigation
[GameManager] MoveToNode: r5_l0 (phase=MapNavigation)
[GameManager] タイル起動: 激戦 (r5_l0)
[GameManager] エンカウント: ゴブリン
[GameManager] Phase: MapNavigation → Combat
[GameManager] Phase: Combat → BattleResult
[GameManager] 戦闘結果: ゴブリン — 勝利 (3T) 残HP:27
[GameManager] 激戦2戦目: スライム
[GameManager] Phase: BattleResult → Combat
[GameManager] Phase: Combat → BattleResult
[GameManager] 戦闘結果: スライム — 勝利 (1T) 残HP:27
[GameManager] Phase: BattleResult → Reward
[GameManager] Phase: Reward → MapNavigation
[GameManager] MoveToNode: r6_l0 (phase=MapNavigation)
[GameManager] タイル起動: 戦闘 (r6_l0)
[GameManager] エンカウント: スライム
[GameManager] Phase: MapNavigation → Combat
[GameManager] Phase: Combat → BattleResult
[GameManager] 戦闘結果: スライム — 勝利 (2T) 残HP:27
[GameManager] Phase: BattleResult → Reward
[GameManager] Phase: Reward → MapNavigation
[GameManager] MoveToNode: r7_l1 (phase=MapNavigation)
[GameManager] タイル起動: 秘宝 (r7_l1)
[GameManager] 宝箱: ゴールド+6, 投げ短剣の鞘
[GameManager] Phase: MapNavigation → TreasureOpen
[GameManager] Phase: TreasureOpen → MapNavigation
[GameManager] MoveToNode: r8_l1 (phase=MapNavigation)
[GameManager] タイル起動: 秘宝 (r8_l1)
[GameManager] 宝箱: ゴールド+7, 回復ポーション
[GameManager] Phase: MapNavigation → TreasureOpen
[GameManager] Phase: TreasureOpen → MapNavigation
[GameManager] MoveToNode: r9_l1 (phase=MapNavigation)
[GameManager] タイル起動: 休憩 (r9_l1)
[GameManager] Phase: MapNavigation → RestStop
[GameManager] 休憩回復: +9HP (30%) (現在: 30/30)
[GameManager] Phase: RestStop → MapNavigation
[GameManager] MoveToNode: boss (phase=MapNavigation)
[GameManager] タイル起動: ボス (boss)
[GameManager] ボス 'boss_layer1' 未定義 — フロア1のプールから抽選
[GameManager] ボス戦: ゴブリン
[GameManager] Phase: MapNavigation → Combat
[GameManager] Phase: Combat → BattleResult
[GameManager] 戦闘結果: ゴブリン — 勝利 (3T) 残HP:29
[GameManager] Phase: BattleResult → Reward
[GameManager] Phase: Reward → FloorClear
[GameManager] フロア1クリア → 次へ
[GameManager] 層デバフ: MaxHP-5 → 25
[GameManager] Phase: FloorClear → FloorIntro
[GameManager] --- フロア 2 [嘆きの共鳴] ---
[GameManager] Phase: FloorIntro → MapNavigation
[GameManager] MoveToNode: r1_l0 (phase=MapNavigation)
[GameManager] タイル起動: 戦闘 (r1_l0)
[GameManager] エンカウント: コボルド
[GameManager] Phase: MapNavigation → Combat
[GameManager] Phase: Combat → BattleResult
[GameManager] 戦闘結果: コボルド — 勝利 (2T) 残HP:25
[GameManager] Phase: BattleResult → Reward
[GameManager] Phase: Reward → MapNavigation
[GameManager] MoveToNode: r2_l0 (phase=MapNavigation)
[GameManager] タイル起動: 罠 (r2_l0)
[GameManager] Phase: MapNavigation → TrapTriggered
[GameManager] Phase: TrapTriggered → MapNavigation
[GameManager] MoveToNode: r3_l0 (phase=MapNavigation)
[GameManager] タイル起動: 戦闘 (r3_l0)
[GameManager] エンカウント: ゴブリン王
[GameManager] Phase: MapNavigation → Combat
[GameManager] Phase: Combat → BattleResult
[GameManager] 戦闘結果: ゴブリン王 — 勝利 (6T) 残HP:16
[GameManager] Phase: BattleResult → Reward
[GameManager] Phase: Reward → MapNavigation
[GameManager] MoveToNode: r4_l0 (phase=MapNavigation)
[GameManager] タイル起動: 戦闘 (r4_l0)
[GameManager] エンカウント: ゴブリン
[GameManager] Phase: MapNavigation → Combat
[GameManager] Phase: Combat → BattleResult
[GameManager] 戦闘結果: ゴブリン — 勝利 (1T) 残HP:16
[GameManager] Phase: BattleResult → Reward
[GameManager] Phase: Reward → MapNavigation
[GameManager] MoveToNode: r5_l0 (phase=MapNavigation)
[GameManager] タイル起動: 戦闘 (r5_l0)
[GameManager] エンカウント: ダイアウルフ
[GameManager] Phase: MapNavigation → Combat
[GameManager] Phase: Combat → BattleResult
[GameManager] 戦闘結果: ダイアウルフ — 勝利 (3T) 残HP:16
[GameManager] Phase: BattleResult → Reward
[GameManager] Phase: Reward → MapNavigation
[GameManager] MoveToNode: r6_l1 (phase=MapNavigation)
[GameManager] タイル起動: 戦闘 (r6_l1)
[GameManager] エンカウント: スライム
[GameManager] Phase: MapNavigation → Combat
[GameManager] Phase: Combat → BattleResult
[GameManager] 戦闘結果: スライム — 勝利 (1T) 残HP:16
[GameManager] Phase: BattleResult → Reward
[GameManager] Phase: Reward → MapNavigation
[GameManager] MoveToNode: r7_l0 (phase=MapNavigation)
[GameManager] タイル起動: 戦闘 (r7_l0)
[GameManager] エンカウント: 13番目の死
[GameManager] Phase: MapNavigation → Combat
[GameManager] Phase: Combat → BattleResult
[GameManager] 戦闘結果: 13番目の死 — 勝利 (2T) 残HP:16
[GameManager] Phase: BattleResult → Reward
[GameManager] Phase: Reward → MapNavigation
[GameManager] MoveToNode: r8_l0 (phase=MapNavigation)
[GameManager] タイル起動: 秘宝 (r8_l0)
[GameManager] 宝箱: ゴールド+14, 安らぎの靴
[GameManager] Phase: MapNavigation → TreasureOpen
[GameManager] Phase: TreasureOpen → MapNavigation
[GameManager] MoveToNode: r9_l0 (phase=MapNavigation)
[GameManager] タイル起動: 休憩 (r9_l0)
[GameManager] Phase: MapNavigation → RestStop
[GameManager] 休憩回復: +8HP (30%) (現在: 25/25)
[GameManager] Phase: RestStop → MapNavigation
[GameManager] MoveToNode: boss (phase=MapNavigation)
[GameManager] タイル起動: ボス (boss)
[GameManager] ボス戦: ゴブリン王
[GameManager] Phase: MapNavigation → Combat
[GameManager] Phase: Combat → BattleResult
[GameManager] 戦闘結果: ゴブリン王 — 勝利 (6T) 残HP:16
[GameManager] Phase: BattleResult → Reward
[GameManager] Phase: Reward → FloorClear
[GameManager] フロア2クリア → 次へ
[GameManager] Phase: FloorClear → FloorIntro
[GameManager] --- フロア 3 [瘴気侵蝕] ---
[GameManager] Phase: FloorIntro → MapNavigation
[GameManager] MoveToNode: r1_l2 (phase=MapNavigation)
[GameManager] タイル起動: 戦闘 (r1_l2)
[GameManager] エンカウント: オーク
[GameManager] Phase: MapNavigation → Combat
[GameManager] Phase: Combat → BattleResult
[GameManager] 戦闘結果: オーク — 勝利 (6T) 残HP:19
[GameManager] 層デバフ: 戦闘後2ダメージ (HP:17)
[GameManager] Phase: BattleResult → Reward
[GameManager] Phase: Reward → MapNavigation
[GameManager] MoveToNode: r2_l1 (phase=MapNavigation)
[GameManager] タイル起動: 戦闘 (r2_l1)
[GameManager] エンカウント: オーク
[GameManager] Phase: MapNavigation → Combat
[GameManager] Phase: Combat → BattleResult
[GameManager] 戦闘結果: オーク — 勝利 (3T) 残HP:17
[GameManager] 層デバフ: 戦闘後2ダメージ (HP:15)
[GameManager] Phase: BattleResult → Reward
[GameManager] Phase: Reward → MapNavigation
[GameManager] MoveToNode: r3_l1 (phase=MapNavigation)
[GameManager] タイル起動: 戦闘 (r3_l1)
[GameManager] エンカウント: 凍れる吟遊詩人
[GameManager] Phase: MapNavigation → Combat
[GameManager] Phase: Combat → BattleResult
[GameManager] 戦闘結果: 凍れる吟遊詩人 — 勝利 (5T) 残HP:16
[GameManager] 層デバフ: 戦闘後2ダメージ (HP:14)
[GameManager] Phase: BattleResult → Reward
[GameManager] Phase: Reward → MapNavigation
[GameManager] MoveToNode: r4_l0 (phase=MapNavigation)
[GameManager] タイル起動: ショップ (r4_l0)
[GameManager] EnterShop called
[GameManager] MapTransitionController.Instance = null
[GameManager] Phase: MapNavigation → ShopVisit
[GameManager] Phase: ShopVisit → MapNavigation
[GameManager] MoveToNode: r5_l0 (phase=MapNavigation)
[GameManager] タイル起動: 罠 (r5_l0)
[GameManager] Phase: MapNavigation → TrapTriggered
[GameManager] Phase: TrapTriggered → MapNavigation
[GameManager] MoveToNode: r6_l0 (phase=MapNavigation)
[GameManager] タイル起動: 秘宝 (r6_l0)
[GameManager] 宝箱: ゴールド+21, 鉄のダイス
[GameManager] Phase: MapNavigation → TreasureOpen
[GameManager] Phase: TreasureOpen → MapNavigation
[GameManager] MoveToNode: r7_l0 (phase=MapNavigation)
[GameManager] タイル起動: ショップ (r7_l0)
[GameManager] EnterShop called
[GameManager] MapTransitionController.Instance = null
[GameManager] Phase: MapNavigation → ShopVisit
[GameManager] Phase: ShopVisit → MapNavigation
[GameManager] MoveToNode: r8_l0 (phase=MapNavigation)
[GameManager] タイル起動: 秘宝 (r8_l0)
[GameManager] 宝箱: ゴールド+6, 観察者の眼鏡
[GameManager] Phase: MapNavigation → TreasureOpen
[GameManager] Phase: TreasureOpen → MapNavigation
[GameManager] MoveToNode: r9_l0 (phase=MapNavigation)
[GameManager] タイル起動: 休憩 (r9_l0)
[GameManager] Phase: MapNavigation → RestStop
[GameManager] 休憩回復: +13HP (50%) (現在: 25/25)
[GameManager] Phase: RestStop → MapNavigation
[GameManager] MoveToNode: boss (phase=MapNavigation)
[GameManager] タイル起動: ボス (boss)
[GameManager] ボス戦: 凍れる吟遊詩人
[GameManager] Phase: MapNavigation → Combat
[GameManager] Phase: Combat → BattleResult
[GameManager] 戦闘結果: 凍れる吟遊詩人 — 勝利 (7T) 残HP:25
[GameManager] 層デバフ: 戦闘後2ダメージ (HP:23)
[GameManager] Phase: BattleResult → Reward
[GameManager] Phase: Reward → FloorClear
[GameManager] フロア3クリア → 次へ
[GameManager] Phase: FloorClear → FloorIntro
[GameManager] --- フロア 4 [煉獄の刻印] ---
[GameManager] Phase: FloorIntro → MapNavigation
[GameManager] MoveToNode: r1_l2 (phase=MapNavigation)
[GameManager] タイル起動: 戦闘 (r1_l2)
[GameManager] エンカウント: リザードマン
[GameManager] Phase: MapNavigation → Combat
[GameManager] Phase: Combat → BattleResult
[GameManager] 戦闘結果: リザードマン — 勝利 (4T) 残HP:23
[GameManager] Phase: BattleResult → Reward
[GameManager] Phase: Reward → MapNavigation
[GameManager] MoveToNode: r2_l2 (phase=MapNavigation)
[GameManager] タイル起動: 罠 (r2_l2)
[GameManager] Phase: MapNavigation → TrapTriggered
[GameManager] Phase: TrapTriggered → MapNavigation
[GameManager] MoveToNode: r3_l2 (phase=MapNavigation)
[GameManager] タイル起動: ショップ (r3_l2)
[GameManager] EnterShop called
[GameManager] MapTransitionController.Instance = null
[GameManager] Phase: MapNavigation → ShopVisit
[GameManager] Phase: ShopVisit → MapNavigation
[GameManager] MoveToNode: r4_l2 (phase=MapNavigation)
[GameManager] タイル起動: 罠 (r4_l2)
[GameManager] Phase: MapNavigation → TrapTriggered
[GameManager] Phase: TrapTriggered → MapNavigation
[AutoRunner] ラストスタンド発動 (Floor 4)
[AutoRunner] === RUN 12 終了: R5 (4Fで死亡) — 敗北 cause=Starvation ===

########## RUN 13  [R5 4Fで死亡]  敗北 cause=Starvation
# reached F4 HP 0/1 coins 137 combats 28/28 LS=True
[GameManager] Phase: GameOver → Title
[GameManager] Phase: Title → RunStart
[GameManager] === ラン開始 === HP:30
[GameManager] Phase: RunStart → FloorIntro
[GameManager] --- フロア 1 [残光の加護] ---
[GameManager] Phase: FloorIntro → MapNavigation
[GameManager] MoveToNode: r1_l0 (phase=MapNavigation)
[GameManager] タイル起動: イベント (r1_l0)
[GameManager] Phase: MapNavigation → EventEncounter
[GameManager] Phase: EventEncounter → MapNavigation
[GameManager] MoveToNode: r2_l0 (phase=MapNavigation)
[GameManager] タイル起動: 戦闘 (r2_l0)
[GameManager] エンカウント: スライム
[GameManager] Phase: MapNavigation → Combat
[GameManager] Phase: Combat → BattleResult
[GameManager] 戦闘結果: スライム — 勝利 (1T) 残HP:30
[GameManager] Phase: BattleResult → Reward
[GameManager] Phase: Reward → MapNavigation
[GameManager] MoveToNode: r3_l0 (phase=MapNavigation)
[GameManager] タイル起動: 戦闘 (r3_l0)
[GameManager] エンカウント: スライム
[GameManager] Phase: MapNavigation → Combat
[GameManager] Phase: Combat → BattleResult
[GameManager] 戦闘結果: スライム — 勝利 (1T) 残HP:30
[GameManager] Phase: BattleResult → Reward
[GameManager] Phase: Reward → MapNavigation
[GameManager] MoveToNode: r4_l0 (phase=MapNavigation)
[GameManager] タイル起動: 戦闘 (r4_l0)
[GameManager] エンカウント: ゴブリン
[GameManager] Phase: MapNavigation → Combat
[GameManager] Phase: Combat → BattleResult
[GameManager] 戦闘結果: ゴブリン — 勝利 (2T) 残HP:30
[GameManager] Phase: BattleResult → Reward
[GameManager] Phase: Reward → MapNavigation
[GameManager] MoveToNode: r5_l0 (phase=MapNavigation)
[GameManager] タイル起動: 戦闘 (r5_l0)
[GameManager] エンカウント: ゴブリン
[GameManager] Phase: MapNavigation → Combat
[GameManager] Phase: Combat → BattleResult
[GameManager] 戦闘結果: ゴブリン — 勝利 (4T) 残HP:30
[GameManager] Phase: BattleResult → Reward
[GameManager] Phase: Reward → MapNavigation
[GameManager] MoveToNode: r6_l0 (phase=MapNavigation)
[GameManager] タイル起動: ショップ (r6_l0)
[GameManager] EnterShop called
[GameManager] MapTransitionController.Instance = null
[GameManager] Phase: MapNavigation → ShopVisit
[GameManager] Phase: ShopVisit → MapNavigation
[GameManager] MoveToNode: r7_l0 (phase=MapNavigation)
[GameManager] タイル起動: 戦闘 (r7_l0)
[GameManager] エンカウント: ゴブリン
[GameManager] Phase: MapNavigation → Combat
[GameManager] Phase: Combat → BattleResult
[GameManager] 戦闘結果: ゴブリン — 勝利 (1T) 残HP:30
[GameManager] Phase: BattleResult → Reward
[GameManager] Phase: Reward → MapNavigation
[GameManager] MoveToNode: r8_l0 (phase=MapNavigation)
[GameManager] タイル起動: 秘宝 (r8_l0)
[GameManager] 宝箱: ゴールド+3, 回復ポーション
[GameManager] Phase: MapNavigation → TreasureOpen
[GameManager] Phase: TreasureOpen → MapNavigation
[GameManager] MoveToNode: r9_l0 (phase=MapNavigation)
[GameManager] タイル起動: 休憩 (r9_l0)
[GameManager] Phase: MapNavigation → RestStop
[GameManager] 休憩回復: +9HP (30%) (現在: 30/30)
[GameManager] Phase: RestStop → MapNavigation
[GameManager] MoveToNode: boss (phase=MapNavigation)
[GameManager] タイル起動: ボス (boss)
[GameManager] ボス 'boss_layer1' 未定義 — フロア1のプールから抽選
[GameManager] ボス戦: スライム
[GameManager] Phase: MapNavigation → Combat
[GameManager] Phase: Combat → BattleResult
[GameManager] 戦闘結果: スライム — 勝利 (1T) 残HP:30
[GameManager] Phase: BattleResult → Reward
[GameManager] Phase: Reward → FloorClear
[GameManager] フロア1クリア → 次へ
[GameManager] 層デバフ: MaxHP-5 → 25
[GameManager] Phase: FloorClear → FloorIntro
[GameManager] --- フロア 2 [嘆きの共鳴] ---
[GameManager] Phase: FloorIntro → MapNavigation
[GameManager] MoveToNode: r1_l0 (phase=MapNavigation)
[GameManager] タイル起動: 戦闘 (r1_l0)
[GameManager] エンカウント: ゴブリン王
[GameManager] Phase: MapNavigation → Combat
[GameManager] Phase: Combat → BattleResult
[GameManager] 戦闘結果: ゴブリン王 — 勝利 (7T) 残HP:18
[GameManager] Phase: BattleResult → Reward
[GameManager] Phase: Reward → MapNavigation
[GameManager] MoveToNode: r2_l0 (phase=MapNavigation)
[GameManager] タイル起動: 激戦 (r2_l0)
[GameManager] エンカウント: 13番目の死
[GameManager] Phase: MapNavigation → Combat
[GameManager] Phase: Combat → BattleResult
[GameManager] 戦闘結果: 13番目の死 — 勝利 (1T) 残HP:18
[GameManager] 激戦2戦目: ゴブリン
[GameManager] Phase: BattleResult → Combat
[GameManager] Phase: Combat → BattleResult
[GameManager] 戦闘結果: ゴブリン — 勝利 (1T) 残HP:18
[GameManager] Phase: BattleResult → Reward
[GameManager] Phase: Reward → MapNavigation
[GameManager] MoveToNode: r3_l0 (phase=MapNavigation)
[GameManager] タイル起動: 戦闘 (r3_l0)
[GameManager] エンカウント: スケルトン
[GameManager] Phase: MapNavigation → Combat
[GameManager] Phase: Combat → BattleResult
[GameManager] 戦闘結果: スケルトン — 勝利 (5T) 残HP:15
[GameManager] Phase: BattleResult → Reward
[GameManager] Phase: Reward → MapNavigation
[GameManager] MoveToNode: r4_l0 (phase=MapNavigation)
[GameManager] タイル起動: 戦闘 (r4_l0)
[GameManager] エンカウント: スライム
[GameManager] Phase: MapNavigation → Combat
[GameManager] Phase: Combat → BattleResult
[GameManager] 戦闘結果: スライム — 勝利 (2T) 残HP:15
[GameManager] Phase: BattleResult → Reward
[GameManager] Phase: Reward → MapNavigation
[GameManager] MoveToNode: r5_l0 (phase=MapNavigation)
[GameManager] タイル起動: 秘宝 (r5_l0)
[GameManager] 宝箱: ゴールド+12, 力帯
[GameManager] Phase: MapNavigation → TreasureOpen
[GameManager] Phase: TreasureOpen → MapNavigation
[GameManager] MoveToNode: r6_l0 (phase=MapNavigation)
[GameManager] タイル起動: 戦闘 (r6_l0)
[GameManager] エンカウント: ダイアウルフ
[GameManager] Phase: MapNavigation → Combat
[GameManager] Phase: Combat → BattleResult
[GameManager] 戦闘結果: ダイアウルフ — 勝利 (6T) 残HP:14
[GameManager] Phase: BattleResult → Reward
[GameManager] Phase: Reward → MapNavigation
[GameManager] MoveToNode: r7_l0 (phase=MapNavigation)
[GameManager] タイル起動: 戦闘 (r7_l0)
[GameManager] エンカウント: ゴブリン王
[GameManager] Phase: MapNavigation → Combat
[GameManager] Phase: Combat → BattleResult
[GameManager] 戦闘結果: ゴブリン王 — 勝利 (4T) 残HP:14
[GameManager] Phase: BattleResult → Reward
[GameManager] Phase: Reward → MapNavigation
[GameManager] MoveToNode: r8_l0 (phase=MapNavigation)
[GameManager] タイル起動: 秘宝 (r8_l0)
[GameManager] 宝箱: ゴールド+14, 木のダイス
[GameManager] Phase: MapNavigation → TreasureOpen
[GameManager] Phase: TreasureOpen → MapNavigation
[GameManager] MoveToNode: r9_l0 (phase=MapNavigation)
[GameManager] タイル起動: 休憩 (r9_l0)
[GameManager] Phase: MapNavigation → RestStop
[GameManager] 休憩回復: +8HP (30%) (現在: 22/25)
[GameManager] Phase: RestStop → MapNavigation
[GameManager] MoveToNode: boss (phase=MapNavigation)
[GameManager] タイル起動: ボス (boss)
[GameManager] ボス戦: ゴブリン王
[GameManager] Phase: MapNavigation → Combat
[GameManager] Phase: Combat → BattleResult
[GameManager] 戦闘結果: ゴブリン王 — 勝利 (3T) 残HP:22
[GameManager] Phase: BattleResult → Reward
[GameManager] Phase: Reward → FloorClear
[GameManager] フロア2クリア → 次へ
[GameManager] Phase: FloorClear → FloorIntro
[GameManager] --- フロア 3 [瘴気侵蝕] ---
[GameManager] Phase: FloorIntro → MapNavigation
[GameManager] MoveToNode: r1_l1 (phase=MapNavigation)
[GameManager] タイル起動: 戦闘 (r1_l1)
[GameManager] エンカウント: 凍れる吟遊詩人
[GameManager] Phase: MapNavigation → Combat
[GameManager] Phase: Combat → BattleResult
[GameManager] 戦闘結果: 凍れる吟遊詩人 — 勝利 (4T) 残HP:25
[GameManager] 層デバフ: 戦闘後2ダメージ (HP:23)
[GameManager] Phase: BattleResult → Reward
[GameManager] Phase: Reward → MapNavigation
[GameManager] MoveToNode: r2_l1 (phase=MapNavigation)
[GameManager] タイル起動: 激戦 (r2_l1)
[GameManager] エンカウント: ゴブリン
[GameManager] Phase: MapNavigation → Combat
[GameManager] Phase: Combat → BattleResult
[GameManager] 戦闘結果: ゴブリン — 勝利 (3T) 残HP:23
[GameManager] 層デバフ: 戦闘後2ダメージ (HP:21)
[GameManager] 激戦2戦目: オーク
[GameManager] Phase: BattleResult → Combat
[GameManager] Phase: Combat → BattleResult
[GameManager] 戦闘結果: オーク — 勝利 (4T) 残HP:21
[GameManager] 層デバフ: 戦闘後2ダメージ (HP:19)
[GameManager] Phase: BattleResult → Reward
[GameManager] Phase: Reward → MapNavigation
[GameManager] MoveToNode: r3_l1 (phase=MapNavigation)
[GameManager] タイル起動: 戦闘 (r3_l1)
[GameManager] エンカウント: ハーピィ
[GameManager] Phase: MapNavigation → Combat
[GameManager] Phase: Combat → BattleResult
[GameManager] 戦闘結果: ハーピィ — 勝利 (2T) 残HP:19
[GameManager] 層デバフ: 戦闘後2ダメージ (HP:17)
[GameManager] Phase: BattleResult → Reward
[GameManager] Phase: Reward → MapNavigation
[GameManager] MoveToNode: r4_l1 (phase=MapNavigation)
[GameManager] タイル起動: ショップ (r4_l1)
[GameManager] EnterShop called
[GameManager] MapTransitionController.Instance = null
[GameManager] Phase: MapNavigation → ShopVisit
[GameManager] Phase: ShopVisit → MapNavigation
[GameManager] MoveToNode: r5_l1 (phase=MapNavigation)
[GameManager] タイル起動: 激戦 (r5_l1)
[GameManager] エンカウント: 凍れる吟遊詩人
[GameManager] Phase: MapNavigation → Combat
[GameManager] Phase: Combat → BattleResult
[GameManager] 戦闘結果: 凍れる吟遊詩人 — 勝利 (5T) 残HP:17
[GameManager] 層デバフ: 戦闘後2ダメージ (HP:15)
[GameManager] 激戦2戦目: スケルトン
[GameManager] Phase: BattleResult → Combat
[GameManager] Phase: Combat → BattleResult
[GameManager] 戦闘結果: スケルトン — 勝利 (2T) 残HP:15
[GameManager] 層デバフ: 戦闘後2ダメージ (HP:13)
[GameManager] Phase: BattleResult → Reward
[GameManager] Phase: Reward → MapNavigation
[GameManager] MoveToNode: r6_l2 (phase=MapNavigation)
[GameManager] タイル起動: 戦闘 (r6_l2)
[GameManager] エンカウント: ダイアウルフ
[GameManager] Phase: MapNavigation → Combat
[GameManager] Phase: Combat → BattleResult
[GameManager] 戦闘結果: ダイアウルフ — 勝利 (2T) 残HP:13
[GameManager] 層デバフ: 戦闘後2ダメージ (HP:11)
[GameManager] Phase: BattleResult → Reward
[GameManager] Phase: Reward → MapNavigation
[GameManager] MoveToNode: r7_l2 (phase=MapNavigation)
[GameManager] タイル起動: 罠 (r7_l2)
[GameManager] Phase: MapNavigation → TrapTriggered
[GameManager] Phase: TrapTriggered → MapNavigation
[GameManager] MoveToNode: r8_l2 (phase=MapNavigation)
[GameManager] タイル起動: 秘宝 (r8_l2)
[GameManager] 宝箱: ゴールド+15, 苦難の刻印
[GameManager] Phase: MapNavigation → TreasureOpen
[GameManager] Phase: TreasureOpen → MapNavigation
[GameManager] MoveToNode: r9_l2 (phase=MapNavigation)
[GameManager] タイル起動: 休憩 (r9_l2)
[GameManager] Phase: MapNavigation → RestStop
[GameManager] 休憩回復: +13HP (50%) (現在: 24/25)
[GameManager] Phase: RestStop → MapNavigation
[GameManager] MoveToNode: boss (phase=MapNavigation)
[GameManager] タイル起動: ボス (boss)
[GameManager] ボス戦: 凍れる吟遊詩人
[GameManager] Phase: MapNavigation → Combat
[GameManager] Phase: Combat → BattleResult
[GameManager] 戦闘結果: 凍れる吟遊詩人 — 勝利 (5T) 残HP:23
[GameManager] 層デバフ: 戦闘後2ダメージ (HP:21)
[GameManager] Phase: BattleResult → Reward
[GameManager] Phase: Reward → FloorClear
[GameManager] フロア3クリア → 次へ
[GameManager] Phase: FloorClear → FloorIntro
[GameManager] --- フロア 4 [煉獄の刻印] ---
[GameManager] Phase: FloorIntro → MapNavigation
[GameManager] MoveToNode: r1_l0 (phase=MapNavigation)
[GameManager] タイル起動: 戦闘 (r1_l0)
[GameManager] エンカウント: 凍れる吟遊詩人
[AutoRunner] ラストスタンド発動 (Floor 4)
[AutoRunner] === RUN 13 終了: R5 (4Fで死亡) — 敗北 cause=Starvation ===

########## RUN 14  [DEADLOCK デッドロック]  移動先なし(MapNavigation)
# reached F4 HP 1/1 coins 81 combats 21/22 LS=True
[GameManager] Phase: GameOver → Title
[GameManager] Phase: Title → RunStart
[GameManager] === ラン開始 === HP:30
[GameManager] Phase: RunStart → FloorIntro
[GameManager] --- フロア 1 [残光の加護] ---
[GameManager] Phase: FloorIntro → MapNavigation
[GameManager] MoveToNode: r1_l2 (phase=MapNavigation)
[GameManager] タイル起動: 戦闘 (r1_l2)
[GameManager] エンカウント: スライム
[GameManager] Phase: MapNavigation → Combat
[GameManager] Phase: Combat → BattleResult
[GameManager] 戦闘結果: スライム — 勝利 (1T) 残HP:30
[GameManager] Phase: BattleResult → Reward
[GameManager] Phase: Reward → MapNavigation
[GameManager] MoveToNode: r2_l2 (phase=MapNavigation)
[GameManager] タイル起動: 戦闘 (r2_l2)
[GameManager] エンカウント: スライム
[GameManager] Phase: MapNavigation → Combat
[GameManager] Phase: Combat → BattleResult
[GameManager] 戦闘結果: スライム — 勝利 (2T) 残HP:30
[GameManager] Phase: BattleResult → Reward
[GameManager] Phase: Reward → MapNavigation
[GameManager] MoveToNode: r3_l2 (phase=MapNavigation)
[GameManager] タイル起動: 戦闘 (r3_l2)
[GameManager] エンカウント: スライム
[GameManager] Phase: MapNavigation → Combat
[GameManager] Phase: Combat → BattleResult
[GameManager] 戦闘結果: スライム — 勝利 (2T) 残HP:30
[GameManager] Phase: BattleResult → Reward
[GameManager] Phase: Reward → MapNavigation
[GameManager] MoveToNode: r4_l1 (phase=MapNavigation)
[GameManager] タイル起動: イベント (r4_l1)
[GameManager] Phase: MapNavigation → EventEncounter
[GameManager] Phase: EventEncounter → MapNavigation
[GameManager] MoveToNode: r5_l1 (phase=MapNavigation)
[GameManager] タイル起動: 戦闘 (r5_l1)
[GameManager] エンカウント: スライム
[GameManager] Phase: MapNavigation → Combat
[GameManager] Phase: Combat → BattleResult
[GameManager] 戦闘結果: スライム — 勝利 (2T) 残HP:30
[GameManager] Phase: BattleResult → Reward
[GameManager] Phase: Reward → MapNavigation
[GameManager] MoveToNode: r6_l0 (phase=MapNavigation)
[GameManager] タイル起動: 戦闘 (r6_l0)
[GameManager] エンカウント: ゴブリン
[GameManager] Phase: MapNavigation → Combat
[GameManager] Phase: Combat → BattleResult
[GameManager] 戦闘結果: ゴブリン — 勝利 (3T) 残HP:28
[GameManager] Phase: BattleResult → Reward
[GameManager] Phase: Reward → MapNavigation
[GameManager] MoveToNode: r7_l0 (phase=MapNavigation)
[GameManager] タイル起動: 戦闘 (r7_l0)
[GameManager] エンカウント: スライム
[GameManager] Phase: MapNavigation → Combat
[GameManager] Phase: Combat → BattleResult
[GameManager] 戦闘結果: スライム — 勝利 (2T) 残HP:28
[GameManager] Phase: BattleResult → Reward
[GameManager] Phase: Reward → MapNavigation
[GameManager] MoveToNode: r8_l0 (phase=MapNavigation)
[GameManager] タイル起動: 秘宝 (r8_l0)
[GameManager] 宝箱: ゴールド+2, 鋼鉄の腕輪
[GameManager] Phase: MapNavigation → TreasureOpen
[GameManager] Phase: TreasureOpen → MapNavigation
[GameManager] MoveToNode: r9_l0 (phase=MapNavigation)
[GameManager] タイル起動: 休憩 (r9_l0)
[GameManager] Phase: MapNavigation → RestStop
[GameManager] 休憩回復: +9HP (30%) (現在: 30/30)
[GameManager] Phase: RestStop → MapNavigation
[GameManager] MoveToNode: boss (phase=MapNavigation)
[GameManager] タイル起動: ボス (boss)
[GameManager] ボス 'boss_layer1' 未定義 — フロア1のプールから抽選
[GameManager] ボス戦: スライム
[GameManager] Phase: MapNavigation → Combat
[GameManager] Phase: Combat → BattleResult
[GameManager] 戦闘結果: スライム — 勝利 (1T) 残HP:30
[GameManager] Phase: BattleResult → Reward
[GameManager] Phase: Reward → FloorClear
[GameManager] フロア1クリア → 次へ
[GameManager] 層デバフ: MaxHP-5 → 25
[GameManager] Phase: FloorClear → FloorIntro
[GameManager] --- フロア 2 [嘆きの共鳴] ---
[GameManager] Phase: FloorIntro → MapNavigation
[GameManager] MoveToNode: r1_l0 (phase=MapNavigation)
[GameManager] タイル起動: 戦闘 (r1_l0)
[GameManager] エンカウント: スライム
[GameManager] Phase: MapNavigation → Combat
[GameManager] Phase: Combat → BattleResult
[GameManager] 戦闘結果: スライム — 勝利 (1T) 残HP:25
[GameManager] Phase: BattleResult → Reward
[GameManager] Phase: Reward → MapNavigation
[GameManager] MoveToNode: r2_l0 (phase=MapNavigation)
[GameManager] タイル起動: ショップ (r2_l0)
[GameManager] EnterShop called
[GameManager] MapTransitionController.Instance = null
[GameManager] Phase: MapNavigation → ShopVisit
[GameManager] Phase: ShopVisit → MapNavigation
[GameManager] MoveToNode: r3_l1 (phase=MapNavigation)
[GameManager] タイル起動: ショップ (r3_l1)
[GameManager] EnterShop called
[GameManager] MapTransitionController.Instance = null
[GameManager] Phase: MapNavigation → ShopVisit
[GameManager] Phase: ShopVisit → MapNavigation
[GameManager] MoveToNode: r4_l1 (phase=MapNavigation)
[GameManager] タイル起動: 戦闘 (r4_l1)
[GameManager] エンカウント: ダイアウルフ
[GameManager] Phase: MapNavigation → Combat
[GameManager] Phase: Combat → BattleResult
[GameManager] 戦闘結果: ダイアウルフ — 勝利 (2T) 残HP:25
[GameManager] Phase: BattleResult → Reward
[GameManager] Phase: Reward → MapNavigation
[GameManager] MoveToNode: r5_l0 (phase=MapNavigation)
[GameManager] タイル起動: 秘宝 (r5_l0)
[GameManager] 宝箱: ゴールド+4, 鋼の籠手
[GameManager] Phase: MapNavigation → TreasureOpen
[GameManager] Phase: TreasureOpen → MapNavigation
[GameManager] MoveToNode: r6_l0 (phase=MapNavigation)
[GameManager] タイル起動: ショップ (r6_l0)
[GameManager] EnterShop called
[GameManager] MapTransitionController.Instance = null
[GameManager] Phase: MapNavigation → ShopVisit
[GameManager] Phase: ShopVisit → MapNavigation
[GameManager] MoveToNode: r7_l1 (phase=MapNavigation)
[GameManager] タイル起動: 戦闘 (r7_l1)
[GameManager] エンカウント: コボルド
[GameManager] Phase: MapNavigation → Combat
[GameManager] Phase: Combat → BattleResult
[GameManager] 戦闘結果: コボルド — 勝利 (1T) 残HP:25
[GameManager] Phase: BattleResult → Reward
[GameManager] Phase: Reward → MapNavigation
[GameManager] MoveToNode: r8_l1 (phase=MapNavigation)
[GameManager] タイル起動: 秘宝 (r8_l1)
[GameManager] 宝箱: ゴールド+10, 死神の数珠
[GameManager] Phase: MapNavigation → TreasureOpen
[GameManager] Phase: TreasureOpen → MapNavigation
[GameManager] MoveToNode: r9_l1 (phase=MapNavigation)
[GameManager] タイル起動: 休憩 (r9_l1)
[GameManager] Phase: MapNavigation → RestStop
[GameManager] 休憩回復: +8HP (30%) (現在: 25/25)
[GameManager] Phase: RestStop → MapNavigation
[GameManager] MoveToNode: boss (phase=MapNavigation)
[GameManager] タイル起動: ボス (boss)
[GameManager] ボス戦: ゴブリン王
[GameManager] Phase: MapNavigation → Combat
[GameManager] Phase: Combat → BattleResult
[GameManager] 戦闘結果: ゴブリン王 — 勝利 (3T) 残HP:25
[GameManager] Phase: BattleResult → Reward
[GameManager] Phase: Reward → FloorClear
[GameManager] フロア2クリア → 次へ
[GameManager] Phase: FloorClear → FloorIntro
[GameManager] --- フロア 3 [瘴気侵蝕] ---
[GameManager] Phase: FloorIntro → MapNavigation
[GameManager] MoveToNode: r1_l0 (phase=MapNavigation)
[GameManager] タイル起動: 激戦 (r1_l0)
[GameManager] エンカウント: ハーピィ
[GameManager] Phase: MapNavigation → Combat
[GameManager] Phase: Combat → BattleResult
[GameManager] 戦闘結果: ハーピィ — 勝利 (1T) 残HP:25
[GameManager] 層デバフ: 戦闘後2ダメージ (HP:23)
[GameManager] 激戦2戦目: オーク
[GameManager] Phase: BattleResult → Combat
[GameManager] Phase: Combat → BattleResult
[GameManager] 戦闘結果: オーク — 勝利 (4T) 残HP:23
[GameManager] 層デバフ: 戦闘後2ダメージ (HP:21)
[GameManager] Phase: BattleResult → Reward
[GameManager] Phase: Reward → MapNavigation
[GameManager] MoveToNode: r2_l1 (phase=MapNavigation)
[GameManager] タイル起動: 戦闘 (r2_l1)
[GameManager] エンカウント: オーク
[GameManager] Phase: MapNavigation → Combat
[GameManager] Phase: Combat → BattleResult
[GameManager] 戦闘結果: オーク — 勝利 (3T) 残HP:21
[GameManager] 層デバフ: 戦闘後2ダメージ (HP:19)
[GameManager] Phase: BattleResult → Reward
[GameManager] Phase: Reward → MapNavigation
[GameManager] MoveToNode: r3_l2 (phase=MapNavigation)
[GameManager] タイル起動: 戦闘 (r3_l2)
[GameManager] エンカウント: 凍れる吟遊詩人
[GameManager] Phase: MapNavigation → Combat
[GameManager] Phase: Combat → BattleResult
[GameManager] 戦闘結果: 凍れる吟遊詩人 — 勝利 (4T) 残HP:19
[GameManager] 層デバフ: 戦闘後2ダメージ (HP:17)
[GameManager] Phase: BattleResult → Reward
[GameManager] Phase: Reward → MapNavigation
[GameManager] MoveToNode: r4_l2 (phase=MapNavigation)
[GameManager] タイル起動: 休憩 (r4_l2)
[GameManager] Phase: MapNavigation → RestStop
[GameManager] 休憩回復: +13HP (50%) (現在: 25/25)
[GameManager] Phase: RestStop → MapNavigation
[GameManager] MoveToNode: r5_l2 (phase=MapNavigation)
[GameManager] タイル起動: 秘宝 (r5_l2)
[GameManager] 宝箱: ゴールド+9, 観察者の眼鏡
[GameManager] Phase: MapNavigation → TreasureOpen
[GameManager] Phase: TreasureOpen → MapNavigation
[GameManager] MoveToNode: r6_l2 (phase=MapNavigation)
[GameManager] タイル起動: 戦闘 (r6_l2)
[GameManager] エンカウント: 凍れる吟遊詩人
[GameManager] Phase: MapNavigation → Combat
[GameManager] Phase: Combat → BattleResult
[GameManager] 戦闘結果: 凍れる吟遊詩人 — 勝利 (4T) 残HP:25
[GameManager] 層デバフ: 戦闘後2ダメージ (HP:23)
[GameManager] Phase: BattleResult → Reward
[GameManager] Phase: Reward → MapNavigation
[GameManager] MoveToNode: r7_l2 (phase=MapNavigation)
[GameManager] タイル起動: ショップ (r7_l2)
[GameManager] EnterShop called
[GameManager] MapTransitionController.Instance = null
[GameManager] Phase: MapNavigation → ShopVisit
[GameManager] Phase: ShopVisit → MapNavigation
[GameManager] MoveToNode: r8_l2 (phase=MapNavigation)
[GameManager] タイル起動: 秘宝 (r8_l2)
[GameManager] 宝箱: ゴールド+21, 灯心の鈴
[GameManager] Phase: MapNavigation → TreasureOpen
[GameManager] Phase: TreasureOpen → MapNavigation
[GameManager] MoveToNode: r9_l2 (phase=MapNavigation)
[GameManager] タイル起動: 休憩 (r9_l2)
[GameManager] Phase: MapNavigation → RestStop
[GameManager] 休憩回復: +13HP (50%) (現在: 25/25)
[GameManager] Phase: RestStop → MapNavigation
[GameManager] MoveToNode: boss (phase=MapNavigation)
[GameManager] タイル起動: ボス (boss)
[GameManager] ボス戦: 凍れる吟遊詩人
[GameManager] Phase: MapNavigation → Combat
[GameManager] Phase: Combat → BattleResult
[GameManager] 戦闘結果: 凍れる吟遊詩人 — 勝利 (3T) 残HP:25
[GameManager] 層デバフ: 戦闘後2ダメージ (HP:23)
[GameManager] Phase: BattleResult → Reward
[GameManager] Phase: Reward → FloorClear
[GameManager] フロア3クリア → 次へ
[GameManager] Phase: FloorClear → FloorIntro
[GameManager] --- フロア 4 [煉獄の刻印] ---
[GameManager] Phase: FloorIntro → MapNavigation
[GameManager] MoveToNode: r1_l0 (phase=MapNavigation)
[GameManager] タイル起動: 戦闘 (r1_l0)
[GameManager] エンカウント: オーク
[GameManager] Phase: MapNavigation → Combat
[GameManager] Phase: Combat → BattleResult
[GameManager] 戦闘結果: オーク — 勝利 (2T) 残HP:25
[GameManager] Phase: BattleResult → Reward
[GameManager] Phase: Reward → MapNavigation
[GameManager] MoveToNode: r2_l0 (phase=MapNavigation)
[GameManager] タイル起動: イベント (r2_l0)
[GameManager] Phase: MapNavigation → EventEncounter
[GameManager] Phase: EventEncounter → MapNavigation
[GameManager] MoveToNode: r3_l0 (phase=MapNavigation)
[GameManager] タイル起動: 罠 (r3_l0)
[GameManager] Phase: MapNavigation → TrapTriggered
[GameManager] Phase: TrapTriggered → MapNavigation
[GameManager] MoveToNode: r4_l0 (phase=MapNavigation)
[GameManager] タイル起動: 戦闘 (r4_l0)
[GameManager] エンカウント: リザードマン
[AutoRunner] ラストスタンド発動 (Floor 4)
[AutoRunner] === RUN 14 終了: DEADLOCK (デッドロック) — 移動先なし(MapNavigation) ===

########## RUN 15  [DEADLOCK デッドロック]  移動先なし(MapNavigation)
# reached F4 HP 1/1 coins 104 combats 14/15 LS=True
[GameManager] Phase: MapNavigation → RunStart
[GameManager] === ラン開始 === HP:30
[GameManager] Phase: RunStart → FloorIntro
[GameManager] --- フロア 1 [残光の加護] ---
[GameManager] Phase: FloorIntro → MapNavigation
[GameManager] MoveToNode: r1_l0 (phase=MapNavigation)
[GameManager] タイル起動: 戦闘 (r1_l0)
[GameManager] エンカウント: スライム
[GameManager] Phase: MapNavigation → Combat
[GameManager] Phase: Combat → BattleResult
[GameManager] 戦闘結果: スライム — 勝利 (2T) 残HP:30
[GameManager] Phase: BattleResult → Reward
[GameManager] Phase: Reward → MapNavigation
[GameManager] MoveToNode: r2_l1 (phase=MapNavigation)
[GameManager] タイル起動: 戦闘 (r2_l1)
[GameManager] エンカウント: ゴブリン
[GameManager] Phase: MapNavigation → Combat
[GameManager] Phase: Combat → BattleResult
[GameManager] 戦闘結果: ゴブリン — 勝利 (1T) 残HP:30
[GameManager] Phase: BattleResult → Reward
[GameManager] Phase: Reward → MapNavigation
[GameManager] MoveToNode: r3_l1 (phase=MapNavigation)
[GameManager] タイル起動: 秘宝 (r3_l1)
[GameManager] 宝箱: ゴールド+2, 観察者の眼鏡
[GameManager] Phase: MapNavigation → TreasureOpen
[GameManager] Phase: TreasureOpen → MapNavigation
[GameManager] MoveToNode: r4_l2 (phase=MapNavigation)
[GameManager] タイル起動: 戦闘 (r4_l2)
[GameManager] エンカウント: ゴブリン
[GameManager] Phase: MapNavigation → Combat
[GameManager] Phase: Combat → BattleResult
[GameManager] 戦闘結果: ゴブリン — 勝利 (2T) 残HP:30
[GameManager] Phase: BattleResult → Reward
[GameManager] Phase: Reward → MapNavigation
[GameManager] MoveToNode: r5_l2 (phase=MapNavigation)
[GameManager] タイル起動: 戦闘 (r5_l2)
[GameManager] エンカウント: スライム
[GameManager] Phase: MapNavigation → Combat
[GameManager] Phase: Combat → BattleResult
[GameManager] 戦闘結果: スライム — 勝利 (1T) 残HP:30
[GameManager] Phase: BattleResult → Reward
[GameManager] Phase: Reward → MapNavigation
[GameManager] MoveToNode: r6_l2 (phase=MapNavigation)
[GameManager] タイル起動: 戦闘 (r6_l2)
[GameManager] エンカウント: ゴブリン
[GameManager] Phase: MapNavigation → Combat
[GameManager] Phase: Combat → BattleResult
[GameManager] 戦闘結果: ゴブリン — 勝利 (3T) 残HP:30
[GameManager] Phase: BattleResult → Reward
[GameManager] Phase: Reward → MapNavigation
[GameManager] MoveToNode: r7_l2 (phase=MapNavigation)
[GameManager] タイル起動: 戦闘 (r7_l2)
[GameManager] エンカウント: ゴブリン
[GameManager] Phase: MapNavigation → Combat
[GameManager] Phase: Combat → BattleResult
[GameManager] 戦闘結果: ゴブリン — 勝利 (2T) 残HP:27
[GameManager] Phase: BattleResult → Reward
[GameManager] Phase: Reward → MapNavigation
[GameManager] MoveToNode: r8_l2 (phase=MapNavigation)
[GameManager] タイル起動: 秘宝 (r8_l2)
[GameManager] 宝箱: ゴールド+4, 偏りのダイス
[GameManager] Phase: MapNavigation → TreasureOpen
[GameManager] Phase: TreasureOpen → MapNavigation
[GameManager] MoveToNode: r9_l2 (phase=MapNavigation)
[GameManager] タイル起動: 休憩 (r9_l2)
[GameManager] Phase: MapNavigation → RestStop
[GameManager] 休憩回復: +9HP (30%) (現在: 30/30)
[GameManager] Phase: RestStop → MapNavigation
[GameManager] MoveToNode: boss (phase=MapNavigation)
[GameManager] タイル起動: ボス (boss)
[GameManager] ボス 'boss_layer1' 未定義 — フロア1のプールから抽選
[GameManager] ボス戦: スライム
[GameManager] Phase: MapNavigation → Combat
[GameManager] Phase: Combat → BattleResult
[GameManager] 戦闘結果: スライム — 勝利 (1T) 残HP:30
[GameManager] Phase: BattleResult → Reward
[GameManager] Phase: Reward → FloorClear
[GameManager] フロア1クリア → 次へ
[GameManager] 層デバフ: MaxHP-5 → 25
[GameManager] Phase: FloorClear → FloorIntro
[GameManager] --- フロア 2 [嘆きの共鳴] ---
[GameManager] Phase: FloorIntro → MapNavigation
[GameManager] MoveToNode: r1_l0 (phase=MapNavigation)
[GameManager] タイル起動: ショップ (r1_l0)
[GameManager] EnterShop called
[GameManager] MapTransitionController.Instance = null
[GameManager] Phase: MapNavigation → ShopVisit
[GameManager] Phase: ShopVisit → MapNavigation
[GameManager] MoveToNode: r2_l0 (phase=MapNavigation)
[GameManager] タイル起動: イベント (r2_l0)
[GameManager] Phase: MapNavigation → EventEncounter
[GameManager] Phase: EventEncounter → MapNavigation
[GameManager] MoveToNode: r3_l0 (phase=MapNavigation)
[GameManager] タイル起動: 激戦 (r3_l0)
[GameManager] エンカウント: 13番目の死
[GameManager] Phase: MapNavigation → Combat
[GameManager] Phase: Combat → BattleResult
[GameManager] 戦闘結果: 13番目の死 — 勝利 (1T) 残HP:25
[GameManager] 激戦2戦目: スライム
[GameManager] Phase: BattleResult → Combat
[GameManager] Phase: Combat → BattleResult
[GameManager] 戦闘結果: スライム — 勝利 (1T) 残HP:25
[GameManager] Phase: BattleResult → Reward
[GameManager] Phase: Reward → MapNavigation
[GameManager] MoveToNode: r4_l0 (phase=MapNavigation)
[GameManager] タイル起動: イベント (r4_l0)
[GameManager] Phase: MapNavigation → EventEncounter
[GameManager] Phase: EventEncounter → MapNavigation
[GameManager] MoveToNode: r5_l0 (phase=MapNavigation)
[GameManager] タイル起動: 罠 (r5_l0)
[GameManager] Phase: MapNavigation → TrapTriggered
[GameManager] Phase: TrapTriggered → MapNavigation
[GameManager] MoveToNode: r6_l0 (phase=MapNavigation)
[GameManager] タイル起動: 戦闘 (r6_l0)
[GameManager] エンカウント: ゴブリン王
[GameManager] Phase: MapNavigation → Combat
[GameManager] Phase: Combat → BattleResult
[GameManager] 戦闘結果: ゴブリン王 — 勝利 (7T) 残HP:16
[GameManager] Phase: BattleResult → Reward
[GameManager] Phase: Reward → MapNavigation
[GameManager] MoveToNode: r7_l0 (phase=MapNavigation)
[GameManager] タイル起動: ショップ (r7_l0)
[GameManager] EnterShop called
[GameManager] MapTransitionController.Instance = null
[GameManager] Phase: MapNavigation → ShopVisit
[GameManager] Phase: ShopVisit → MapNavigation
[GameManager] MoveToNode: r8_l0 (phase=MapNavigation)
[GameManager] タイル起動: 秘宝 (r8_l0)
[GameManager] 宝箱: ゴールド+14, 不動の胸当て
[GameManager] Phase: MapNavigation → TreasureOpen
[GameManager] Phase: TreasureOpen → MapNavigation
[GameManager] MoveToNode: r9_l0 (phase=MapNavigation)
[GameManager] タイル起動: 休憩 (r9_l0)
[GameManager] Phase: MapNavigation → RestStop
[GameManager] 休憩回復: +8HP (30%) (現在: 24/25)
[GameManager] Phase: RestStop → MapNavigation
[GameManager] MoveToNode: boss (phase=MapNavigation)
[GameManager] タイル起動: ボス (boss)
[GameManager] ボス戦: ゴブリン王
[GameManager] Phase: MapNavigation → Combat
[GameManager] Phase: Combat → BattleResult
[GameManager] 戦闘結果: ゴブリン王 — 勝利 (9T) 残HP:22
[GameManager] Phase: BattleResult → Reward
[GameManager] Phase: Reward → FloorClear
[GameManager] フロア2クリア → 次へ
[GameManager] Phase: FloorClear → FloorIntro
[GameManager] --- フロア 3 [瘴気侵蝕] ---
[GameManager] Phase: FloorIntro → MapNavigation
[GameManager] MoveToNode: r1_l0 (phase=MapNavigation)
[GameManager] タイル起動: 秘宝 (r1_l0)
[GameManager] 宝箱: ゴールド+6, 銅貨のダイス
[GameManager] Phase: MapNavigation → TreasureOpen
[GameManager] Phase: TreasureOpen → MapNavigation
[GameManager] MoveToNode: r2_l0 (phase=MapNavigation)
[GameManager] タイル起動: ショップ (r2_l0)
[GameManager] EnterShop called
[GameManager] MapTransitionController.Instance = null
[GameManager] Phase: MapNavigation → ShopVisit
[GameManager] Phase: ShopVisit → MapNavigation
[GameManager] MoveToNode: r3_l0 (phase=MapNavigation)
[GameManager] タイル起動: 戦闘 (r3_l0)
[GameManager] エンカウント: オーク
[GameManager] Phase: MapNavigation → Combat
[GameManager] Phase: Combat → BattleResult
[GameManager] 戦闘結果: オーク — 勝利 (13T) 残HP:19
[GameManager] 層デバフ: 戦闘後2ダメージ (HP:17)
[GameManager] Phase: BattleResult → Reward
[GameManager] Phase: Reward → MapNavigation
[GameManager] MoveToNode: r4_l0 (phase=MapNavigation)
[GameManager] タイル起動: 秘宝 (r4_l0)
[GameManager] 宝箱: ゴールド+15, 観察者の眼鏡
[GameManager] Phase: MapNavigation → TreasureOpen
[GameManager] Phase: TreasureOpen → MapNavigation
[GameManager] MoveToNode: r5_l1 (phase=MapNavigation)
[GameManager] タイル起動: 戦闘 (r5_l1)
[GameManager] エンカウント: オーク
[GameManager] Phase: MapNavigation → Combat
[GameManager] Phase: Combat → BattleResult
[GameManager] 戦闘結果: オーク — 勝利 (9T) 残HP:15
[GameManager] 層デバフ: 戦闘後2ダメージ (HP:13)
[GameManager] Phase: BattleResult → Reward
[GameManager] Phase: Reward → MapNavigation
[GameManager] MoveToNode: r6_l1 (phase=MapNavigation)
[GameManager] タイル起動: イベント (r6_l1)
[GameManager] Phase: MapNavigation → EventEncounter
[GameManager] Phase: EventEncounter → MapNavigation
[GameManager] MoveToNode: r7_l1 (phase=MapNavigation)
[GameManager] タイル起動: 秘宝 (r7_l1)
[GameManager] 宝箱: ゴールド+21, 力帯
[GameManager] Phase: MapNavigation → TreasureOpen
[GameManager] Phase: TreasureOpen → MapNavigation
[GameManager] MoveToNode: r8_l1 (phase=MapNavigation)
[GameManager] タイル起動: 秘宝 (r8_l1)
[GameManager] 宝箱: ゴールド+21, 癒しの靴
[GameManager] Phase: MapNavigation → TreasureOpen
[GameManager] Phase: TreasureOpen → MapNavigation
[GameManager] MoveToNode: r9_l1 (phase=MapNavigation)
[GameManager] タイル起動: 休憩 (r9_l1)
[GameManager] Phase: MapNavigation → RestStop
[GameManager] 休憩回復: +13HP (50%) (現在: 25/25)
[GameManager] Phase: RestStop → MapNavigation
[GameManager] MoveToNode: boss (phase=MapNavigation)
[GameManager] タイル起動: ボス (boss)
[GameManager] ボス戦: 凍れる吟遊詩人
[GameManager] Phase: MapNavigation → Combat
[GameManager] Phase: Combat → BattleResult
[GameManager] 戦闘結果: 凍れる吟遊詩人 — 勝利 (6T) 残HP:25
[GameManager] 層デバフ: 戦闘後2ダメージ (HP:23)
[GameManager] Phase: BattleResult → Reward
[GameManager] Phase: Reward → FloorClear
[GameManager] フロア3クリア → 次へ
[GameManager] Phase: FloorClear → FloorIntro
[GameManager] --- フロア 4 [煉獄の刻印] ---
[GameManager] Phase: FloorIntro → MapNavigation
[GameManager] MoveToNode: r1_l1 (phase=MapNavigation)
[GameManager] タイル起動: 罠 (r1_l1)
[GameManager] Phase: MapNavigation → TrapTriggered
[GameManager] Phase: TrapTriggered → MapNavigation
[GameManager] MoveToNode: r2_l0 (phase=MapNavigation)
[GameManager] タイル起動: ショップ (r2_l0)
[GameManager] EnterShop called
[GameManager] MapTransitionController.Instance = null
[GameManager] Phase: MapNavigation → ShopVisit
[GameManager] Phase: ShopVisit → MapNavigation
[GameManager] MoveToNode: r3_l0 (phase=MapNavigation)
[GameManager] タイル起動: 罠 (r3_l0)
[GameManager] Phase: MapNavigation → TrapTriggered
[GameManager] Phase: TrapTriggered → MapNavigation
[GameManager] MoveToNode: r4_l0 (phase=MapNavigation)
[GameManager] タイル起動: ショップ (r4_l0)
[GameManager] EnterShop called
[GameManager] MapTransitionController.Instance = null
[GameManager] Phase: MapNavigation → ShopVisit
[GameManager] Phase: ShopVisit → MapNavigation
[GameManager] MoveToNode: r5_l0 (phase=MapNavigation)
[GameManager] タイル起動: ショップ (r5_l0)
[GameManager] EnterShop called
[GameManager] MapTransitionController.Instance = null
[GameManager] Phase: MapNavigation → ShopVisit
[GameManager] Phase: ShopVisit → MapNavigation
[GameManager] MoveToNode: r6_l1 (phase=MapNavigation)
[GameManager] タイル起動: 秘宝 (r6_l1)
[GameManager] 宝箱: ゴールド+16, 鋼鉄の腕輪
[GameManager] Phase: MapNavigation → TreasureOpen
[GameManager] Phase: TreasureOpen → MapNavigation
[GameManager] MoveToNode: r7_l2 (phase=MapNavigation)
[GameManager] タイル起動: ショップ (r7_l2)
[GameManager] EnterShop called
[GameManager] MapTransitionController.Instance = null
[GameManager] Phase: MapNavigation → ShopVisit
[AutoRunner] ラストスタンド発動 (Floor 4)
[AutoRunner] === RUN 15 終了: DEADLOCK (デッドロック) — 移動先なし(MapNavigation) ===

########## RUN 16  [R7 5Fボスで死亡]  敗北 cause=Starvation
# reached F5 HP 0/1 coins 132 combats 20/22 LS=True
[GameManager] Phase: MapNavigation → RunStart
[GameManager] === ラン開始 === HP:30
[GameManager] Phase: RunStart → FloorIntro
[GameManager] --- フロア 1 [残光の加護] ---
[GameManager] Phase: FloorIntro → MapNavigation
[GameManager] MoveToNode: r1_l0 (phase=MapNavigation)
[GameManager] タイル起動: ショップ (r1_l0)
[GameManager] EnterShop called
[GameManager] MapTransitionController.Instance = null
[GameManager] Phase: MapNavigation → ShopVisit
[GameManager] Phase: ShopVisit → MapNavigation
[GameManager] MoveToNode: r2_l0 (phase=MapNavigation)
[GameManager] タイル起動: イベント (r2_l0)
[GameManager] Phase: MapNavigation → EventEncounter
[GameManager] Phase: EventEncounter → MapNavigation
[GameManager] MoveToNode: r3_l0 (phase=MapNavigation)
[GameManager] タイル起動: 休憩 (r3_l0)
[GameManager] Phase: MapNavigation → RestStop
[GameManager] 休憩回復: +9HP (30%) (現在: 30/30)
[GameManager] Phase: RestStop → MapNavigation
[GameManager] MoveToNode: r4_l0 (phase=MapNavigation)
[GameManager] タイル起動: 戦闘 (r4_l0)
[GameManager] エンカウント: ゴブリン
[GameManager] Phase: MapNavigation → Combat
[GameManager] Phase: Combat → BattleResult
[GameManager] 戦闘結果: ゴブリン — 勝利 (3T) 残HP:30
[GameManager] Phase: BattleResult → Reward
[GameManager] Phase: Reward → MapNavigation
[GameManager] MoveToNode: r5_l0 (phase=MapNavigation)
[GameManager] タイル起動: 戦闘 (r5_l0)
[GameManager] エンカウント: ゴブリン
[GameManager] Phase: MapNavigation → Combat
[GameManager] Phase: Combat → BattleResult
[GameManager] 戦闘結果: ゴブリン — 勝利 (3T) 残HP:30
[GameManager] Phase: BattleResult → Reward
[GameManager] Phase: Reward → MapNavigation
[GameManager] MoveToNode: r6_l1 (phase=MapNavigation)
[GameManager] タイル起動: イベント (r6_l1)
[GameManager] Phase: MapNavigation → EventEncounter
[GameManager] Phase: EventEncounter → MapNavigation
[GameManager] MoveToNode: r7_l0 (phase=MapNavigation)
[GameManager] タイル起動: イベント (r7_l0)
[GameManager] Phase: MapNavigation → EventEncounter
[GameManager] Phase: EventEncounter → MapNavigation
[GameManager] MoveToNode: r8_l0 (phase=MapNavigation)
[GameManager] タイル起動: 秘宝 (r8_l0)
[GameManager] 宝箱: ゴールド+2, 鎖帷子
[GameManager] Phase: MapNavigation → TreasureOpen
[GameManager] Phase: TreasureOpen → MapNavigation
[GameManager] MoveToNode: r9_l0 (phase=MapNavigation)
[GameManager] タイル起動: 休憩 (r9_l0)
[GameManager] Phase: MapNavigation → RestStop
[GameManager] 休憩回復: +9HP (30%) (現在: 30/30)
[GameManager] Phase: RestStop → MapNavigation
[GameManager] MoveToNode: boss (phase=MapNavigation)
[GameManager] タイル起動: ボス (boss)
[GameManager] ボス 'boss_layer1' 未定義 — フロア1のプールから抽選
[GameManager] ボス戦: ゴブリン
[GameManager] Phase: MapNavigation → Combat
[GameManager] Phase: Combat → BattleResult
[GameManager] 戦闘結果: ゴブリン — 勝利 (2T) 残HP:30
[GameManager] Phase: BattleResult → Reward
[GameManager] Phase: Reward → FloorClear
[GameManager] フロア1クリア → 次へ
[GameManager] 層デバフ: MaxHP-5 → 25
[GameManager] Phase: FloorClear → FloorIntro
[GameManager] --- フロア 2 [嘆きの共鳴] ---
[GameManager] Phase: FloorIntro → MapNavigation
[GameManager] MoveToNode: r1_l1 (phase=MapNavigation)
[GameManager] タイル起動: 戦闘 (r1_l1)
[GameManager] エンカウント: ダイアウルフ
[GameManager] Phase: MapNavigation → Combat
[GameManager] Phase: Combat → BattleResult
[GameManager] 戦闘結果: ダイアウルフ — 勝利 (4T) 残HP:20
[GameManager] Phase: BattleResult → Reward
[GameManager] Phase: Reward → MapNavigation
[GameManager] MoveToNode: r2_l1 (phase=MapNavigation)
[GameManager] タイル起動: イベント (r2_l1)
[GameManager] Phase: MapNavigation → EventEncounter
[GameManager] Phase: EventEncounter → MapNavigation
[GameManager] MoveToNode: r3_l1 (phase=MapNavigation)
[GameManager] タイル起動: 戦闘 (r3_l1)
[GameManager] エンカウント: ゴブリン王
[GameManager] Phase: MapNavigation → Combat
[GameManager] Phase: Combat → BattleResult
[GameManager] 戦闘結果: ゴブリン王 — 勝利 (8T) 残HP:20
[GameManager] Phase: BattleResult → Reward
[GameManager] Phase: Reward → MapNavigation
[GameManager] MoveToNode: r4_l1 (phase=MapNavigation)
[GameManager] タイル起動: 戦闘 (r4_l1)
[GameManager] エンカウント: 13番目の死
[GameManager] Phase: MapNavigation → Combat
[GameManager] Phase: Combat → BattleResult
[GameManager] 戦闘結果: 13番目の死 — 勝利 (3T) 残HP:20
[GameManager] Phase: BattleResult → Reward
[GameManager] Phase: Reward → MapNavigation
[GameManager] MoveToNode: r5_l2 (phase=MapNavigation)
[GameManager] タイル起動: 激戦 (r5_l2)
[GameManager] エンカウント: スケルトン
[GameManager] Phase: MapNavigation → Combat
[GameManager] Phase: Combat → BattleResult
[GameManager] 戦闘結果: スケルトン — 勝利 (4T) 残HP:20
[GameManager] 激戦2戦目: ゴブリン王
[GameManager] Phase: BattleResult → Combat
[GameManager] Phase: Combat → BattleResult
[GameManager] 戦闘結果: ゴブリン王 — 勝利 (16T) 残HP:20
[GameManager] Phase: BattleResult → Reward
[GameManager] Phase: Reward → MapNavigation
[GameManager] MoveToNode: r6_l2 (phase=MapNavigation)
[GameManager] タイル起動: 戦闘 (r6_l2)
[GameManager] エンカウント: 13番目の死
[GameManager] Phase: MapNavigation → Combat
[GameManager] Phase: Combat → BattleResult
[GameManager] 戦闘結果: 13番目の死 — 勝利 (2T) 残HP:20
[GameManager] Phase: BattleResult → Reward
[GameManager] Phase: Reward → MapNavigation
[GameManager] MoveToNode: r7_l2 (phase=MapNavigation)
[GameManager] タイル起動: 罠 (r7_l2)
[GameManager] Phase: MapNavigation → TrapTriggered
[GameManager] Phase: TrapTriggered → MapNavigation
[GameManager] MoveToNode: r8_l2 (phase=MapNavigation)
[GameManager] タイル起動: 秘宝 (r8_l2)
[GameManager] 宝箱: ゴールド+6, 革の手甲
[GameManager] Phase: MapNavigation → TreasureOpen
[GameManager] Phase: TreasureOpen → MapNavigation
[GameManager] MoveToNode: r9_l2 (phase=MapNavigation)
[GameManager] タイル起動: 休憩 (r9_l2)
[GameManager] Phase: MapNavigation → RestStop
[GameManager] 休憩回復: +8HP (30%) (現在: 25/25)
[GameManager] Phase: RestStop → MapNavigation
[GameManager] MoveToNode: boss (phase=MapNavigation)
[GameManager] タイル起動: ボス (boss)
[GameManager] ボス戦: ゴブリン王
[GameManager] Phase: MapNavigation → Combat
[GameManager] Phase: Combat → BattleResult
[GameManager] 戦闘結果: ゴブリン王 — 勝利 (9T) 残HP:25
[GameManager] Phase: BattleResult → Reward
[GameManager] Phase: Reward → FloorClear
[GameManager] フロア2クリア → 次へ
[GameManager] Phase: FloorClear → FloorIntro
[GameManager] --- フロア 3 [瘴気侵蝕] ---
[GameManager] Phase: FloorIntro → MapNavigation
[GameManager] MoveToNode: r1_l1 (phase=MapNavigation)
[GameManager] タイル起動: ショップ (r1_l1)
[GameManager] EnterShop called
[GameManager] MapTransitionController.Instance = null
[GameManager] Phase: MapNavigation → ShopVisit
[GameManager] Phase: ShopVisit → MapNavigation
[GameManager] MoveToNode: r2_l2 (phase=MapNavigation)
[GameManager] タイル起動: ショップ (r2_l2)
[GameManager] EnterShop called
[GameManager] MapTransitionController.Instance = null
[GameManager] Phase: MapNavigation → ShopVisit
[GameManager] Phase: ShopVisit → MapNavigation
[GameManager] MoveToNode: r3_l2 (phase=MapNavigation)
[GameManager] タイル起動: 戦闘 (r3_l2)
[GameManager] エンカウント: オーク
[GameManager] Phase: MapNavigation → Combat
[GameManager] Phase: Combat → BattleResult
[GameManager] 戦闘結果: オーク — 勝利 (9T) 残HP:23
[GameManager] 層デバフ: 戦闘後2ダメージ (HP:21)
[GameManager] Phase: BattleResult → Reward
[GameManager] Phase: Reward → MapNavigation
[GameManager] MoveToNode: r4_l2 (phase=MapNavigation)
[GameManager] タイル起動: 罠 (r4_l2)
[GameManager] Phase: MapNavigation → TrapTriggered
[GameManager] Phase: TrapTriggered → MapNavigation
[GameManager] MoveToNode: r5_l2 (phase=MapNavigation)
[GameManager] タイル起動: 激戦 (r5_l2)
[GameManager] エンカウント: 凍れる吟遊詩人
[GameManager] Phase: MapNavigation → Combat
[GameManager] Phase: Combat → BattleResult
[GameManager] 戦闘結果: 凍れる吟遊詩人 — 勝利 (7T) 残HP:21
[GameManager] 層デバフ: 戦闘後2ダメージ (HP:19)
[GameManager] 激戦2戦目: ゴブリン王
[GameManager] Phase: BattleResult → Combat
[GameManager] Phase: Combat → BattleResult
[GameManager] 戦闘結果: ゴブリン王 — 勝利 (8T) 残HP:19
[GameManager] 層デバフ: 戦闘後2ダメージ (HP:17)
[GameManager] Phase: BattleResult → Reward
[GameManager] Phase: Reward → MapNavigation
[GameManager] MoveToNode: r6_l1 (phase=MapNavigation)
[GameManager] タイル起動: イベント (r6_l1)
[GameManager] Phase: MapNavigation → EventEncounter
[GameManager] Phase: EventEncounter → MapNavigation
[GameManager] MoveToNode: r7_l0 (phase=MapNavigation)
[GameManager] タイル起動: ショップ (r7_l0)
[GameManager] EnterShop called
[GameManager] MapTransitionController.Instance = null
[GameManager] Phase: MapNavigation → ShopVisit
[GameManager] Phase: ShopVisit → MapNavigation
[GameManager] MoveToNode: r8_l0 (phase=MapNavigation)
[GameManager] タイル起動: 秘宝 (r8_l0)
[GameManager] 宝箱: ゴールド+12, 銅貨のダイス
[GameManager] Phase: MapNavigation → TreasureOpen
[GameManager] Phase: TreasureOpen → MapNavigation
[GameManager] MoveToNode: r9_l0 (phase=MapNavigation)
[GameManager] タイル起動: 休憩 (r9_l0)
[GameManager] Phase: MapNavigation → RestStop
[GameManager] 休憩回復: +13HP (50%) (現在: 25/25)
[GameManager] Phase: RestStop → MapNavigation
[GameManager] MoveToNode: boss (phase=MapNavigation)
[GameManager] タイル起動: ボス (boss)
[GameManager] ボス戦: 凍れる吟遊詩人
[GameManager] Phase: MapNavigation → Combat
[GameManager] Phase: Combat → BattleResult
[GameManager] 戦闘結果: 凍れる吟遊詩人 — 勝利 (8T) 残HP:25
[GameManager] 層デバフ: 戦闘後2ダメージ (HP:23)
[GameManager] Phase: BattleResult → Reward
[GameManager] Phase: Reward → FloorClear
[GameManager] フロア3クリア → 次へ
[GameManager] Phase: FloorClear → FloorIntro
[GameManager] --- フロア 4 [煉獄の刻印] ---
[GameManager] Phase: FloorIntro → MapNavigation
[GameManager] MoveToNode: r1_l1 (phase=MapNavigation)
[GameManager] タイル起動: 戦闘 (r1_l1)
[GameManager] エンカウント: ダイアウルフ
[GameManager] Phase: MapNavigation → Combat
[GameManager] Phase: Combat → BattleResult
[GameManager] 戦闘結果: ダイアウルフ — 勝利 (5T) 残HP:25
[GameManager] Phase: BattleResult → Reward
[GameManager] Phase: Reward → MapNavigation
[GameManager] MoveToNode: r2_l0 (phase=MapNavigation)
[GameManager] タイル起動: 戦闘 (r2_l0)
[GameManager] エンカウント: スライム
[GameManager] Phase: MapNavigation → Combat
[GameManager] Phase: Combat → BattleResult
[GameManager] 戦闘結果: スライム — 勝利 (1T) 残HP:25
[GameManager] Phase: BattleResult → Reward
[GameManager] Phase: Reward → MapNavigation
[GameManager] MoveToNode: r3_l1 (phase=MapNavigation)
[GameManager] タイル起動: 戦闘 (r3_l1)
[GameManager] エンカウント: ミノタウロス
[GameManager] Phase: MapNavigation → Combat
[GameManager] Phase: Combat → BattleResult
[GameManager] 戦闘結果: ミノタウロス — 敗北 (19T) 残HP:3
[GameManager] 救済発動: マップへ戻る
[GameManager] Phase: BattleResult → MapNavigation
[GameManager] MoveToNode: r4_l0 (phase=MapNavigation)
[GameManager] タイル起動: 秘宝 (r4_l0)
[GameManager] 宝箱: ゴールド+12, 死神の数珠
[GameManager] Phase: MapNavigation → TreasureOpen
[GameManager] Phase: TreasureOpen → MapNavigation
[GameManager] MoveToNode: r5_l0 (phase=MapNavigation)
[GameManager] タイル起動: 戦闘 (r5_l0)
[GameManager] エンカウント: 13番目の死
[GameManager] Phase: MapNavigation → Combat
[GameManager] Phase: Combat → BattleResult
[GameManager] 戦闘結果: 13番目の死 — 勝利 (2T) 残HP:25
[GameManager] Phase: BattleResult → Reward
[AutoRunner] ラストスタンド発動 (Floor 5)
[AutoRunner] === RUN 16 終了: R7 (5Fボスで死亡) — 敗北 cause=Starvation ===

########## RUN 17  [DEADLOCK デッドロック]  移動先なし(MapNavigation)
# reached F4 HP 1/1 coins 86 combats 14/15 LS=True
[GameManager] Phase: GameOver → Title
[GameManager] Phase: Title → RunStart
[GameManager] === ラン開始 === HP:30
[GameManager] Phase: RunStart → FloorIntro
[GameManager] --- フロア 1 [残光の加護] ---
[GameManager] Phase: FloorIntro → MapNavigation
[GameManager] MoveToNode: r1_l2 (phase=MapNavigation)
[GameManager] タイル起動: ショップ (r1_l2)
[GameManager] EnterShop called
[GameManager] MapTransitionController.Instance = null
[GameManager] Phase: MapNavigation → ShopVisit
[GameManager] Phase: ShopVisit → MapNavigation
[GameManager] MoveToNode: r2_l2 (phase=MapNavigation)
[GameManager] タイル起動: 戦闘 (r2_l2)
[GameManager] エンカウント: ゴブリン
[GameManager] Phase: MapNavigation → Combat
[GameManager] Phase: Combat → BattleResult
[GameManager] 戦闘結果: ゴブリン — 勝利 (2T) 残HP:30
[GameManager] Phase: BattleResult → Reward
[GameManager] Phase: Reward → MapNavigation
[GameManager] MoveToNode: r3_l1 (phase=MapNavigation)
[GameManager] タイル起動: 戦闘 (r3_l1)
[GameManager] エンカウント: スライム
[GameManager] Phase: MapNavigation → Combat
[GameManager] Phase: Combat → BattleResult
[GameManager] 戦闘結果: スライム — 勝利 (2T) 残HP:30
[GameManager] Phase: BattleResult → Reward
[GameManager] Phase: Reward → MapNavigation
[GameManager] MoveToNode: r4_l2 (phase=MapNavigation)
[GameManager] タイル起動: 戦闘 (r4_l2)
[GameManager] エンカウント: スライム
[GameManager] Phase: MapNavigation → Combat
[GameManager] Phase: Combat → BattleResult
[GameManager] 戦闘結果: スライム — 勝利 (2T) 残HP:30
[GameManager] Phase: BattleResult → Reward
[GameManager] Phase: Reward → MapNavigation
[GameManager] MoveToNode: r5_l1 (phase=MapNavigation)
[GameManager] タイル起動: ショップ (r5_l1)
[GameManager] EnterShop called
[GameManager] MapTransitionController.Instance = null
[GameManager] Phase: MapNavigation → ShopVisit
[GameManager] Phase: ShopVisit → MapNavigation
[GameManager] MoveToNode: r6_l0 (phase=MapNavigation)
[GameManager] タイル起動: 秘宝 (r6_l0)
[GameManager] 宝箱: ゴールド+6, 鋼の籠手
[GameManager] Phase: MapNavigation → TreasureOpen
[GameManager] Phase: TreasureOpen → MapNavigation
[GameManager] MoveToNode: r7_l0 (phase=MapNavigation)
[GameManager] タイル起動: 戦闘 (r7_l0)
[GameManager] エンカウント: ゴブリン
[GameManager] Phase: MapNavigation → Combat
[GameManager] Phase: Combat → BattleResult
[GameManager] 戦闘結果: ゴブリン — 勝利 (3T) 残HP:27
[GameManager] Phase: BattleResult → Reward
[GameManager] Phase: Reward → MapNavigation
[GameManager] MoveToNode: r8_l0 (phase=MapNavigation)
[GameManager] タイル起動: 秘宝 (r8_l0)
[GameManager] 宝箱: ゴールド+7, 鋼鉄の腕輪
[GameManager] Phase: MapNavigation → TreasureOpen
[GameManager] Phase: TreasureOpen → MapNavigation
[GameManager] MoveToNode: r9_l0 (phase=MapNavigation)
[GameManager] タイル起動: 休憩 (r9_l0)
[GameManager] Phase: MapNavigation → RestStop
[GameManager] 休憩回復: +9HP (30%) (現在: 30/30)
[GameManager] Phase: RestStop → MapNavigation
[GameManager] MoveToNode: boss (phase=MapNavigation)
[GameManager] タイル起動: ボス (boss)
[GameManager] ボス 'boss_layer1' 未定義 — フロア1のプールから抽選
[GameManager] ボス戦: ゴブリン
[GameManager] Phase: MapNavigation → Combat
[GameManager] Phase: Combat → BattleResult
[GameManager] 戦闘結果: ゴブリン — 勝利 (2T) 残HP:30
[GameManager] Phase: BattleResult → Reward
[GameManager] Phase: Reward → FloorClear
[GameManager] フロア1クリア → 次へ
[GameManager] 層デバフ: MaxHP-5 → 25
[GameManager] Phase: FloorClear → FloorIntro
[GameManager] --- フロア 2 [嘆きの共鳴] ---
[GameManager] Phase: FloorIntro → MapNavigation
[GameManager] MoveToNode: r1_l1 (phase=MapNavigation)
[GameManager] タイル起動: 戦闘 (r1_l1)
[GameManager] エンカウント: スケルトン
[GameManager] Phase: MapNavigation → Combat
[GameManager] Phase: Combat → BattleResult
[GameManager] 戦闘結果: スケルトン — 勝利 (3T) 残HP:25
[GameManager] Phase: BattleResult → Reward
[GameManager] Phase: Reward → MapNavigation
[GameManager] MoveToNode: r2_l0 (phase=MapNavigation)
[GameManager] タイル起動: 休憩 (r2_l0)
[GameManager] Phase: MapNavigation → RestStop
[GameManager] 休憩回復: +8HP (30%) (現在: 25/25)
[GameManager] Phase: RestStop → MapNavigation
[GameManager] MoveToNode: r3_l0 (phase=MapNavigation)
[GameManager] タイル起動: 罠 (r3_l0)
[GameManager] Phase: MapNavigation → TrapTriggered
[GameManager] Phase: TrapTriggered → MapNavigation
[GameManager] MoveToNode: r4_l0 (phase=MapNavigation)
[GameManager] タイル起動: 戦闘 (r4_l0)
[GameManager] エンカウント: コボルド
[GameManager] Phase: MapNavigation → Combat
[GameManager] Phase: Combat → BattleResult
[GameManager] 戦闘結果: コボルド — 勝利 (3T) 残HP:25
[GameManager] Phase: BattleResult → Reward
[GameManager] Phase: Reward → MapNavigation
[GameManager] MoveToNode: r5_l0 (phase=MapNavigation)
[GameManager] タイル起動: 激戦 (r5_l0)
[GameManager] エンカウント: ゴブリン王
[GameManager] Phase: MapNavigation → Combat
[GameManager] Phase: Combat → BattleResult
[GameManager] 戦闘結果: ゴブリン王 — 勝利 (5T) 残HP:25
[GameManager] 激戦2戦目: ダイアウルフ
[GameManager] Phase: BattleResult → Combat
[GameManager] Phase: Combat → BattleResult
[GameManager] 戦闘結果: ダイアウルフ — 勝利 (2T) 残HP:25
[GameManager] Phase: BattleResult → Reward
[GameManager] Phase: Reward → MapNavigation
[GameManager] MoveToNode: r6_l1 (phase=MapNavigation)
[GameManager] タイル起動: イベント (r6_l1)
[GameManager] Phase: MapNavigation → EventEncounter
[GameManager] Phase: EventEncounter → MapNavigation
[GameManager] MoveToNode: r7_l1 (phase=MapNavigation)
[GameManager] タイル起動: イベント (r7_l1)
[GameManager] Phase: MapNavigation → EventEncounter
[GameManager] Phase: EventEncounter → MapNavigation
[GameManager] MoveToNode: r8_l1 (phase=MapNavigation)
[GameManager] タイル起動: 秘宝 (r8_l1)
[GameManager] 宝箱: ゴールド+14, 血のダイス
[GameManager] Phase: MapNavigation → TreasureOpen
[GameManager] Phase: TreasureOpen → MapNavigation
[GameManager] MoveToNode: r9_l1 (phase=MapNavigation)
[GameManager] タイル起動: 休憩 (r9_l1)
[GameManager] Phase: MapNavigation → RestStop
[GameManager] 休憩回復: +8HP (30%) (現在: 25/25)
[GameManager] Phase: RestStop → MapNavigation
[GameManager] MoveToNode: boss (phase=MapNavigation)
[GameManager] タイル起動: ボス (boss)
[GameManager] ボス戦: ゴブリン王
[GameManager] Phase: MapNavigation → Combat
[GameManager] Phase: Combat → BattleResult
[GameManager] 戦闘結果: ゴブリン王 — 勝利 (3T) 残HP:25
[GameManager] Phase: BattleResult → Reward
[GameManager] Phase: Reward → FloorClear
[GameManager] フロア2クリア → 次へ
[GameManager] Phase: FloorClear → FloorIntro
[GameManager] --- フロア 3 [瘴気侵蝕] ---
[GameManager] Phase: FloorIntro → MapNavigation
[GameManager] MoveToNode: r1_l0 (phase=MapNavigation)
[GameManager] タイル起動: 秘宝 (r1_l0)
[GameManager] 宝箱: ゴールド+21, 骨のダイス
[GameManager] Phase: MapNavigation → TreasureOpen
[GameManager] Phase: TreasureOpen → MapNavigation
[GameManager] MoveToNode: r2_l0 (phase=MapNavigation)
[GameManager] タイル起動: イベント (r2_l0)
[GameManager] Phase: MapNavigation → EventEncounter
[GameManager] Phase: EventEncounter → MapNavigation
[GameManager] MoveToNode: r3_l1 (phase=MapNavigation)
[GameManager] タイル起動: 罠 (r3_l1)
[GameManager] Phase: MapNavigation → TrapTriggered
[GameManager] Phase: TrapTriggered → MapNavigation
[GameManager] MoveToNode: r4_l1 (phase=MapNavigation)
[GameManager] タイル起動: 戦闘 (r4_l1)
[GameManager] エンカウント: オーク
[GameManager] Phase: MapNavigation → Combat
[GameManager] Phase: Combat → BattleResult
[GameManager] 戦闘結果: オーク — 勝利 (3T) 残HP:25
[GameManager] 層デバフ: 戦闘後2ダメージ (HP:23)
[GameManager] Phase: BattleResult → Reward
[GameManager] Phase: Reward → MapNavigation
[GameManager] MoveToNode: r5_l1 (phase=MapNavigation)
[GameManager] タイル起動: ショップ (r5_l1)
[GameManager] EnterShop called
[GameManager] MapTransitionController.Instance = null
[GameManager] Phase: MapNavigation → ShopVisit
[GameManager] Phase: ShopVisit → MapNavigation
[GameManager] MoveToNode: r6_l0 (phase=MapNavigation)
[GameManager] タイル起動: イベント (r6_l0)
[GameManager] Phase: MapNavigation → EventEncounter
[GameManager] Phase: EventEncounter → MapNavigation
[GameManager] MoveToNode: r7_l0 (phase=MapNavigation)
[GameManager] タイル起動: イベント (r7_l0)
[GameManager] Phase: MapNavigation → EventEncounter
[GameManager] Phase: EventEncounter → MapNavigation
[GameManager] MoveToNode: r8_l0 (phase=MapNavigation)
[GameManager] タイル起動: 秘宝 (r8_l0)
[GameManager] 宝箱: ゴールド+12, 生命の宝玉
[GameManager] Phase: MapNavigation → TreasureOpen
[GameManager] Phase: TreasureOpen → MapNavigation
[GameManager] MoveToNode: r9_l0 (phase=MapNavigation)
[GameManager] タイル起動: 休憩 (r9_l0)
[GameManager] Phase: MapNavigation → RestStop
[GameManager] 休憩回復: +13HP (50%) (現在: 25/25)
[GameManager] Phase: RestStop → MapNavigation
[GameManager] MoveToNode: boss (phase=MapNavigation)
[GameManager] タイル起動: ボス (boss)
[GameManager] ボス戦: 凍れる吟遊詩人
[GameManager] Phase: MapNavigation → Combat
[GameManager] Phase: Combat → BattleResult
[GameManager] 戦闘結果: 凍れる吟遊詩人 — 勝利 (4T) 残HP:25
[GameManager] 層デバフ: 戦闘後2ダメージ (HP:23)
[GameManager] Phase: BattleResult → Reward
[GameManager] Phase: Reward → FloorClear
[GameManager] フロア3クリア → 次へ
[GameManager] Phase: FloorClear → FloorIntro
[GameManager] --- フロア 4 [煉獄の刻印] ---
[GameManager] Phase: FloorIntro → MapNavigation
[GameManager] MoveToNode: r1_l1 (phase=MapNavigation)
[GameManager] タイル起動: 戦闘 (r1_l1)
[GameManager] エンカウント: 鏡の双子
[GameManager] Phase: MapNavigation → Combat
[GameManager] Phase: Combat → BattleResult
[GameManager] 戦闘結果: 鏡の双子 — 勝利 (4T) 残HP:3
[GameManager] Phase: BattleResult → Reward
[GameManager] Phase: Reward → MapNavigation
[GameManager] MoveToNode: r2_l1 (phase=MapNavigation)
[GameManager] タイル起動: 休憩 (r2_l1)
[GameManager] Phase: MapNavigation → RestStop
[GameManager] 休憩回復: +8HP (30%) (現在: 11/25)
[GameManager] Phase: RestStop → MapNavigation
[GameManager] MoveToNode: r3_l1 (phase=MapNavigation)
[GameManager] タイル起動: 戦闘 (r3_l1)
[GameManager] エンカウント: リザードマン
[GameManager] Phase: MapNavigation → Combat
[GameManager] Phase: Combat → BattleResult
[GameManager] 戦闘結果: リザードマン — 勝利 (3T) 残HP:11
[GameManager] Phase: BattleResult → Reward
[GameManager] Phase: Reward → MapNavigation
[GameManager] MoveToNode: r4_l1 (phase=MapNavigation)
[GameManager] タイル起動: ショップ (r4_l1)
[GameManager] EnterShop called
[GameManager] MapTransitionController.Instance = null
[GameManager] Phase: MapNavigation → ShopVisit
[GameManager] Phase: ShopVisit → MapNavigation
[GameManager] MoveToNode: r5_l0 (phase=MapNavigation)
[GameManager] タイル起動: 休憩 (r5_l0)
[GameManager] Phase: MapNavigation → RestStop
[GameManager] 休憩回復: +8HP (30%) (現在: 19/25)
[GameManager] Phase: RestStop → MapNavigation
[GameManager] MoveToNode: r6_l1 (phase=MapNavigation)
[GameManager] タイル起動: 罠 (r6_l1)
[GameManager] Phase: MapNavigation → TrapTriggered
[GameManager] Phase: TrapTriggered → MapNavigation
[GameManager] MoveToNode: r7_l0 (phase=MapNavigation)
[GameManager] タイル起動: ショップ (r7_l0)
[GameManager] EnterShop called
[GameManager] MapTransitionController.Instance = null
[GameManager] Phase: MapNavigation → ShopVisit
[GameManager] Phase: ShopVisit → MapNavigation
[GameManager] MoveToNode: r8_l0 (phase=MapNavigation)
[GameManager] 空腹ダメージ: 5 (HP: 14/25)
[GameManager] タイル起動: 秘宝 (r8_l0)
[AutoRunner] ラストスタンド発動 (Floor 4)
[AutoRunner] === RUN 17 終了: DEADLOCK (デッドロック) — 移動先なし(MapNavigation) ===

########## RUN 18  [DEADLOCK デッドロック]  移動先なし(MapNavigation)
# reached F5 HP 1/1 coins 112 combats 24/25 LS=True
[GameManager] Phase: MapNavigation → RunStart
[GameManager] === ラン開始 === HP:30
[GameManager] Phase: RunStart → FloorIntro
[GameManager] --- フロア 1 [残光の加護] ---
[GameManager] Phase: FloorIntro → MapNavigation
[GameManager] MoveToNode: r1_l2 (phase=MapNavigation)
[GameManager] タイル起動: 戦闘 (r1_l2)
[GameManager] エンカウント: スライム
[GameManager] Phase: MapNavigation → Combat
[GameManager] Phase: Combat → BattleResult
[GameManager] 戦闘結果: スライム — 勝利 (2T) 残HP:30
[GameManager] Phase: BattleResult → Reward
[GameManager] Phase: Reward → MapNavigation
[GameManager] MoveToNode: r2_l2 (phase=MapNavigation)
[GameManager] タイル起動: イベント (r2_l2)
[GameManager] Phase: MapNavigation → EventEncounter
[GameManager] Phase: EventEncounter → MapNavigation
[GameManager] MoveToNode: r3_l2 (phase=MapNavigation)
[GameManager] タイル起動: 戦闘 (r3_l2)
[GameManager] エンカウント: ゴブリン
[GameManager] Phase: MapNavigation → Combat
[GameManager] Phase: Combat → BattleResult
[GameManager] 戦闘結果: ゴブリン — 勝利 (1T) 残HP:30
[GameManager] Phase: BattleResult → Reward
[GameManager] Phase: Reward → MapNavigation
[GameManager] MoveToNode: r4_l2 (phase=MapNavigation)
[GameManager] タイル起動: 激戦 (r4_l2)
[GameManager] エンカウント: ゴブリン
[GameManager] Phase: MapNavigation → Combat
[GameManager] Phase: Combat → BattleResult
[GameManager] 戦闘結果: ゴブリン — 勝利 (5T) 残HP:28
[GameManager] 激戦2戦目: スライム
[GameManager] Phase: BattleResult → Combat
[GameManager] Phase: Combat → BattleResult
[GameManager] 戦闘結果: スライム — 勝利 (4T) 残HP:28
[GameManager] Phase: BattleResult → Reward
[GameManager] Phase: Reward → MapNavigation
[GameManager] MoveToNode: r5_l2 (phase=MapNavigation)
[GameManager] タイル起動: 戦闘 (r5_l2)
[GameManager] エンカウント: スライム
[GameManager] Phase: MapNavigation → Combat
[GameManager] Phase: Combat → BattleResult
[GameManager] 戦闘結果: スライム — 勝利 (1T) 残HP:28
[GameManager] Phase: BattleResult → Reward
[GameManager] Phase: Reward → MapNavigation
[GameManager] MoveToNode: r6_l2 (phase=MapNavigation)
[GameManager] タイル起動: 戦闘 (r6_l2)
[GameManager] エンカウント: スライム
[GameManager] Phase: MapNavigation → Combat
[GameManager] Phase: Combat → BattleResult
[GameManager] 戦闘結果: スライム — 勝利 (1T) 残HP:28
[GameManager] Phase: BattleResult → Reward
[GameManager] Phase: Reward → MapNavigation
[GameManager] MoveToNode: r7_l2 (phase=MapNavigation)
[GameManager] タイル起動: 戦闘 (r7_l2)
[GameManager] エンカウント: ゴブリン
[GameManager] Phase: MapNavigation → Combat
[GameManager] Phase: Combat → BattleResult
[GameManager] 戦闘結果: ゴブリン — 勝利 (2T) 残HP:28
[GameManager] Phase: BattleResult → Reward
[GameManager] Phase: Reward → MapNavigation
[GameManager] MoveToNode: r8_l2 (phase=MapNavigation)
[GameManager] タイル起動: 秘宝 (r8_l2)
[GameManager] 宝箱: ゴールド+5, 苦難の刻印
[GameManager] Phase: MapNavigation → TreasureOpen
[GameManager] Phase: TreasureOpen → MapNavigation
[GameManager] MoveToNode: r9_l2 (phase=MapNavigation)
[GameManager] タイル起動: 休憩 (r9_l2)
[GameManager] Phase: MapNavigation → RestStop
[GameManager] 休憩回復: +9HP (30%) (現在: 30/30)
[GameManager] Phase: RestStop → MapNavigation
[GameManager] MoveToNode: boss (phase=MapNavigation)
[GameManager] タイル起動: ボス (boss)
[GameManager] ボス 'boss_layer1' 未定義 — フロア1のプールから抽選
[GameManager] ボス戦: スライム
[GameManager] Phase: MapNavigation → Combat
[GameManager] Phase: Combat → BattleResult
[GameManager] 戦闘結果: スライム — 勝利 (1T) 残HP:30
[GameManager] Phase: BattleResult → Reward
[GameManager] Phase: Reward → FloorClear
[GameManager] フロア1クリア → 次へ
[GameManager] 層デバフ: MaxHP-5 → 25
[GameManager] Phase: FloorClear → FloorIntro
[GameManager] --- フロア 2 [嘆きの共鳴] ---
[GameManager] Phase: FloorIntro → MapNavigation
[GameManager] MoveToNode: r1_l1 (phase=MapNavigation)
[GameManager] タイル起動: ショップ (r1_l1)
[GameManager] EnterShop called
[GameManager] MapTransitionController.Instance = null
[GameManager] Phase: MapNavigation → ShopVisit
[GameManager] Phase: ShopVisit → MapNavigation
[GameManager] MoveToNode: r2_l1 (phase=MapNavigation)
[GameManager] タイル起動: 戦闘 (r2_l1)
[GameManager] エンカウント: 13番目の死
[GameManager] Phase: MapNavigation → Combat
[GameManager] Phase: Combat → BattleResult
[GameManager] 戦闘結果: 13番目の死 — 勝利 (4T) 残HP:25
[GameManager] Phase: BattleResult → Reward
[GameManager] Phase: Reward → MapNavigation
[GameManager] MoveToNode: r3_l2 (phase=MapNavigation)
[GameManager] タイル起動: ショップ (r3_l2)
[GameManager] EnterShop called
[GameManager] MapTransitionController.Instance = null
[GameManager] Phase: MapNavigation → ShopVisit
[GameManager] Phase: ShopVisit → MapNavigation
[GameManager] MoveToNode: r4_l1 (phase=MapNavigation)
[GameManager] タイル起動: ショップ (r4_l1)
[GameManager] EnterShop called
[GameManager] MapTransitionController.Instance = null
[GameManager] Phase: MapNavigation → ShopVisit
[GameManager] Phase: ShopVisit → MapNavigation
[GameManager] MoveToNode: r5_l2 (phase=MapNavigation)
[GameManager] タイル起動: 戦闘 (r5_l2)
[GameManager] エンカウント: ゴブリン王
[GameManager] Phase: MapNavigation → Combat
[GameManager] Phase: Combat → BattleResult
[GameManager] 戦闘結果: ゴブリン王 — 勝利 (12T) 残HP:15
[GameManager] Phase: BattleResult → Reward
[GameManager] Phase: Reward → MapNavigation
[GameManager] MoveToNode: r6_l2 (phase=MapNavigation)
[GameManager] タイル起動: 罠 (r6_l2)
[GameManager] Phase: MapNavigation → TrapTriggered
[GameManager] Phase: TrapTriggered → MapNavigation
[GameManager] MoveToNode: r7_l2 (phase=MapNavigation)
[GameManager] タイル起動: ショップ (r7_l2)
[GameManager] EnterShop called
[GameManager] MapTransitionController.Instance = null
[GameManager] Phase: MapNavigation → ShopVisit
[GameManager] Phase: ShopVisit → MapNavigation
[GameManager] MoveToNode: r8_l2 (phase=MapNavigation)
[GameManager] タイル起動: 秘宝 (r8_l2)
[GameManager] 宝箱: ゴールド+4, 大回復ポーション
[GameManager] Phase: MapNavigation → TreasureOpen
[GameManager] Phase: TreasureOpen → MapNavigation
[GameManager] MoveToNode: r9_l2 (phase=MapNavigation)
[GameManager] タイル起動: 休憩 (r9_l2)
[GameManager] Phase: MapNavigation → RestStop
[GameManager] 休憩回復: +8HP (30%) (現在: 23/25)
[GameManager] Phase: RestStop → MapNavigation
[GameManager] MoveToNode: boss (phase=MapNavigation)
[GameManager] タイル起動: ボス (boss)
[GameManager] ボス戦: ゴブリン王
[GameManager] Phase: MapNavigation → Combat
[GameManager] Phase: Combat → BattleResult
[GameManager] 戦闘結果: ゴブリン王 — 勝利 (4T) 残HP:23
[GameManager] Phase: BattleResult → Reward
[GameManager] Phase: Reward → FloorClear
[GameManager] フロア2クリア → 次へ
[GameManager] Phase: FloorClear → FloorIntro
[GameManager] --- フロア 3 [瘴気侵蝕] ---
[GameManager] Phase: FloorIntro → MapNavigation
[GameManager] MoveToNode: r1_l0 (phase=MapNavigation)
[GameManager] タイル起動: 戦闘 (r1_l0)
[GameManager] エンカウント: 凍れる吟遊詩人
[GameManager] Phase: MapNavigation → Combat
[GameManager] Phase: Combat → BattleResult
[GameManager] 戦闘結果: 凍れる吟遊詩人 — 勝利 (7T) 残HP:25
[GameManager] 層デバフ: 戦闘後2ダメージ (HP:23)
[GameManager] Phase: BattleResult → Reward
[GameManager] Phase: Reward → MapNavigation
[GameManager] MoveToNode: r2_l0 (phase=MapNavigation)
[GameManager] タイル起動: 秘宝 (r2_l0)
[GameManager] 宝箱: ゴールド+9, 投げ短剣の鞘
[GameManager] Phase: MapNavigation → TreasureOpen
[GameManager] Phase: TreasureOpen → MapNavigation
[GameManager] MoveToNode: r3_l0 (phase=MapNavigation)
[GameManager] タイル起動: 戦闘 (r3_l0)
[GameManager] エンカウント: ハーピィ
[GameManager] Phase: MapNavigation → Combat
[GameManager] Phase: Combat → BattleResult
[GameManager] 戦闘結果: ハーピィ — 勝利 (5T) 残HP:18
[GameManager] 層デバフ: 戦闘後2ダメージ (HP:16)
[GameManager] Phase: BattleResult → Reward
[GameManager] Phase: Reward → MapNavigation
[GameManager] MoveToNode: r4_l0 (phase=MapNavigation)
[GameManager] タイル起動: 戦闘 (r4_l0)
[GameManager] エンカウント: 凍れる吟遊詩人
[GameManager] Phase: MapNavigation → Combat
[GameManager] Phase: Combat → BattleResult
[GameManager] 戦闘結果: 凍れる吟遊詩人 — 勝利 (8T) 残HP:15
[GameManager] 層デバフ: 戦闘後2ダメージ (HP:13)
[GameManager] Phase: BattleResult → Reward
[GameManager] Phase: Reward → MapNavigation
[GameManager] MoveToNode: r5_l0 (phase=MapNavigation)
[GameManager] タイル起動: イベント (r5_l0)
[GameManager] Phase: MapNavigation → EventEncounter
[GameManager] Phase: EventEncounter → MapNavigation
[GameManager] MoveToNode: r6_l0 (phase=MapNavigation)
[GameManager] タイル起動: 休憩 (r6_l0)
[GameManager] Phase: MapNavigation → RestStop
[GameManager] 休憩回復: +13HP (50%) (現在: 25/25)
[GameManager] Phase: RestStop → MapNavigation
[GameManager] MoveToNode: r7_l1 (phase=MapNavigation)
[GameManager] タイル起動: 戦闘 (r7_l1)
[GameManager] エンカウント: ゴブリン
[GameManager] Phase: MapNavigation → Combat
[GameManager] Phase: Combat → BattleResult
[GameManager] 戦闘結果: ゴブリン — 勝利 (1T) 残HP:25
[GameManager] 層デバフ: 戦闘後2ダメージ (HP:23)
[GameManager] Phase: BattleResult → Reward
[GameManager] Phase: Reward → MapNavigation
[GameManager] MoveToNode: r8_l1 (phase=MapNavigation)
[GameManager] タイル起動: 秘宝 (r8_l1)
[GameManager] 宝箱: ゴールド+18, 革の胸当て
[GameManager] Phase: MapNavigation → TreasureOpen
[GameManager] Phase: TreasureOpen → MapNavigation
[GameManager] MoveToNode: r9_l1 (phase=MapNavigation)
[GameManager] タイル起動: 休憩 (r9_l1)
[GameManager] Phase: MapNavigation → RestStop
[GameManager] 休憩回復: +13HP (50%) (現在: 25/25)
[GameManager] Phase: RestStop → MapNavigation
[GameManager] MoveToNode: boss (phase=MapNavigation)
[GameManager] タイル起動: ボス (boss)
[GameManager] ボス戦: 凍れる吟遊詩人
[GameManager] Phase: MapNavigation → Combat
[GameManager] Phase: Combat → BattleResult
[GameManager] 戦闘結果: 凍れる吟遊詩人 — 勝利 (8T) 残HP:25
[GameManager] 層デバフ: 戦闘後2ダメージ (HP:23)
[GameManager] Phase: BattleResult → Reward
[GameManager] Phase: Reward → FloorClear
[GameManager] フロア3クリア → 次へ
[GameManager] Phase: FloorClear → FloorIntro
[GameManager] --- フロア 4 [煉獄の刻印] ---
[GameManager] Phase: FloorIntro → MapNavigation
[GameManager] MoveToNode: r1_l2 (phase=MapNavigation)
[GameManager] タイル起動: 秘宝 (r1_l2)
[GameManager] 宝箱: ゴールド+20, 骨のダイス
[GameManager] Phase: MapNavigation → TreasureOpen
[GameManager] Phase: TreasureOpen → MapNavigation
[GameManager] MoveToNode: r2_l2 (phase=MapNavigation)
[GameManager] タイル起動: 休憩 (r2_l2)
[GameManager] Phase: MapNavigation → RestStop
[GameManager] 休憩回復: +8HP (30%) (現在: 25/25)
[GameManager] Phase: RestStop → MapNavigation
[GameManager] MoveToNode: r3_l2 (phase=MapNavigation)
[GameManager] タイル起動: イベント (r3_l2)
[GameManager] Phase: MapNavigation → EventEncounter
[GameManager] Phase: EventEncounter → MapNavigation
[GameManager] MoveToNode: r4_l1 (phase=MapNavigation)
[GameManager] タイル起動: 戦闘 (r4_l1)
[GameManager] エンカウント: ゴブリン王
[GameManager] Phase: MapNavigation → Combat
[GameManager] Phase: Combat → BattleResult
[GameManager] 戦闘結果: ゴブリン王 — 勝利 (10T) 残HP:25
[GameManager] Phase: BattleResult → Reward
[GameManager] Phase: Reward → MapNavigation
[GameManager] MoveToNode: r5_l1 (phase=MapNavigation)
[GameManager] タイル起動: 戦闘 (r5_l1)
[GameManager] エンカウント: ゴブリン王
[GameManager] Phase: MapNavigation → Combat
[AutoRunner] ラストスタンド発動 (Floor 5)
[AutoRunner] === RUN 18 終了: DEADLOCK (デッドロック) — 移動先なし(MapNavigation) ===

########## RUN 19  [DEADLOCK デッドロック]  移動先なし(MapNavigation)
# reached F4 HP 1/1 coins 20 combats 16/17 LS=True
[GameManager] Phase: MapNavigation → RunStart
[GameManager] === ラン開始 === HP:30
[GameManager] Phase: RunStart → FloorIntro
[GameManager] --- フロア 1 [残光の加護] ---
[GameManager] Phase: FloorIntro → MapNavigation
[GameManager] MoveToNode: r1_l1 (phase=MapNavigation)
[GameManager] タイル起動: 戦闘 (r1_l1)
[GameManager] エンカウント: ゴブリン
[GameManager] Phase: MapNavigation → Combat
[GameManager] Phase: Combat → BattleResult
[GameManager] 戦闘結果: ゴブリン — 勝利 (2T) 残HP:30
[GameManager] Phase: BattleResult → Reward
[GameManager] Phase: Reward → MapNavigation
[GameManager] MoveToNode: r2_l1 (phase=MapNavigation)
[GameManager] タイル起動: 戦闘 (r2_l1)
[GameManager] エンカウント: ゴブリン
[GameManager] Phase: MapNavigation → Combat
[GameManager] Phase: Combat → BattleResult
[GameManager] 戦闘結果: ゴブリン — 勝利 (2T) 残HP:30
[GameManager] Phase: BattleResult → Reward
[GameManager] Phase: Reward → MapNavigation
[GameManager] MoveToNode: r3_l1 (phase=MapNavigation)
[GameManager] タイル起動: 罠 (r3_l1)
[GameManager] Phase: MapNavigation → TrapTriggered
[GameManager] Phase: TrapTriggered → MapNavigation
[GameManager] MoveToNode: r4_l1 (phase=MapNavigation)
[GameManager] タイル起動: イベント (r4_l1)
[GameManager] Phase: MapNavigation → EventEncounter
[GameManager] Phase: EventEncounter → MapNavigation
[GameManager] MoveToNode: r5_l2 (phase=MapNavigation)
[GameManager] タイル起動: ショップ (r5_l2)
[GameManager] EnterShop called
[GameManager] MapTransitionController.Instance = null
[GameManager] Phase: MapNavigation → ShopVisit
[GameManager] Phase: ShopVisit → MapNavigation
[GameManager] MoveToNode: r6_l1 (phase=MapNavigation)
[GameManager] タイル起動: 戦闘 (r6_l1)
[GameManager] エンカウント: ゴブリン
[GameManager] Phase: MapNavigation → Combat
[GameManager] Phase: Combat → BattleResult
[GameManager] 戦闘結果: ゴブリン — 勝利 (2T) 残HP:30
[GameManager] Phase: BattleResult → Reward
[GameManager] Phase: Reward → MapNavigation
[GameManager] MoveToNode: r7_l1 (phase=MapNavigation)
[GameManager] タイル起動: ショップ (r7_l1)
[GameManager] EnterShop called
[GameManager] MapTransitionController.Instance = null
[GameManager] Phase: MapNavigation → ShopVisit
[GameManager] Phase: ShopVisit → MapNavigation
[GameManager] MoveToNode: r8_l1 (phase=MapNavigation)
[GameManager] タイル起動: 秘宝 (r8_l1)
[GameManager] 宝箱: ゴールド+2, 力帯
[GameManager] Phase: MapNavigation → TreasureOpen
[GameManager] Phase: TreasureOpen → MapNavigation
[GameManager] MoveToNode: r9_l1 (phase=MapNavigation)
[GameManager] タイル起動: 休憩 (r9_l1)
[GameManager] Phase: MapNavigation → RestStop
[GameManager] 休憩回復: +9HP (30%) (現在: 30/30)
[GameManager] Phase: RestStop → MapNavigation
[GameManager] MoveToNode: boss (phase=MapNavigation)
[GameManager] タイル起動: ボス (boss)
[GameManager] ボス 'boss_layer1' 未定義 — フロア1のプールから抽選
[GameManager] ボス戦: スライム
[GameManager] Phase: MapNavigation → Combat
[GameManager] Phase: Combat → BattleResult
[GameManager] 戦闘結果: スライム — 勝利 (2T) 残HP:30
[GameManager] Phase: BattleResult → Reward
[GameManager] Phase: Reward → FloorClear
[GameManager] フロア1クリア → 次へ
[GameManager] 層デバフ: MaxHP-5 → 25
[GameManager] Phase: FloorClear → FloorIntro
[GameManager] --- フロア 2 [嘆きの共鳴] ---
[GameManager] Phase: FloorIntro → MapNavigation
[GameManager] MoveToNode: r1_l0 (phase=MapNavigation)
[GameManager] タイル起動: 戦闘 (r1_l0)
[GameManager] エンカウント: ゴブリン
[GameManager] Phase: MapNavigation → Combat
[GameManager] Phase: Combat → BattleResult
[GameManager] 戦闘結果: ゴブリン — 勝利 (1T) 残HP:25
[GameManager] Phase: BattleResult → Reward
[GameManager] Phase: Reward → MapNavigation
[GameManager] MoveToNode: r2_l1 (phase=MapNavigation)
[GameManager] タイル起動: 戦闘 (r2_l1)
[GameManager] エンカウント: ゴブリン
[GameManager] Phase: MapNavigation → Combat
[GameManager] Phase: Combat → BattleResult
[GameManager] 戦闘結果: ゴブリン — 勝利 (2T) 残HP:25
[GameManager] Phase: BattleResult → Reward
[GameManager] Phase: Reward → MapNavigation
[GameManager] MoveToNode: r3_l2 (phase=MapNavigation)
[GameManager] タイル起動: 戦闘 (r3_l2)
[GameManager] エンカウント: コボルド
[GameManager] Phase: MapNavigation → Combat
[GameManager] Phase: Combat → BattleResult
[GameManager] 戦闘結果: コボルド — 勝利 (2T) 残HP:25
[GameManager] Phase: BattleResult → Reward
[GameManager] Phase: Reward → MapNavigation
[GameManager] MoveToNode: r4_l2 (phase=MapNavigation)
[GameManager] タイル起動: ショップ (r4_l2)
[GameManager] EnterShop called
[GameManager] MapTransitionController.Instance = null
[GameManager] Phase: MapNavigation → ShopVisit
[GameManager] Phase: ShopVisit → MapNavigation
[GameManager] MoveToNode: r5_l2 (phase=MapNavigation)
[GameManager] タイル起動: 戦闘 (r5_l2)
[GameManager] エンカウント: スライム
[GameManager] Phase: MapNavigation → Combat
[GameManager] Phase: Combat → BattleResult
[GameManager] 戦闘結果: スライム — 勝利 (1T) 残HP:25
[GameManager] Phase: BattleResult → Reward
[GameManager] Phase: Reward → MapNavigation
[GameManager] MoveToNode: r6_l2 (phase=MapNavigation)
[GameManager] タイル起動: 戦闘 (r6_l2)
[GameManager] エンカウント: ダイアウルフ
[GameManager] Phase: MapNavigation → Combat
[GameManager] Phase: Combat → BattleResult
[GameManager] 戦闘結果: ダイアウルフ — 勝利 (3T) 残HP:25
[GameManager] Phase: BattleResult → Reward
[GameManager] Phase: Reward → MapNavigation
[GameManager] MoveToNode: r7_l2 (phase=MapNavigation)
[GameManager] タイル起動: 戦闘 (r7_l2)
[GameManager] エンカウント: ダイアウルフ
[GameManager] Phase: MapNavigation → Combat
[GameManager] Phase: Combat → BattleResult
[GameManager] 戦闘結果: ダイアウルフ — 勝利 (3T) 残HP:25
[GameManager] Phase: BattleResult → Reward
[GameManager] Phase: Reward → MapNavigation
[GameManager] MoveToNode: r8_l2 (phase=MapNavigation)
[GameManager] タイル起動: 秘宝 (r8_l2)
[GameManager] 宝箱: ゴールド+4, 力帯
[GameManager] Phase: MapNavigation → TreasureOpen
[GameManager] Phase: TreasureOpen → MapNavigation
[GameManager] MoveToNode: r9_l2 (phase=MapNavigation)
[GameManager] タイル起動: 休憩 (r9_l2)
[GameManager] Phase: MapNavigation → RestStop
[GameManager] 休憩回復: +8HP (30%) (現在: 25/25)
[GameManager] Phase: RestStop → MapNavigation
[GameManager] MoveToNode: boss (phase=MapNavigation)
[GameManager] タイル起動: ボス (boss)
[GameManager] ボス戦: ゴブリン王
[GameManager] Phase: MapNavigation → Combat
[GameManager] Phase: Combat → BattleResult
[GameManager] 戦闘結果: ゴブリン王 — 勝利 (4T) 残HP:25
[GameManager] Phase: BattleResult → Reward
[GameManager] Phase: Reward → FloorClear
[GameManager] フロア2クリア → 次へ
[GameManager] Phase: FloorClear → FloorIntro
[GameManager] --- フロア 3 [瘴気侵蝕] ---
[GameManager] Phase: FloorIntro → MapNavigation
[GameManager] MoveToNode: r1_l0 (phase=MapNavigation)
[GameManager] タイル起動: 戦闘 (r1_l0)
[GameManager] エンカウント: 凍れる吟遊詩人
[GameManager] Phase: MapNavigation → Combat
[GameManager] Phase: Combat → BattleResult
[GameManager] 戦闘結果: 凍れる吟遊詩人 — 勝利 (10T) 残HP:25
[GameManager] 層デバフ: 戦闘後2ダメージ (HP:23)
[GameManager] Phase: BattleResult → Reward
[GameManager] Phase: Reward → MapNavigation
[GameManager] MoveToNode: r2_l0 (phase=MapNavigation)
[GameManager] タイル起動: 戦闘 (r2_l0)
[GameManager] エンカウント: オーク
[GameManager] Phase: MapNavigation → Combat
[GameManager] Phase: Combat → BattleResult
[GameManager] 戦闘結果: オーク — 勝利 (5T) 残HP:17
[GameManager] 層デバフ: 戦闘後2ダメージ (HP:15)
[GameManager] Phase: BattleResult → Reward
[GameManager] Phase: Reward → MapNavigation
[GameManager] MoveToNode: r3_l1 (phase=MapNavigation)
[GameManager] タイル起動: ショップ (r3_l1)
[GameManager] EnterShop called
[GameManager] MapTransitionController.Instance = null
[GameManager] Phase: MapNavigation → ShopVisit
[GameManager] Phase: ShopVisit → MapNavigation
[GameManager] MoveToNode: r4_l0 (phase=MapNavigation)
[GameManager] タイル起動: ショップ (r4_l0)
[GameManager] EnterShop called
[GameManager] MapTransitionController.Instance = null
[GameManager] Phase: MapNavigation → ShopVisit
[GameManager] Phase: ShopVisit → MapNavigation
[GameManager] MoveToNode: r5_l0 (phase=MapNavigation)
[GameManager] タイル起動: 秘宝 (r5_l0)
[GameManager] 宝箱: ゴールド+21, 革の胸当て
[GameManager] Phase: MapNavigation → TreasureOpen
[GameManager] Phase: TreasureOpen → MapNavigation
[GameManager] MoveToNode: r6_l0 (phase=MapNavigation)
[GameManager] タイル起動: イベント (r6_l0)
[GameManager] Phase: MapNavigation → EventEncounter
[GameManager] Phase: EventEncounter → MapNavigation
[GameManager] MoveToNode: r7_l0 (phase=MapNavigation)
[GameManager] タイル起動: 罠 (r7_l0)
[GameManager] Phase: MapNavigation → TrapTriggered
[GameManager] Phase: TrapTriggered → MapNavigation
[GameManager] MoveToNode: r8_l0 (phase=MapNavigation)
[GameManager] タイル起動: 秘宝 (r8_l0)
[GameManager] 宝箱: ゴールド+6, 治癒の指輪
[GameManager] Phase: MapNavigation → TreasureOpen
[GameManager] Phase: TreasureOpen → MapNavigation
[GameManager] MoveToNode: r9_l0 (phase=MapNavigation)
[GameManager] タイル起動: 休憩 (r9_l0)
[GameManager] Phase: MapNavigation → RestStop
[GameManager] 休憩回復: +13HP (50%) (現在: 14/25)
[GameManager] Phase: RestStop → MapNavigation
[GameManager] MoveToNode: boss (phase=MapNavigation)
[GameManager] タイル起動: ボス (boss)
[GameManager] ボス戦: 凍れる吟遊詩人
[GameManager] Phase: MapNavigation → Combat
[GameManager] Phase: Combat → BattleResult
[GameManager] 戦闘結果: 凍れる吟遊詩人 — 勝利 (9T) 残HP:14
[GameManager] 層デバフ: 戦闘後2ダメージ (HP:12)
[GameManager] Phase: BattleResult → Reward
[GameManager] Phase: Reward → FloorClear
[GameManager] フロア3クリア → 次へ
[GameManager] Phase: FloorClear → FloorIntro
[GameManager] --- フロア 4 [煉獄の刻印] ---
[GameManager] Phase: FloorIntro → MapNavigation
[GameManager] MoveToNode: r1_l2 (phase=MapNavigation)
[GameManager] タイル起動: ショップ (r1_l2)
[GameManager] EnterShop called
[GameManager] MapTransitionController.Instance = null
[GameManager] Phase: MapNavigation → ShopVisit
[GameManager] Phase: ShopVisit → MapNavigation
[GameManager] MoveToNode: r2_l2 (phase=MapNavigation)
[GameManager] タイル起動: 戦闘 (r2_l2)
[GameManager] エンカウント: ミノタウロス
[GameManager] Phase: MapNavigation → Combat
[GameManager] Phase: Combat → BattleResult
[GameManager] 戦闘結果: ミノタウロス — 勝利 (16T) 残HP:15
[GameManager] Phase: BattleResult → Reward
[GameManager] Phase: Reward → MapNavigation
[GameManager] MoveToNode: r3_l2 (phase=MapNavigation)
[GameManager] タイル起動: イベント (r3_l2)
[GameManager] Phase: MapNavigation → EventEncounter
[GameManager] Phase: EventEncounter → MapNavigation
[GameManager] MoveToNode: r4_l1 (phase=MapNavigation)
[GameManager] タイル起動: 戦闘 (r4_l1)
[GameManager] エンカウント: ミノタウロス
[GameManager] Phase: MapNavigation → Combat
[GameManager] Phase: Combat → BattleResult
[GameManager] 戦闘結果: ミノタウロス — 勝利 (16T) 残HP:3
[GameManager] Phase: BattleResult → Reward
[GameManager] Phase: Reward → MapNavigation
[GameManager] MoveToNode: r5_l2 (phase=MapNavigation)
[GameManager] タイル起動: ショップ (r5_l2)
[GameManager] EnterShop called
[GameManager] MapTransitionController.Instance = null
[GameManager] Phase: MapNavigation → ShopVisit
[GameManager] Phase: ShopVisit → MapNavigation
[GameManager] MoveToNode: r6_l2 (phase=MapNavigation)
[GameManager] タイル起動: イベント (r6_l2)
[GameManager] Phase: MapNavigation → EventEncounter
[AutoRunner] ラストスタンド発動 (Floor 4)
[AutoRunner] === RUN 19 終了: DEADLOCK (デッドロック) — 移動先なし(MapNavigation) ===

########## RUN 20  [R4 3Fで死亡]  敗北 cause=CombatLoss
# reached F3 HP 0/1 coins 118 combats 18/20 LS=True
[GameManager] Phase: MapNavigation → RunStart
[GameManager] === ラン開始 === HP:30
[GameManager] Phase: RunStart → FloorIntro
[GameManager] --- フロア 1 [残光の加護] ---
[GameManager] Phase: FloorIntro → MapNavigation
[GameManager] MoveToNode: r1_l1 (phase=MapNavigation)
[GameManager] タイル起動: 戦闘 (r1_l1)
[GameManager] エンカウント: スライム
[GameManager] Phase: MapNavigation → Combat
[GameManager] Phase: Combat → BattleResult
[GameManager] 戦闘結果: スライム — 勝利 (3T) 残HP:30
[GameManager] Phase: BattleResult → Reward
[GameManager] Phase: Reward → MapNavigation
[GameManager] MoveToNode: r2_l2 (phase=MapNavigation)
[GameManager] タイル起動: 戦闘 (r2_l2)
[GameManager] エンカウント: スライム
[GameManager] Phase: MapNavigation → Combat
[GameManager] Phase: Combat → BattleResult
[GameManager] 戦闘結果: スライム — 勝利 (1T) 残HP:30
[GameManager] Phase: BattleResult → Reward
[GameManager] Phase: Reward → MapNavigation
[GameManager] MoveToNode: r3_l2 (phase=MapNavigation)
[GameManager] タイル起動: 激戦 (r3_l2)
[GameManager] エンカウント: ゴブリン
[GameManager] Phase: MapNavigation → Combat
[GameManager] Phase: Combat → BattleResult
[GameManager] 戦闘結果: ゴブリン — 勝利 (2T) 残HP:30
[GameManager] 激戦2戦目: スライム
[GameManager] Phase: BattleResult → Combat
[GameManager] Phase: Combat → BattleResult
[GameManager] 戦闘結果: スライム — 勝利 (1T) 残HP:30
[GameManager] Phase: BattleResult → Reward
[GameManager] Phase: Reward → MapNavigation
[GameManager] MoveToNode: r4_l2 (phase=MapNavigation)
[GameManager] タイル起動: イベント (r4_l2)
[GameManager] Phase: MapNavigation → EventEncounter
[GameManager] Phase: EventEncounter → MapNavigation
[GameManager] MoveToNode: r5_l2 (phase=MapNavigation)
[GameManager] タイル起動: 激戦 (r5_l2)
[GameManager] エンカウント: ゴブリン
[GameManager] Phase: MapNavigation → Combat
[GameManager] Phase: Combat → BattleResult
[GameManager] 戦闘結果: ゴブリン — 勝利 (2T) 残HP:30
[GameManager] 激戦2戦目: スライム
[GameManager] Phase: BattleResult → Combat
[GameManager] Phase: Combat → BattleResult
[GameManager] 戦闘結果: スライム — 勝利 (2T) 残HP:30
[GameManager] Phase: BattleResult → Reward
[GameManager] Phase: Reward → MapNavigation
[GameManager] MoveToNode: r6_l1 (phase=MapNavigation)
[GameManager] タイル起動: 激戦 (r6_l1)
[GameManager] エンカウント: スライム
[GameManager] Phase: MapNavigation → Combat
[GameManager] Phase: Combat → BattleResult
[GameManager] 戦闘結果: スライム — 勝利 (1T) 残HP:30
[GameManager] 激戦2戦目: ゴブリン
[GameManager] Phase: BattleResult → Combat
[GameManager] Phase: Combat → BattleResult
[GameManager] 戦闘結果: ゴブリン — 勝利 (3T) 残HP:30
[GameManager] Phase: BattleResult → Reward
[GameManager] Phase: Reward → MapNavigation
[GameManager] MoveToNode: r7_l0 (phase=MapNavigation)
[GameManager] タイル起動: 激戦 (r7_l0)
[GameManager] エンカウント: スライム
[GameManager] Phase: MapNavigation → Combat
[GameManager] Phase: Combat → BattleResult
[GameManager] 戦闘結果: スライム — 勝利 (2T) 残HP:30
[GameManager] 激戦2戦目: ゴブリン
[GameManager] Phase: BattleResult → Combat
[GameManager] Phase: Combat → BattleResult
[GameManager] 戦闘結果: ゴブリン — 勝利 (4T) 残HP:30
[GameManager] Phase: BattleResult → Reward
[GameManager] Phase: Reward → MapNavigation
[GameManager] MoveToNode: r8_l0 (phase=MapNavigation)
[GameManager] タイル起動: 秘宝 (r8_l0)
[GameManager] 宝箱: ゴールド+7, 偏りのダイス
[GameManager] Phase: MapNavigation → TreasureOpen
[GameManager] Phase: TreasureOpen → MapNavigation
[GameManager] MoveToNode: r9_l0 (phase=MapNavigation)
[GameManager] タイル起動: 休憩 (r9_l0)
[GameManager] Phase: MapNavigation → RestStop
[GameManager] 休憩回復: +9HP (30%) (現在: 30/30)
[GameManager] Phase: RestStop → MapNavigation
[GameManager] MoveToNode: boss (phase=MapNavigation)
[GameManager] タイル起動: ボス (boss)
[GameManager] ボス 'boss_layer1' 未定義 — フロア1のプールから抽選
[GameManager] ボス戦: ゴブリン
[GameManager] Phase: MapNavigation → Combat
[GameManager] Phase: Combat → BattleResult
[GameManager] 戦闘結果: ゴブリン — 勝利 (3T) 残HP:26
[GameManager] Phase: BattleResult → Reward
[GameManager] Phase: Reward → FloorClear
[GameManager] フロア1クリア → 次へ
[GameManager] 層デバフ: MaxHP-5 → 25
[GameManager] Phase: FloorClear → FloorIntro
[GameManager] --- フロア 2 [嘆きの共鳴] ---
[GameManager] Phase: FloorIntro → MapNavigation
[GameManager] MoveToNode: r1_l2 (phase=MapNavigation)
[GameManager] タイル起動: ショップ (r1_l2)
[GameManager] EnterShop called
[GameManager] MapTransitionController.Instance = null
[GameManager] Phase: MapNavigation → ShopVisit
[GameManager] Phase: ShopVisit → MapNavigation
[GameManager] MoveToNode: r2_l2 (phase=MapNavigation)
[GameManager] タイル起動: 罠 (r2_l2)
[GameManager] Phase: MapNavigation → TrapTriggered
[GameManager] Phase: TrapTriggered → MapNavigation
[GameManager] MoveToNode: r3_l2 (phase=MapNavigation)
[GameManager] タイル起動: ショップ (r3_l2)
[GameManager] EnterShop called
[GameManager] MapTransitionController.Instance = null
[GameManager] Phase: MapNavigation → ShopVisit
[GameManager] Phase: ShopVisit → MapNavigation
[GameManager] MoveToNode: r4_l1 (phase=MapNavigation)
[GameManager] タイル起動: 激戦 (r4_l1)
[GameManager] エンカウント: 13番目の死
[GameManager] Phase: MapNavigation → Combat
[GameManager] Phase: Combat → BattleResult
[GameManager] 戦闘結果: 13番目の死 — 勝利 (3T) 残HP:25
[GameManager] 激戦2戦目: スライム
[GameManager] Phase: BattleResult → Combat
[GameManager] Phase: Combat → BattleResult
[GameManager] 戦闘結果: スライム — 勝利 (2T) 残HP:25
[GameManager] Phase: BattleResult → Reward
[GameManager] Phase: Reward → MapNavigation
[GameManager] MoveToNode: r5_l1 (phase=MapNavigation)
[GameManager] タイル起動: ショップ (r5_l1)
[GameManager] EnterShop called
[GameManager] MapTransitionController.Instance = null
[GameManager] Phase: MapNavigation → ShopVisit
[GameManager] Phase: ShopVisit → MapNavigation
[GameManager] MoveToNode: r6_l2 (phase=MapNavigation)
[GameManager] タイル起動: 戦闘 (r6_l2)
[GameManager] エンカウント: スライム
[GameManager] Phase: MapNavigation → Combat
[GameManager] Phase: Combat → BattleResult
[GameManager] 戦闘結果: スライム — 勝利 (1T) 残HP:25
[GameManager] Phase: BattleResult → Reward
[GameManager] Phase: Reward → MapNavigation
[GameManager] MoveToNode: r7_l2 (phase=MapNavigation)
[GameManager] タイル起動: 戦闘 (r7_l2)
[GameManager] エンカウント: ゴブリン
[GameManager] Phase: MapNavigation → Combat
[GameManager] Phase: Combat → BattleResult
[GameManager] 戦闘結果: ゴブリン — 勝利 (1T) 残HP:25
[GameManager] Phase: BattleResult → Reward
[GameManager] Phase: Reward → MapNavigation
[GameManager] MoveToNode: r8_l2 (phase=MapNavigation)
[GameManager] タイル起動: 秘宝 (r8_l2)
[GameManager] 宝箱: ゴールド+14, 回復ポーション
[GameManager] Phase: MapNavigation → TreasureOpen
[GameManager] Phase: TreasureOpen → MapNavigation
[GameManager] MoveToNode: r9_l2 (phase=MapNavigation)
[GameManager] タイル起動: 休憩 (r9_l2)
[GameManager] Phase: MapNavigation → RestStop
[GameManager] 休憩回復: +8HP (30%) (現在: 25/25)
[GameManager] Phase: RestStop → MapNavigation
[GameManager] MoveToNode: boss (phase=MapNavigation)
[GameManager] タイル起動: ボス (boss)
[GameManager] ボス戦: ゴブリン王
[GameManager] Phase: MapNavigation → Combat
[GameManager] Phase: Combat → BattleResult
[GameManager] 戦闘結果: ゴブリン王 — 勝利 (10T) 残HP:20
[GameManager] Phase: BattleResult → Reward
[GameManager] Phase: Reward → FloorClear
[GameManager] フロア2クリア → 次へ
[GameManager] Phase: FloorClear → FloorIntro
[GameManager] --- フロア 3 [瘴気侵蝕] ---
[GameManager] Phase: FloorIntro → MapNavigation
[GameManager] MoveToNode: r1_l2 (phase=MapNavigation)
[GameManager] タイル起動: 秘宝 (r1_l2)
[GameManager] 宝箱: ゴールド+6, 小回復ポーション
[GameManager] Phase: MapNavigation → TreasureOpen
[GameManager] Phase: TreasureOpen → MapNavigation
[GameManager] MoveToNode: r2_l2 (phase=MapNavigation)
[GameManager] タイル起動: 戦闘 (r2_l2)
[GameManager] エンカウント: ハーピィ
[GameManager] Phase: MapNavigation → Combat
[GameManager] Phase: Combat → BattleResult
[GameManager] 戦闘結果: ハーピィ — 勝利 (8T) 残HP:21
[GameManager] 層デバフ: 戦闘後2ダメージ (HP:19)
[GameManager] Phase: BattleResult → Reward
[GameManager] Phase: Reward → MapNavigation
[GameManager] MoveToNode: r3_l2 (phase=MapNavigation)
[GameManager] タイル起動: 秘宝 (r3_l2)
[GameManager] 宝箱: ゴールド+12, 嵐の徽章
[GameManager] Phase: MapNavigation → TreasureOpen
[GameManager] Phase: TreasureOpen → MapNavigation
[GameManager] MoveToNode: r4_l2 (phase=MapNavigation)
[GameManager] タイル起動: 戦闘 (r4_l2)
[GameManager] エンカウント: 凍れる吟遊詩人
[GameManager] Phase: MapNavigation → Combat
[GameManager] Phase: Combat → BattleResult
[GameManager] 戦闘結果: 凍れる吟遊詩人 — 勝利 (10T) 残HP:15
[GameManager] 層デバフ: 戦闘後2ダメージ (HP:13)
[GameManager] Phase: BattleResult → Reward
[GameManager] Phase: Reward → MapNavigation
[GameManager] MoveToNode: r5_l2 (phase=MapNavigation)
[GameManager] タイル起動: 戦闘 (r5_l2)
[GameManager] エンカウント: オーク
[GameManager] Phase: MapNavigation → Combat
[GameManager] Phase: Combat → BattleResult
[GameManager] 戦闘結果: オーク — 敗北 (4T) 残HP:0
[GameManager] 救済発動: マップへ戻る
[GameManager] Phase: BattleResult → MapNavigation
[AutoRunner] ラストスタンド発動 (Floor 3)
[GameManager] MoveToNode: r6_l2 (phase=MapNavigation)
[GameManager] タイル起動: イベント (r6_l2)
[GameManager] Phase: MapNavigation → EventEncounter
[GameManager] Phase: EventEncounter → MapNavigation
[GameManager] MoveToNode: r7_l1 (phase=MapNavigation)
[GameManager] タイル起動: イベント (r7_l1)
[GameManager] Phase: MapNavigation → EventEncounter
[GameManager] Phase: EventEncounter → MapNavigation
[GameManager] MoveToNode: r8_l1 (phase=MapNavigation)
[GameManager] タイル起動: 秘宝 (r8_l1)
[GameManager] 宝箱: ゴールド+0, 銅貨のダイス
[GameManager] Phase: MapNavigation → TreasureOpen
[GameManager] Phase: TreasureOpen → MapNavigation
[GameManager] MoveToNode: r9_l1 (phase=MapNavigation)
[GameManager] タイル起動: 休憩 (r9_l1)
[GameManager] Phase: MapNavigation → RestStop
[GameManager] 休憩回復: +1HP (50%) (現在: 1/1)
[GameManager] Phase: RestStop → MapNavigation
[GameManager] MoveToNode: boss (phase=MapNavigation)
[GameManager] タイル起動: ボス (boss)
[GameManager] ボス戦: 凍れる吟遊詩人
[GameManager] Phase: MapNavigation → Combat
[GameManager] Phase: Combat → BattleResult
[GameManager] 戦闘結果: 凍れる吟遊詩人 — 敗北 (8T) 残HP:0
[GameManager] Phase: BattleResult → GameOver
[AutoRunner] === RUN 20 終了: R4 (3Fで死亡) — 敗北 cause=CombatLoss ===

########## RUN 21  [R7 5Fボスで死亡]  敗北 cause=Starvation
# reached F5 HP 0/1 coins 89 combats 23/24 LS=True
[GameManager] Phase: GameOver → Title
[GameManager] Phase: Title → RunStart
[GameManager] === ラン開始 === HP:30
[GameManager] Phase: RunStart → FloorIntro
[GameManager] --- フロア 1 [残光の加護] ---
[GameManager] Phase: FloorIntro → MapNavigation
[GameManager] MoveToNode: r1_l0 (phase=MapNavigation)
[GameManager] タイル起動: 戦闘 (r1_l0)
[GameManager] エンカウント: ゴブリン
[GameManager] Phase: MapNavigation → Combat
[GameManager] Phase: Combat → BattleResult
[GameManager] 戦闘結果: ゴブリン — 勝利 (3T) 残HP:30
[GameManager] Phase: BattleResult → Reward
[GameManager] Phase: Reward → MapNavigation
[GameManager] MoveToNode: r2_l1 (phase=MapNavigation)
[GameManager] タイル起動: 戦闘 (r2_l1)
[GameManager] エンカウント: スライム
[GameManager] Phase: MapNavigation → Combat
[GameManager] Phase: Combat → BattleResult
[GameManager] 戦闘結果: スライム — 勝利 (2T) 残HP:30
[GameManager] Phase: BattleResult → Reward
[GameManager] Phase: Reward → MapNavigation
[GameManager] MoveToNode: r3_l1 (phase=MapNavigation)
[GameManager] タイル起動: 罠 (r3_l1)
[GameManager] Phase: MapNavigation → TrapTriggered
[GameManager] Phase: TrapTriggered → MapNavigation
[GameManager] MoveToNode: r4_l0 (phase=MapNavigation)
[GameManager] タイル起動: 戦闘 (r4_l0)
[GameManager] エンカウント: スライム
[GameManager] Phase: MapNavigation → Combat
[GameManager] Phase: Combat → BattleResult
[GameManager] 戦闘結果: スライム — 勝利 (2T) 残HP:30
[GameManager] Phase: BattleResult → Reward
[GameManager] Phase: Reward → MapNavigation
[GameManager] MoveToNode: r5_l1 (phase=MapNavigation)
[GameManager] タイル起動: 戦闘 (r5_l1)
[GameManager] エンカウント: スライム
[GameManager] Phase: MapNavigation → Combat
[GameManager] Phase: Combat → BattleResult
[GameManager] 戦闘結果: スライム — 勝利 (3T) 残HP:30
[GameManager] Phase: BattleResult → Reward
[GameManager] Phase: Reward → MapNavigation
[GameManager] MoveToNode: r6_l1 (phase=MapNavigation)
[GameManager] タイル起動: 戦闘 (r6_l1)
[GameManager] エンカウント: スライム
[GameManager] Phase: MapNavigation → Combat
[GameManager] Phase: Combat → BattleResult
[GameManager] 戦闘結果: スライム — 勝利 (2T) 残HP:30
[GameManager] Phase: BattleResult → Reward
[GameManager] Phase: Reward → MapNavigation
[GameManager] MoveToNode: r7_l1 (phase=MapNavigation)
[GameManager] タイル起動: 激戦 (r7_l1)
[GameManager] エンカウント: ゴブリン
[GameManager] Phase: MapNavigation → Combat
[GameManager] Phase: Combat → BattleResult
[GameManager] 戦闘結果: ゴブリン — 勝利 (2T) 残HP:30
[GameManager] 激戦2戦目: スライム
[GameManager] Phase: BattleResult → Combat
[GameManager] Phase: Combat → BattleResult
[GameManager] 戦闘結果: スライム — 勝利 (2T) 残HP:30
[GameManager] Phase: BattleResult → Reward
[GameManager] Phase: Reward → MapNavigation
[GameManager] MoveToNode: r8_l1 (phase=MapNavigation)
[GameManager] タイル起動: 秘宝 (r8_l1)
[GameManager] 宝箱: ゴールド+2, 安らぎの靴
[GameManager] Phase: MapNavigation → TreasureOpen
[GameManager] Phase: TreasureOpen → MapNavigation
[GameManager] MoveToNode: r9_l1 (phase=MapNavigation)
[GameManager] タイル起動: 休憩 (r9_l1)
[GameManager] Phase: MapNavigation → RestStop
[GameManager] 休憩回復: +9HP (30%) (現在: 30/30)
[GameManager] Phase: RestStop → MapNavigation
[GameManager] MoveToNode: boss (phase=MapNavigation)
[GameManager] タイル起動: ボス (boss)
[GameManager] ボス 'boss_layer1' 未定義 — フロア1のプールから抽選
[GameManager] ボス戦: スライム
[GameManager] Phase: MapNavigation → Combat
[GameManager] Phase: Combat → BattleResult
[GameManager] 戦闘結果: スライム — 勝利 (2T) 残HP:30
[GameManager] Phase: BattleResult → Reward
[GameManager] Phase: Reward → FloorClear
[GameManager] フロア1クリア → 次へ
[GameManager] 層デバフ: MaxHP-5 → 25
[GameManager] Phase: FloorClear → FloorIntro
[GameManager] --- フロア 2 [嘆きの共鳴] ---
[GameManager] Phase: FloorIntro → MapNavigation
[GameManager] MoveToNode: r1_l1 (phase=MapNavigation)
[GameManager] タイル起動: イベント (r1_l1)
[GameManager] Phase: MapNavigation → EventEncounter
[GameManager] Phase: EventEncounter → MapNavigation
[GameManager] MoveToNode: r2_l2 (phase=MapNavigation)
[GameManager] タイル起動: ショップ (r2_l2)
[GameManager] EnterShop called
[GameManager] MapTransitionController.Instance = null
[GameManager] Phase: MapNavigation → ShopVisit
[GameManager] Phase: ShopVisit → MapNavigation
[GameManager] MoveToNode: r3_l2 (phase=MapNavigation)
[GameManager] タイル起動: 戦闘 (r3_l2)
[GameManager] エンカウント: 13番目の死
[GameManager] Phase: MapNavigation → Combat
[GameManager] Phase: Combat → BattleResult
[GameManager] 戦闘結果: 13番目の死 — 勝利 (4T) 残HP:7
[GameManager] Phase: BattleResult → Reward
[GameManager] Phase: Reward → MapNavigation
[GameManager] MoveToNode: r4_l2 (phase=MapNavigation)
[GameManager] タイル起動: イベント (r4_l2)
[GameManager] Phase: MapNavigation → EventEncounter
[GameManager] Phase: EventEncounter → MapNavigation
[GameManager] MoveToNode: r5_l2 (phase=MapNavigation)
[GameManager] タイル起動: 激戦 (r5_l2)
[GameManager] エンカウント: コボルド
[GameManager] Phase: MapNavigation → Combat
[GameManager] Phase: Combat → BattleResult
[GameManager] 戦闘結果: コボルド — 勝利 (2T) 残HP:9
[GameManager] 激戦2戦目: 13番目の死
[GameManager] Phase: BattleResult → Combat
[GameManager] Phase: Combat → BattleResult
[GameManager] 戦闘結果: 13番目の死 — 勝利 (2T) 残HP:9
[GameManager] Phase: BattleResult → Reward
[GameManager] Phase: Reward → MapNavigation
[GameManager] MoveToNode: r6_l1 (phase=MapNavigation)
[GameManager] タイル起動: イベント (r6_l1)
[GameManager] Phase: MapNavigation → EventEncounter
[GameManager] Phase: EventEncounter → MapNavigation
[GameManager] MoveToNode: r7_l2 (phase=MapNavigation)
[GameManager] タイル起動: 戦闘 (r7_l2)
[GameManager] エンカウント: スケルトン
[GameManager] Phase: MapNavigation → Combat
[GameManager] Phase: Combat → BattleResult
[GameManager] 戦闘結果: スケルトン — 勝利 (11T) 残HP:5
[GameManager] Phase: BattleResult → Reward
[GameManager] Phase: Reward → MapNavigation
[GameManager] MoveToNode: r8_l2 (phase=MapNavigation)
[GameManager] タイル起動: 秘宝 (r8_l2)
[GameManager] 宝箱: ゴールド+4, 灯心の鈴
[GameManager] Phase: MapNavigation → TreasureOpen
[GameManager] Phase: TreasureOpen → MapNavigation
[GameManager] MoveToNode: r9_l2 (phase=MapNavigation)
[GameManager] タイル起動: 休憩 (r9_l2)
[GameManager] Phase: MapNavigation → RestStop
[GameManager] 休憩回復: +8HP (30%) (現在: 15/25)
[GameManager] Phase: RestStop → MapNavigation
[GameManager] MoveToNode: boss (phase=MapNavigation)
[GameManager] タイル起動: ボス (boss)
[GameManager] ボス戦: ゴブリン王
[GameManager] Phase: MapNavigation → Combat
[GameManager] Phase: Combat → BattleResult
[GameManager] 戦闘結果: ゴブリン王 — 勝利 (6T) 残HP:14
[GameManager] Phase: BattleResult → Reward
[GameManager] Phase: Reward → FloorClear
[GameManager] フロア2クリア → 次へ
[GameManager] Phase: FloorClear → FloorIntro
[GameManager] --- フロア 3 [瘴気侵蝕] ---
[GameManager] Phase: FloorIntro → MapNavigation
[GameManager] MoveToNode: r1_l1 (phase=MapNavigation)
[GameManager] タイル起動: ショップ (r1_l1)
[GameManager] EnterShop called
[GameManager] MapTransitionController.Instance = null
[GameManager] Phase: MapNavigation → ShopVisit
[GameManager] Phase: ShopVisit → MapNavigation
[GameManager] MoveToNode: r2_l1 (phase=MapNavigation)
[GameManager] タイル起動: ショップ (r2_l1)
[GameManager] EnterShop called
[GameManager] MapTransitionController.Instance = null
[GameManager] Phase: MapNavigation → ShopVisit
[GameManager] Phase: ShopVisit → MapNavigation
[GameManager] MoveToNode: r3_l2 (phase=MapNavigation)
[GameManager] タイル起動: 戦闘 (r3_l2)
[GameManager] エンカウント: 凍れる吟遊詩人
[GameManager] Phase: MapNavigation → Combat
[GameManager] Phase: Combat → BattleResult
[GameManager] 戦闘結果: 凍れる吟遊詩人 — 勝利 (7T) 残HP:25
[GameManager] 層デバフ: 戦闘後2ダメージ (HP:23)
[GameManager] Phase: BattleResult → Reward
[GameManager] Phase: Reward → MapNavigation
[GameManager] MoveToNode: r4_l1 (phase=MapNavigation)
[GameManager] タイル起動: イベント (r4_l1)
[GameManager] Phase: MapNavigation → EventEncounter
[GameManager] Phase: EventEncounter → MapNavigation
[GameManager] MoveToNode: r5_l1 (phase=MapNavigation)
[GameManager] タイル起動: 戦闘 (r5_l1)
[GameManager] エンカウント: オーク
[GameManager] Phase: MapNavigation → Combat
[GameManager] Phase: Combat → BattleResult
[GameManager] 戦闘結果: オーク — 勝利 (12T) 残HP:8
[GameManager] 層デバフ: 戦闘後2ダメージ (HP:6)
[GameManager] Phase: BattleResult → Reward
[GameManager] Phase: Reward → MapNavigation
[GameManager] MoveToNode: r6_l1 (phase=MapNavigation)
[GameManager] タイル起動: 秘宝 (r6_l1)
[GameManager] 宝箱: ゴールド+18, 骨のダイス
[GameManager] Phase: MapNavigation → TreasureOpen
[GameManager] Phase: TreasureOpen → MapNavigation
[GameManager] MoveToNode: r7_l1 (phase=MapNavigation)
[GameManager] タイル起動: イベント (r7_l1)
[GameManager] Phase: MapNavigation → EventEncounter
[GameManager] Phase: EventEncounter → MapNavigation
[GameManager] MoveToNode: r8_l1 (phase=MapNavigation)
[GameManager] タイル起動: 秘宝 (r8_l1)
[GameManager] 宝箱: ゴールド+15, 苦難の刻印
[GameManager] Phase: MapNavigation → TreasureOpen
[GameManager] Phase: TreasureOpen → MapNavigation
[GameManager] MoveToNode: r9_l1 (phase=MapNavigation)
[GameManager] タイル起動: 休憩 (r9_l1)
[GameManager] Phase: MapNavigation → RestStop
[GameManager] 休憩回復: +13HP (50%) (現在: 23/25)
[GameManager] Phase: RestStop → MapNavigation
[GameManager] MoveToNode: boss (phase=MapNavigation)
[GameManager] タイル起動: ボス (boss)
[GameManager] ボス戦: 凍れる吟遊詩人
[GameManager] Phase: MapNavigation → Combat
[GameManager] Phase: Combat → BattleResult
[GameManager] 戦闘結果: 凍れる吟遊詩人 — 勝利 (10T) 残HP:18
[GameManager] 層デバフ: 戦闘後2ダメージ (HP:16)
[GameManager] Phase: BattleResult → Reward
[GameManager] Phase: Reward → FloorClear
[GameManager] フロア3クリア → 次へ
[GameManager] Phase: FloorClear → FloorIntro
[GameManager] --- フロア 4 [煉獄の刻印] ---
[GameManager] Phase: FloorIntro → MapNavigation
[GameManager] MoveToNode: r1_l2 (phase=MapNavigation)
[GameManager] タイル起動: ショップ (r1_l2)
[GameManager] EnterShop called
[GameManager] MapTransitionController.Instance = null
[GameManager] Phase: MapNavigation → ShopVisit
[GameManager] Phase: ShopVisit → MapNavigation
[GameManager] MoveToNode: r2_l2 (phase=MapNavigation)
[GameManager] タイル起動: 罠 (r2_l2)
[GameManager] Phase: MapNavigation → TrapTriggered
[GameManager] Phase: TrapTriggered → MapNavigation
[GameManager] MoveToNode: r3_l2 (phase=MapNavigation)
[GameManager] タイル起動: 戦闘 (r3_l2)
[GameManager] エンカウント: 鏡の双子
[GameManager] Phase: MapNavigation → Combat
[GameManager] Phase: Combat → BattleResult
[GameManager] 戦闘結果: 鏡の双子 — 勝利 (8T) 残HP:9
[GameManager] Phase: BattleResult → Reward
[GameManager] Phase: Reward → MapNavigation
[GameManager] MoveToNode: r4_l2 (phase=MapNavigation)
[GameManager] タイル起動: 戦闘 (r4_l2)
[GameManager] エンカウント: コボルド
[GameManager] Phase: MapNavigation → Combat
[GameManager] Phase: Combat → BattleResult
[GameManager] 戦闘結果: コボルド — 勝利 (2T) 残HP:11
[GameManager] Phase: BattleResult → Reward
[GameManager] Phase: Reward → MapNavigation
[GameManager] MoveToNode: r5_l1 (phase=MapNavigation)
[GameManager] タイル起動: 戦闘 (r5_l1)
[GameManager] エンカウント: オーク
[GameManager] Phase: MapNavigation → Combat
[AutoRunner] ラストスタンド発動 (Floor 5)
[AutoRunner] === RUN 21 終了: R7 (5Fボスで死亡) — 敗北 cause=Starvation ===

########## RUN 22  [R5 4Fで死亡]  敗北 cause=CombatLoss
# reached F4 HP 0/1 coins 140 combats 12/14 LS=True
[GameManager] Phase: GameOver → Title
[GameManager] Phase: Title → RunStart
[GameManager] === ラン開始 === HP:30
[GameManager] Phase: RunStart → FloorIntro
[GameManager] --- フロア 1 [残光の加護] ---
[GameManager] Phase: FloorIntro → MapNavigation
[GameManager] MoveToNode: r1_l0 (phase=MapNavigation)
[GameManager] タイル起動: 戦闘 (r1_l0)
[GameManager] エンカウント: ゴブリン
[GameManager] Phase: MapNavigation → Combat
[GameManager] Phase: Combat → BattleResult
[GameManager] 戦闘結果: ゴブリン — 勝利 (2T) 残HP:30
[GameManager] Phase: BattleResult → Reward
[GameManager] Phase: Reward → MapNavigation
[GameManager] MoveToNode: r2_l1 (phase=MapNavigation)
[GameManager] タイル起動: 秘宝 (r2_l1)
[GameManager] 宝箱: ゴールド+7, 木のダイス
[GameManager] Phase: MapNavigation → TreasureOpen
[GameManager] Phase: TreasureOpen → MapNavigation
[GameManager] MoveToNode: r3_l1 (phase=MapNavigation)
[GameManager] タイル起動: 秘宝 (r3_l1)
[GameManager] 宝箱: ゴールド+2, 死神の予感
[GameManager] Phase: MapNavigation → TreasureOpen
[GameManager] Phase: TreasureOpen → MapNavigation
[GameManager] MoveToNode: r4_l2 (phase=MapNavigation)
[GameManager] タイル起動: 戦闘 (r4_l2)
[GameManager] エンカウント: ゴブリン
[GameManager] Phase: MapNavigation → Combat
[GameManager] Phase: Combat → BattleResult
[GameManager] 戦闘結果: ゴブリン — 勝利 (4T) 残HP:25
[GameManager] Phase: BattleResult → Reward
[GameManager] Phase: Reward → MapNavigation
[GameManager] MoveToNode: r5_l1 (phase=MapNavigation)
[GameManager] タイル起動: ショップ (r5_l1)
[GameManager] EnterShop called
[GameManager] MapTransitionController.Instance = null
[GameManager] Phase: MapNavigation → ShopVisit
[GameManager] Phase: ShopVisit → MapNavigation
[GameManager] MoveToNode: r6_l2 (phase=MapNavigation)
[GameManager] タイル起動: 戦闘 (r6_l2)
[GameManager] エンカウント: スライム
[GameManager] Phase: MapNavigation → Combat
[GameManager] Phase: Combat → BattleResult
[GameManager] 戦闘結果: スライム — 勝利 (2T) 残HP:25
[GameManager] Phase: BattleResult → Reward
[GameManager] Phase: Reward → MapNavigation
[GameManager] MoveToNode: r7_l2 (phase=MapNavigation)
[GameManager] タイル起動: ショップ (r7_l2)
[GameManager] EnterShop called
[GameManager] MapTransitionController.Instance = null
[GameManager] Phase: MapNavigation → ShopVisit
[GameManager] Phase: ShopVisit → MapNavigation
[GameManager] MoveToNode: r8_l2 (phase=MapNavigation)
[GameManager] タイル起動: 秘宝 (r8_l2)
[GameManager] 宝箱: ゴールド+4, 大回復ポーション
[GameManager] Phase: MapNavigation → TreasureOpen
[GameManager] Phase: TreasureOpen → MapNavigation
[GameManager] MoveToNode: r9_l2 (phase=MapNavigation)
[GameManager] タイル起動: 休憩 (r9_l2)
[GameManager] Phase: MapNavigation → RestStop
[GameManager] 休憩回復: +9HP (30%) (現在: 30/30)
[GameManager] Phase: RestStop → MapNavigation
[GameManager] MoveToNode: boss (phase=MapNavigation)
[GameManager] タイル起動: ボス (boss)
[GameManager] ボス 'boss_layer1' 未定義 — フロア1のプールから抽選
[GameManager] ボス戦: ゴブリン
[GameManager] Phase: MapNavigation → Combat
[GameManager] Phase: Combat → BattleResult
[GameManager] 戦闘結果: ゴブリン — 勝利 (3T) 残HP:30
[GameManager] Phase: BattleResult → Reward
[GameManager] Phase: Reward → FloorClear
[GameManager] フロア1クリア → 次へ
[GameManager] 層デバフ: MaxHP-5 → 25
[GameManager] Phase: FloorClear → FloorIntro
[GameManager] --- フロア 2 [嘆きの共鳴] ---
[GameManager] Phase: FloorIntro → MapNavigation
[GameManager] MoveToNode: r1_l0 (phase=MapNavigation)
[GameManager] タイル起動: ショップ (r1_l0)
[GameManager] EnterShop called
[GameManager] MapTransitionController.Instance = null
[GameManager] Phase: MapNavigation → ShopVisit
[GameManager] Phase: ShopVisit → MapNavigation
[GameManager] MoveToNode: r2_l0 (phase=MapNavigation)
[GameManager] タイル起動: 激戦 (r2_l0)
[GameManager] エンカウント: コボルド
[GameManager] Phase: MapNavigation → Combat
[GameManager] Phase: Combat → BattleResult
[GameManager] 戦闘結果: コボルド — 勝利 (3T) 残HP:25
[GameManager] 激戦2戦目: 13番目の死
[GameManager] Phase: BattleResult → Combat
[GameManager] Phase: Combat → BattleResult
[GameManager] 戦闘結果: 13番目の死 — 勝利 (3T) 残HP:11
[GameManager] Phase: BattleResult → Reward
[GameManager] Phase: Reward → MapNavigation
[GameManager] MoveToNode: r3_l1 (phase=MapNavigation)
[GameManager] タイル起動: 秘宝 (r3_l1)
[GameManager] 宝箱: ゴールド+10, 灯心の鈴
[GameManager] Phase: MapNavigation → TreasureOpen
[GameManager] Phase: TreasureOpen → MapNavigation
[GameManager] MoveToNode: r4_l1 (phase=MapNavigation)
[GameManager] タイル起動: 戦闘 (r4_l1)
[GameManager] エンカウント: 13番目の死
[GameManager] Phase: MapNavigation → Combat
[GameManager] Phase: Combat → BattleResult
[GameManager] 戦闘結果: 13番目の死 — 勝利 (4T) 残HP:11
[GameManager] Phase: BattleResult → Reward
[GameManager] Phase: Reward → MapNavigation
[GameManager] MoveToNode: r5_l0 (phase=MapNavigation)
[GameManager] タイル起動: 罠 (r5_l0)
[GameManager] Phase: MapNavigation → TrapTriggered
[GameManager] Phase: TrapTriggered → MapNavigation
[GameManager] MoveToNode: r6_l0 (phase=MapNavigation)
[GameManager] タイル起動: イベント (r6_l0)
[GameManager] Phase: MapNavigation → EventEncounter
[GameManager] Phase: EventEncounter → MapNavigation
[GameManager] MoveToNode: r7_l1 (phase=MapNavigation)
[GameManager] タイル起動: 休憩 (r7_l1)
[GameManager] Phase: MapNavigation → RestStop
[GameManager] 休憩回復: +8HP (30%) (現在: 19/25)
[GameManager] Phase: RestStop → MapNavigation
[GameManager] MoveToNode: r8_l1 (phase=MapNavigation)
[GameManager] タイル起動: 秘宝 (r8_l1)
[GameManager] 宝箱: ゴールド+6, 観察者の眼鏡
[GameManager] Phase: MapNavigation → TreasureOpen
[GameManager] Phase: TreasureOpen → MapNavigation
[GameManager] MoveToNode: r9_l1 (phase=MapNavigation)
[GameManager] タイル起動: 休憩 (r9_l1)
[GameManager] Phase: MapNavigation → RestStop
[GameManager] 休憩回復: +8HP (30%) (現在: 25/25)
[GameManager] Phase: RestStop → MapNavigation
[GameManager] MoveToNode: boss (phase=MapNavigation)
[GameManager] タイル起動: ボス (boss)
[GameManager] ボス戦: ゴブリン王
[GameManager] Phase: MapNavigation → Combat
[GameManager] Phase: Combat → BattleResult
[GameManager] 戦闘結果: ゴブリン王 — 勝利 (12T) 残HP:6
[GameManager] Phase: BattleResult → Reward
[GameManager] Phase: Reward → FloorClear
[GameManager] フロア2クリア → 次へ
[GameManager] Phase: FloorClear → FloorIntro
[GameManager] --- フロア 3 [瘴気侵蝕] ---
[GameManager] Phase: FloorIntro → MapNavigation
[GameManager] MoveToNode: r1_l0 (phase=MapNavigation)
[GameManager] タイル起動: イベント (r1_l0)
[GameManager] Phase: MapNavigation → EventEncounter
[GameManager] Phase: EventEncounter → MapNavigation
[GameManager] MoveToNode: r2_l0 (phase=MapNavigation)
[GameManager] タイル起動: 戦闘 (r2_l0)
[GameManager] エンカウント: スライム
[GameManager] Phase: MapNavigation → Combat
[GameManager] Phase: Combat → BattleResult
[GameManager] 戦闘結果: スライム — 勝利 (1T) 残HP:11
[GameManager] 層デバフ: 戦闘後2ダメージ (HP:9)
[GameManager] Phase: BattleResult → Reward
[GameManager] Phase: Reward → MapNavigation
[GameManager] MoveToNode: r3_l0 (phase=MapNavigation)
[GameManager] タイル起動: イベント (r3_l0)
[GameManager] Phase: MapNavigation → EventEncounter
[GameManager] Phase: EventEncounter → MapNavigation
[GameManager] MoveToNode: r4_l1 (phase=MapNavigation)
[GameManager] タイル起動: 秘宝 (r4_l1)
[GameManager] 宝箱: ゴールド+18, 安らぎの靴
[GameManager] Phase: MapNavigation → TreasureOpen
[GameManager] Phase: TreasureOpen → MapNavigation
[GameManager] MoveToNode: r5_l0 (phase=MapNavigation)
[GameManager] タイル起動: イベント (r5_l0)
[GameManager] Phase: MapNavigation → EventEncounter
[GameManager] Phase: EventEncounter → MapNavigation
[GameManager] MoveToNode: r6_l0 (phase=MapNavigation)
[GameManager] タイル起動: 戦闘 (r6_l0)
[GameManager] エンカウント: 凍れる吟遊詩人
[GameManager] Phase: MapNavigation → Combat
[GameManager] Phase: Combat → BattleResult
[GameManager] 戦闘結果: 凍れる吟遊詩人 — 勝利 (9T) 残HP:2
[GameManager] 層デバフ: 戦闘後2ダメージ (HP:1)
[GameManager] Phase: BattleResult → Reward
[GameManager] Phase: Reward → MapNavigation
[GameManager] MoveToNode: r7_l0 (phase=MapNavigation)
[GameManager] タイル起動: 戦闘 (r7_l0)
[GameManager] エンカウント: 13番目の死
[GameManager] Phase: MapNavigation → Combat
[GameManager] Phase: Combat → BattleResult
[GameManager] 戦闘結果: 13番目の死 — 勝利 (4T) 残HP:2
[GameManager] 層デバフ: 戦闘後2ダメージ (HP:1)
[GameManager] Phase: BattleResult → Reward
[GameManager] Phase: Reward → MapNavigation
[GameManager] MoveToNode: r8_l0 (phase=MapNavigation)
[GameManager] タイル起動: 秘宝 (r8_l0)
[GameManager] 宝箱: ゴールド+18, 革の手甲
[GameManager] Phase: MapNavigation → TreasureOpen
[GameManager] Phase: TreasureOpen → MapNavigation
[GameManager] MoveToNode: r9_l0 (phase=MapNavigation)
[GameManager] タイル起動: 休憩 (r9_l0)
[GameManager] Phase: MapNavigation → RestStop
[GameManager] 休憩回復: +13HP (50%) (現在: 16/25)
[GameManager] Phase: RestStop → MapNavigation
[GameManager] MoveToNode: boss (phase=MapNavigation)
[GameManager] タイル起動: ボス (boss)
[GameManager] ボス戦: 凍れる吟遊詩人
[GameManager] Phase: MapNavigation → Combat
[GameManager] Phase: Combat → BattleResult
[GameManager] 戦闘結果: 凍れる吟遊詩人 — 勝利 (11T) 残HP:8
[GameManager] 層デバフ: 戦闘後2ダメージ (HP:6)
[GameManager] Phase: BattleResult → Reward
[GameManager] Phase: Reward → FloorClear
[GameManager] フロア3クリア → 次へ
[GameManager] Phase: FloorClear → FloorIntro
[GameManager] --- フロア 4 [煉獄の刻印] ---
[GameManager] Phase: FloorIntro → MapNavigation
[GameManager] MoveToNode: r1_l0 (phase=MapNavigation)
[GameManager] タイル起動: 戦闘 (r1_l0)
[GameManager] エンカウント: リザードマン
[GameManager] Phase: MapNavigation → Combat
[GameManager] Phase: Combat → BattleResult
[GameManager] 戦闘結果: リザードマン — 敗北 (6T) 残HP:0
[GameManager] 救済発動: マップへ戻る
[GameManager] Phase: BattleResult → MapNavigation
[AutoRunner] ラストスタンド発動 (Floor 4)
[GameManager] MoveToNode: r2_l0 (phase=MapNavigation)
[GameManager] タイル起動: 戦闘 (r2_l0)
[GameManager] エンカウント: ハーピィ
[GameManager] Phase: MapNavigation → Combat
[GameManager] Phase: Combat → BattleResult
[GameManager] 戦闘結果: ハーピィ — 敗北 (2T) 残HP:0
[GameManager] Phase: BattleResult → GameOver
[AutoRunner] === RUN 22 終了: R5 (4Fで死亡) — 敗北 cause=CombatLoss ===

########## RUN 23  [DEADLOCK デッドロック]  移動先なし(MapNavigation)
# reached F4 HP 25/25 coins 87 combats 19/20 LS=False
[GameManager] Phase: GameOver → Title
[GameManager] Phase: Title → RunStart
[GameManager] === ラン開始 === HP:30
[GameManager] Phase: RunStart → FloorIntro
[GameManager] --- フロア 1 [残光の加護] ---
[GameManager] Phase: FloorIntro → MapNavigation
[GameManager] MoveToNode: r1_l1 (phase=MapNavigation)
[GameManager] タイル起動: 戦闘 (r1_l1)
[GameManager] エンカウント: ゴブリン
[GameManager] Phase: MapNavigation → Combat
[GameManager] Phase: Combat → BattleResult
[GameManager] 戦闘結果: ゴブリン — 勝利 (3T) 残HP:30
[GameManager] Phase: BattleResult → Reward
[GameManager] Phase: Reward → MapNavigation
[GameManager] MoveToNode: r2_l1 (phase=MapNavigation)
[GameManager] タイル起動: 戦闘 (r2_l1)
[GameManager] エンカウント: スライム
[GameManager] Phase: MapNavigation → Combat
[GameManager] Phase: Combat → BattleResult
[GameManager] 戦闘結果: スライム — 勝利 (2T) 残HP:30
[GameManager] Phase: BattleResult → Reward
[GameManager] Phase: Reward → MapNavigation
[GameManager] MoveToNode: r3_l0 (phase=MapNavigation)
[GameManager] タイル起動: ショップ (r3_l0)
[GameManager] EnterShop called
[GameManager] MapTransitionController.Instance = null
[GameManager] Phase: MapNavigation → ShopVisit
[GameManager] Phase: ShopVisit → MapNavigation
[GameManager] MoveToNode: r4_l0 (phase=MapNavigation)
[GameManager] タイル起動: イベント (r4_l0)
[GameManager] Phase: MapNavigation → EventEncounter
[GameManager] Phase: EventEncounter → MapNavigation
[GameManager] MoveToNode: r5_l0 (phase=MapNavigation)
[GameManager] タイル起動: イベント (r5_l0)
[GameManager] Phase: MapNavigation → EventEncounter
[GameManager] Phase: EventEncounter → MapNavigation
[GameManager] MoveToNode: r6_l0 (phase=MapNavigation)
[GameManager] タイル起動: イベント (r6_l0)
[GameManager] Phase: MapNavigation → EventEncounter
[GameManager] Phase: EventEncounter → MapNavigation
[GameManager] MoveToNode: r7_l0 (phase=MapNavigation)
[GameManager] タイル起動: 激戦 (r7_l0)
[GameManager] エンカウント: スライム
[GameManager] Phase: MapNavigation → Combat
[GameManager] Phase: Combat → BattleResult
[GameManager] 戦闘結果: スライム — 勝利 (1T) 残HP:30
[GameManager] 激戦2戦目: ゴブリン
[GameManager] Phase: BattleResult → Combat
[GameManager] Phase: Combat → BattleResult
[GameManager] 戦闘結果: ゴブリン — 勝利 (3T) 残HP:30
[GameManager] Phase: BattleResult → Reward
[GameManager] Phase: Reward → MapNavigation
[GameManager] MoveToNode: r8_l0 (phase=MapNavigation)
[GameManager] タイル起動: 秘宝 (r8_l0)
[GameManager] 宝箱: ゴールド+7, 木のダイス
[GameManager] Phase: MapNavigation → TreasureOpen
[GameManager] Phase: TreasureOpen → MapNavigation
[GameManager] MoveToNode: r9_l0 (phase=MapNavigation)
[GameManager] タイル起動: 休憩 (r9_l0)
[GameManager] Phase: MapNavigation → RestStop
[GameManager] 休憩回復: +9HP (30%) (現在: 30/30)
[GameManager] Phase: RestStop → MapNavigation
[GameManager] MoveToNode: boss (phase=MapNavigation)
[GameManager] タイル起動: ボス (boss)
[GameManager] ボス 'boss_layer1' 未定義 — フロア1のプールから抽選
[GameManager] ボス戦: ゴブリン
[GameManager] Phase: MapNavigation → Combat
[GameManager] Phase: Combat → BattleResult
[GameManager] 戦闘結果: ゴブリン — 勝利 (2T) 残HP:30
[GameManager] Phase: BattleResult → Reward
[GameManager] Phase: Reward → FloorClear
[GameManager] フロア1クリア → 次へ
[GameManager] 層デバフ: MaxHP-5 → 25
[GameManager] Phase: FloorClear → FloorIntro
[GameManager] --- フロア 2 [嘆きの共鳴] ---
[GameManager] Phase: FloorIntro → MapNavigation
[GameManager] MoveToNode: r1_l0 (phase=MapNavigation)
[GameManager] タイル起動: 戦闘 (r1_l0)
[GameManager] エンカウント: スケルトン
[GameManager] Phase: MapNavigation → Combat
[GameManager] Phase: Combat → BattleResult
[GameManager] 戦闘結果: スケルトン — 勝利 (3T) 残HP:21
[GameManager] Phase: BattleResult → Reward
[GameManager] Phase: Reward → MapNavigation
[GameManager] MoveToNode: r2_l0 (phase=MapNavigation)
[GameManager] タイル起動: 休憩 (r2_l0)
[GameManager] Phase: MapNavigation → RestStop
[GameManager] 休憩回復: +8HP (30%) (現在: 25/25)
[GameManager] Phase: RestStop → MapNavigation
[GameManager] MoveToNode: r3_l1 (phase=MapNavigation)
[GameManager] タイル起動: 罠 (r3_l1)
[GameManager] Phase: MapNavigation → TrapTriggered
[GameManager] Phase: TrapTriggered → MapNavigation
[GameManager] MoveToNode: r4_l1 (phase=MapNavigation)
[GameManager] タイル起動: 戦闘 (r4_l1)
[GameManager] エンカウント: ゴブリン王
[GameManager] Phase: MapNavigation → Combat
[GameManager] Phase: Combat → BattleResult
[GameManager] 戦闘結果: ゴブリン王 — 勝利 (10T) 残HP:15
[GameManager] Phase: BattleResult → Reward
[GameManager] Phase: Reward → MapNavigation
[GameManager] MoveToNode: r5_l2 (phase=MapNavigation)
[GameManager] タイル起動: 戦闘 (r5_l2)
[GameManager] エンカウント: ゴブリン王
[GameManager] Phase: MapNavigation → Combat
[GameManager] Phase: Combat → BattleResult
[GameManager] 戦闘結果: ゴブリン王 — 勝利 (9T) 残HP:5
[GameManager] Phase: BattleResult → Reward
[GameManager] Phase: Reward → MapNavigation
[GameManager] MoveToNode: r6_l2 (phase=MapNavigation)
[GameManager] タイル起動: 戦闘 (r6_l2)
[GameManager] エンカウント: ゴブリン
[GameManager] Phase: MapNavigation → Combat
[GameManager] Phase: Combat → BattleResult
[GameManager] 戦闘結果: ゴブリン — 勝利 (2T) 残HP:5
[GameManager] Phase: BattleResult → Reward
[GameManager] Phase: Reward → MapNavigation
[GameManager] MoveToNode: r7_l2 (phase=MapNavigation)
[GameManager] タイル起動: 秘宝 (r7_l2)
[GameManager] 宝箱: ゴールド+12, 安定のダイス
[GameManager] Phase: MapNavigation → TreasureOpen
[GameManager] Phase: TreasureOpen → MapNavigation
[GameManager] MoveToNode: r8_l2 (phase=MapNavigation)
[GameManager] タイル起動: 秘宝 (r8_l2)
[GameManager] 宝箱: ゴールド+4, 鋼鉄の腕輪
[GameManager] Phase: MapNavigation → TreasureOpen
[GameManager] Phase: TreasureOpen → MapNavigation
[GameManager] MoveToNode: r9_l2 (phase=MapNavigation)
[GameManager] タイル起動: 休憩 (r9_l2)
[GameManager] Phase: MapNavigation → RestStop
[GameManager] 休憩回復: +8HP (30%) (現在: 13/25)
[GameManager] Phase: RestStop → MapNavigation
[GameManager] MoveToNode: boss (phase=MapNavigation)
[GameManager] タイル起動: ボス (boss)
[GameManager] ボス戦: ゴブリン王
[GameManager] Phase: MapNavigation → Combat
[GameManager] Phase: Combat → BattleResult
[GameManager] 戦闘結果: ゴブリン王 — 勝利 (4T) 残HP:13
[GameManager] Phase: BattleResult → Reward
[GameManager] Phase: Reward → FloorClear
[GameManager] フロア2クリア → 次へ
[GameManager] Phase: FloorClear → FloorIntro
[GameManager] --- フロア 3 [瘴気侵蝕] ---
[GameManager] Phase: FloorIntro → MapNavigation
[GameManager] MoveToNode: r1_l0 (phase=MapNavigation)
[GameManager] タイル起動: 戦闘 (r1_l0)
[GameManager] エンカウント: 凍れる吟遊詩人
[GameManager] Phase: MapNavigation → Combat
[GameManager] Phase: Combat → BattleResult
[GameManager] 戦闘結果: 凍れる吟遊詩人 — 勝利 (4T) 残HP:21
[GameManager] 層デバフ: 戦闘後2ダメージ (HP:19)
[GameManager] Phase: BattleResult → Reward
[GameManager] Phase: Reward → MapNavigation
[GameManager] MoveToNode: r2_l1 (phase=MapNavigation)
[GameManager] タイル起動: ショップ (r2_l1)
[GameManager] EnterShop called
[GameManager] MapTransitionController.Instance = null
[GameManager] Phase: MapNavigation → ShopVisit
[GameManager] Phase: ShopVisit → MapNavigation
[GameManager] MoveToNode: r3_l2 (phase=MapNavigation)
[GameManager] タイル起動: 戦闘 (r3_l2)
[GameManager] エンカウント: オーク
[GameManager] Phase: MapNavigation → Combat
[GameManager] Phase: Combat → BattleResult
[GameManager] 戦闘結果: オーク — 勝利 (4T) 残HP:19
[GameManager] 層デバフ: 戦闘後2ダメージ (HP:17)
[GameManager] Phase: BattleResult → Reward
[GameManager] Phase: Reward → MapNavigation
[GameManager] MoveToNode: r4_l2 (phase=MapNavigation)
[GameManager] タイル起動: ショップ (r4_l2)
[GameManager] EnterShop called
[GameManager] MapTransitionController.Instance = null
[GameManager] Phase: MapNavigation → ShopVisit
[GameManager] Phase: ShopVisit → MapNavigation
[GameManager] MoveToNode: r5_l2 (phase=MapNavigation)
[GameManager] タイル起動: ショップ (r5_l2)
[GameManager] EnterShop called
[GameManager] MapTransitionController.Instance = null
[GameManager] Phase: MapNavigation → ShopVisit
[GameManager] Phase: ShopVisit → MapNavigation
[GameManager] MoveToNode: r6_l2 (phase=MapNavigation)
[GameManager] タイル起動: 秘宝 (r6_l2)
[GameManager] 宝箱: ゴールド+12, 鎖帷子
[GameManager] Phase: MapNavigation → TreasureOpen
[GameManager] Phase: TreasureOpen → MapNavigation
[GameManager] MoveToNode: r7_l1 (phase=MapNavigation)
[GameManager] タイル起動: 戦闘 (r7_l1)
[GameManager] エンカウント: オーク
[GameManager] Phase: MapNavigation → Combat
[GameManager] Phase: Combat → BattleResult
[GameManager] 戦闘結果: オーク — 勝利 (3T) 残HP:17
[GameManager] 層デバフ: 戦闘後2ダメージ (HP:15)
[GameManager] Phase: BattleResult → Reward
[GameManager] Phase: Reward → MapNavigation
[GameManager] MoveToNode: r8_l1 (phase=MapNavigation)
[GameManager] タイル起動: 秘宝 (r8_l1)
[GameManager] 宝箱: ゴールド+15, 観察者の眼鏡
[GameManager] Phase: MapNavigation → TreasureOpen
[GameManager] Phase: TreasureOpen → MapNavigation
[GameManager] MoveToNode: r9_l1 (phase=MapNavigation)
[GameManager] タイル起動: 休憩 (r9_l1)
[GameManager] Phase: MapNavigation → RestStop
[GameManager] 休憩回復: +13HP (50%) (現在: 25/25)
[GameManager] Phase: RestStop → MapNavigation
[GameManager] MoveToNode: boss (phase=MapNavigation)
[GameManager] タイル起動: ボス (boss)
[GameManager] ボス戦: 凍れる吟遊詩人
[GameManager] Phase: MapNavigation → Combat
[GameManager] Phase: Combat → BattleResult
[GameManager] 戦闘結果: 凍れる吟遊詩人 — 勝利 (5T) 残HP:25
[GameManager] 層デバフ: 戦闘後2ダメージ (HP:23)
[GameManager] Phase: BattleResult → Reward
[GameManager] Phase: Reward → FloorClear
[GameManager] フロア3クリア → 次へ
[GameManager] Phase: FloorClear → FloorIntro
[GameManager] --- フロア 4 [煉獄の刻印] ---
[GameManager] Phase: FloorIntro → MapNavigation
[GameManager] MoveToNode: r1_l0 (phase=MapNavigation)
[GameManager] タイル起動: 戦闘 (r1_l0)
[GameManager] エンカウント: ミノタウロス
[GameManager] Phase: MapNavigation → Combat
[GameManager] Phase: Combat → BattleResult
[GameManager] 戦闘結果: ミノタウロス — 勝利 (6T) 残HP:20
[GameManager] Phase: BattleResult → Reward
[GameManager] Phase: Reward → MapNavigation
[GameManager] MoveToNode: r2_l0 (phase=MapNavigation)
[GameManager] タイル起動: イベント (r2_l0)
[GameManager] Phase: MapNavigation → EventEncounter
[GameManager] Phase: EventEncounter → MapNavigation
[GameManager] MoveToNode: r3_l0 (phase=MapNavigation)
[GameManager] タイル起動: ショップ (r3_l0)
[GameManager] EnterShop called
[GameManager] MapTransitionController.Instance = null
[GameManager] Phase: MapNavigation → ShopVisit
[GameManager] Phase: ShopVisit → MapNavigation
[GameManager] MoveToNode: r4_l0 (phase=MapNavigation)
[GameManager] タイル起動: 戦闘 (r4_l0)
[GameManager] エンカウント: スライム
[GameManager] Phase: MapNavigation → Combat
[GameManager] Phase: Combat → BattleResult
[GameManager] 戦闘結果: スライム — 勝利 (1T) 残HP:20
[GameManager] Phase: BattleResult → Reward
[GameManager] Phase: Reward → MapNavigation
[GameManager] MoveToNode: r5_l0 (phase=MapNavigation)
[GameManager] タイル起動: 戦闘 (r5_l0)
[GameManager] エンカウント: リザードマン
[GameManager] Phase: MapNavigation → Combat
[GameManager] Phase: Combat → BattleResult
[GameManager] 戦闘結果: リザードマン — 勝利 (5T) 残HP:13
[GameManager] Phase: BattleResult → Reward
[AutoRunner] === RUN 23 終了: DEADLOCK (デッドロック) — 移動先なし(MapNavigation) ===

########## RUN 24  [R5 4Fで死亡]  敗北 cause=CombatLoss
# reached F4 HP 0/1 coins 115 combats 18/20 LS=True
[GameManager] Phase: MapNavigation → RunStart
[GameManager] === ラン開始 === HP:30
[GameManager] Phase: RunStart → FloorIntro
[GameManager] --- フロア 1 [残光の加護] ---
[GameManager] Phase: FloorIntro → MapNavigation
[GameManager] MoveToNode: r1_l1 (phase=MapNavigation)
[GameManager] タイル起動: 戦闘 (r1_l1)
[GameManager] エンカウント: スライム
[GameManager] Phase: MapNavigation → Combat
[GameManager] Phase: Combat → BattleResult
[GameManager] 戦闘結果: スライム — 勝利 (1T) 残HP:30
[GameManager] Phase: BattleResult → Reward
[GameManager] Phase: Reward → MapNavigation
[GameManager] MoveToNode: r2_l0 (phase=MapNavigation)
[GameManager] タイル起動: 戦闘 (r2_l0)
[GameManager] エンカウント: ゴブリン
[GameManager] Phase: MapNavigation → Combat
[GameManager] Phase: Combat → BattleResult
[GameManager] 戦闘結果: ゴブリン — 勝利 (4T) 残HP:28
[GameManager] Phase: BattleResult → Reward
[GameManager] Phase: Reward → MapNavigation
[GameManager] MoveToNode: r3_l0 (phase=MapNavigation)
[GameManager] タイル起動: 戦闘 (r3_l0)
[GameManager] エンカウント: スライム
[GameManager] Phase: MapNavigation → Combat
[GameManager] Phase: Combat → BattleResult
[GameManager] 戦闘結果: スライム — 勝利 (1T) 残HP:28
[GameManager] Phase: BattleResult → Reward
[GameManager] Phase: Reward → MapNavigation
[GameManager] MoveToNode: r4_l1 (phase=MapNavigation)
[GameManager] タイル起動: ショップ (r4_l1)
[GameManager] EnterShop called
[GameManager] MapTransitionController.Instance = null
[GameManager] Phase: MapNavigation → ShopVisit
[GameManager] Phase: ShopVisit → MapNavigation
[GameManager] MoveToNode: r5_l0 (phase=MapNavigation)
[GameManager] タイル起動: 戦闘 (r5_l0)
[GameManager] エンカウント: スライム
[GameManager] Phase: MapNavigation → Combat
[GameManager] Phase: Combat → BattleResult
[GameManager] 戦闘結果: スライム — 勝利 (2T) 残HP:28
[GameManager] Phase: BattleResult → Reward
[GameManager] Phase: Reward → MapNavigation
[GameManager] MoveToNode: r6_l0 (phase=MapNavigation)
[GameManager] タイル起動: 戦闘 (r6_l0)
[GameManager] エンカウント: スライム
[GameManager] Phase: MapNavigation → Combat
[GameManager] Phase: Combat → BattleResult
[GameManager] 戦闘結果: スライム — 勝利 (2T) 残HP:27
[GameManager] Phase: BattleResult → Reward
[GameManager] Phase: Reward → MapNavigation
[GameManager] MoveToNode: r7_l0 (phase=MapNavigation)
[GameManager] タイル起動: 激戦 (r7_l0)
[GameManager] エンカウント: スライム
[GameManager] Phase: MapNavigation → Combat
[GameManager] Phase: Combat → BattleResult
[GameManager] 戦闘結果: スライム — 勝利 (2T) 残HP:27
[GameManager] 激戦2戦目: ゴブリン
[GameManager] Phase: BattleResult → Combat
[GameManager] Phase: Combat → BattleResult
[GameManager] 戦闘結果: ゴブリン — 勝利 (5T) 残HP:24
[GameManager] Phase: BattleResult → Reward
[GameManager] Phase: Reward → MapNavigation
[GameManager] MoveToNode: r8_l0 (phase=MapNavigation)
[GameManager] タイル起動: 秘宝 (r8_l0)
[GameManager] 宝箱: ゴールド+3, 苦難の刻印
[GameManager] Phase: MapNavigation → TreasureOpen
[GameManager] Phase: TreasureOpen → MapNavigation
[GameManager] MoveToNode: r9_l0 (phase=MapNavigation)
[GameManager] タイル起動: 休憩 (r9_l0)
[GameManager] Phase: MapNavigation → RestStop
[GameManager] 休憩回復: +9HP (30%) (現在: 30/30)
[GameManager] Phase: RestStop → MapNavigation
[GameManager] MoveToNode: boss (phase=MapNavigation)
[GameManager] タイル起動: ボス (boss)
[GameManager] ボス 'boss_layer1' 未定義 — フロア1のプールから抽選
[GameManager] ボス戦: スライム
[GameManager] Phase: MapNavigation → Combat
[GameManager] Phase: Combat → BattleResult
[GameManager] 戦闘結果: スライム — 勝利 (3T) 残HP:30
[GameManager] Phase: BattleResult → Reward
[GameManager] Phase: Reward → FloorClear
[GameManager] フロア1クリア → 次へ
[GameManager] 層デバフ: MaxHP-5 → 25
[GameManager] Phase: FloorClear → FloorIntro
[GameManager] --- フロア 2 [嘆きの共鳴] ---
[GameManager] Phase: FloorIntro → MapNavigation
[GameManager] MoveToNode: r1_l0 (phase=MapNavigation)
[GameManager] タイル起動: 戦闘 (r1_l0)
[GameManager] エンカウント: スケルトン
[GameManager] Phase: MapNavigation → Combat
[GameManager] Phase: Combat → BattleResult
[GameManager] 戦闘結果: スケルトン — 勝利 (7T) 残HP:12
[GameManager] Phase: BattleResult → Reward
[GameManager] Phase: Reward → MapNavigation
[GameManager] MoveToNode: r2_l0 (phase=MapNavigation)
[GameManager] タイル起動: 罠 (r2_l0)
[GameManager] Phase: MapNavigation → TrapTriggered
[GameManager] Phase: TrapTriggered → MapNavigation
[GameManager] MoveToNode: r3_l0 (phase=MapNavigation)
[GameManager] タイル起動: イベント (r3_l0)
[GameManager] Phase: MapNavigation → EventEncounter
[GameManager] Phase: EventEncounter → MapNavigation
[GameManager] MoveToNode: r4_l1 (phase=MapNavigation)
[GameManager] タイル起動: 戦闘 (r4_l1)
[GameManager] エンカウント: スケルトン
[GameManager] Phase: MapNavigation → Combat
[GameManager] Phase: Combat → BattleResult
[GameManager] 戦闘結果: スケルトン — 勝利 (7T) 残HP:19
[GameManager] Phase: BattleResult → Reward
[GameManager] Phase: Reward → MapNavigation
[GameManager] MoveToNode: r5_l1 (phase=MapNavigation)
[GameManager] タイル起動: イベント (r5_l1)
[GameManager] Phase: MapNavigation → EventEncounter
[GameManager] Phase: EventEncounter → MapNavigation
[GameManager] MoveToNode: r6_l0 (phase=MapNavigation)
[GameManager] タイル起動: 秘宝 (r6_l0)
[GameManager] 宝箱: ゴールド+6, 小回復ポーション
[GameManager] Phase: MapNavigation → TreasureOpen
[GameManager] Phase: TreasureOpen → MapNavigation
[GameManager] MoveToNode: r7_l0 (phase=MapNavigation)
[GameManager] タイル起動: 激戦 (r7_l0)
[GameManager] エンカウント: スケルトン
[GameManager] Phase: MapNavigation → Combat
[GameManager] Phase: Combat → BattleResult
[GameManager] 戦闘結果: スケルトン — 勝利 (3T) 残HP:19
[GameManager] 激戦2戦目: コボルド
[GameManager] Phase: BattleResult → Combat
[GameManager] Phase: Combat → BattleResult
[GameManager] 戦闘結果: コボルド — 勝利 (2T) 残HP:19
[GameManager] Phase: BattleResult → Reward
[GameManager] Phase: Reward → MapNavigation
[GameManager] MoveToNode: r8_l0 (phase=MapNavigation)
[GameManager] タイル起動: 秘宝 (r8_l0)
[GameManager] 宝箱: ゴールド+6, 災厄の指輪
[GameManager] Phase: MapNavigation → TreasureOpen
[GameManager] Phase: TreasureOpen → MapNavigation
[GameManager] MoveToNode: r9_l0 (phase=MapNavigation)
[GameManager] タイル起動: 休憩 (r9_l0)
[GameManager] Phase: MapNavigation → RestStop
[GameManager] 休憩回復: +8HP (30%) (現在: 25/25)
[GameManager] Phase: RestStop → MapNavigation
[GameManager] MoveToNode: boss (phase=MapNavigation)
[GameManager] タイル起動: ボス (boss)
[GameManager] ボス戦: ゴブリン王
[GameManager] Phase: MapNavigation → Combat
[GameManager] Phase: Combat → BattleResult
[GameManager] 戦闘結果: ゴブリン王 — 勝利 (7T) 残HP:21
[GameManager] Phase: BattleResult → Reward
[GameManager] Phase: Reward → FloorClear
[GameManager] フロア2クリア → 次へ
[GameManager] Phase: FloorClear → FloorIntro
[GameManager] --- フロア 3 [瘴気侵蝕] ---
[GameManager] Phase: FloorIntro → MapNavigation
[GameManager] MoveToNode: r1_l1 (phase=MapNavigation)
[GameManager] タイル起動: 戦闘 (r1_l1)
[GameManager] エンカウント: スケルトン
[GameManager] Phase: MapNavigation → Combat
[GameManager] Phase: Combat → BattleResult
[GameManager] 戦闘結果: スケルトン — 勝利 (7T) 残HP:25
[GameManager] 層デバフ: 戦闘後2ダメージ (HP:23)
[GameManager] Phase: BattleResult → Reward
[GameManager] Phase: Reward → MapNavigation
[GameManager] MoveToNode: r2_l1 (phase=MapNavigation)
[GameManager] タイル起動: イベント (r2_l1)
[GameManager] Phase: MapNavigation → EventEncounter
[GameManager] Phase: EventEncounter → MapNavigation
[GameManager] MoveToNode: r3_l0 (phase=MapNavigation)
[GameManager] タイル起動: 秘宝 (r3_l0)
[GameManager] 宝箱: ゴールド+15, 苦難の刻印
[GameManager] Phase: MapNavigation → TreasureOpen
[GameManager] Phase: TreasureOpen → MapNavigation
[GameManager] MoveToNode: r4_l1 (phase=MapNavigation)
[GameManager] タイル起動: 戦闘 (r4_l1)
[GameManager] エンカウント: 凍れる吟遊詩人
[GameManager] Phase: MapNavigation → Combat
[GameManager] Phase: Combat → BattleResult
[GameManager] 戦闘結果: 凍れる吟遊詩人 — 勝利 (6T) 残HP:23
[GameManager] 層デバフ: 戦闘後2ダメージ (HP:21)
[GameManager] Phase: BattleResult → Reward
[GameManager] Phase: Reward → MapNavigation
[GameManager] MoveToNode: r5_l1 (phase=MapNavigation)
[GameManager] タイル起動: 戦闘 (r5_l1)
[GameManager] エンカウント: 13番目の死
[GameManager] Phase: MapNavigation → Combat
[GameManager] Phase: Combat → BattleResult
[GameManager] 戦闘結果: 13番目の死 — 勝利 (4T) 残HP:3
[GameManager] 層デバフ: 戦闘後2ダメージ (HP:1)
[GameManager] Phase: BattleResult → Reward
[GameManager] Phase: Reward → MapNavigation
[GameManager] MoveToNode: r6_l1 (phase=MapNavigation)
[GameManager] タイル起動: 戦闘 (r6_l1)
[GameManager] エンカウント: オーク
[GameManager] Phase: MapNavigation → Combat
[GameManager] Phase: Combat → BattleResult
[GameManager] 戦闘結果: オーク — 敗北 (1T) 残HP:0
[GameManager] 救済発動: マップへ戻る
[GameManager] Phase: BattleResult → MapNavigation
[AutoRunner] ラストスタンド発動 (Floor 3)
[GameManager] MoveToNode: r7_l1 (phase=MapNavigation)
[GameManager] タイル起動: 戦闘 (r7_l1)
[GameManager] エンカウント: コボルド
[GameManager] Phase: MapNavigation → Combat
[GameManager] Phase: Combat → BattleResult
[GameManager] 戦闘結果: コボルド — 勝利 (3T) 残HP:1
[GameManager] 層デバフ: 戦闘後2ダメージ (HP:1)
[GameManager] Phase: BattleResult → Reward
[GameManager] Phase: Reward → MapNavigation
[GameManager] MoveToNode: r8_l1 (phase=MapNavigation)
[GameManager] タイル起動: 秘宝 (r8_l1)
[GameManager] 宝箱: ゴールド+0, 鋼の籠手
[GameManager] Phase: MapNavigation → TreasureOpen
[GameManager] Phase: TreasureOpen → MapNavigation
[GameManager] MoveToNode: r9_l1 (phase=MapNavigation)
[GameManager] タイル起動: 休憩 (r9_l1)
[GameManager] Phase: MapNavigation → RestStop
[GameManager] 休憩回復: +1HP (50%) (現在: 1/1)
[GameManager] Phase: RestStop → MapNavigation
[GameManager] MoveToNode: boss (phase=MapNavigation)
[GameManager] タイル起動: ボス (boss)
[GameManager] ボス戦: 凍れる吟遊詩人
[GameManager] Phase: MapNavigation → Combat
[GameManager] Phase: Combat → BattleResult
[GameManager] 戦闘結果: 凍れる吟遊詩人 — 勝利 (10T) 残HP:1
[GameManager] 層デバフ: 戦闘後2ダメージ (HP:1)
[GameManager] Phase: BattleResult → Reward
[GameManager] Phase: Reward → FloorClear
[GameManager] フロア3クリア → 次へ
[GameManager] Phase: FloorClear → FloorIntro
[GameManager] --- フロア 4 [煉獄の刻印] ---
[GameManager] Phase: FloorIntro → MapNavigation
[GameManager] MoveToNode: r1_l0 (phase=MapNavigation)
[GameManager] タイル起動: 戦闘 (r1_l0)
[GameManager] エンカウント: 鏡の双子
[GameManager] Phase: MapNavigation → Combat
[GameManager] Phase: Combat → BattleResult
[GameManager] 戦闘結果: 鏡の双子 — 敗北 (5T) 残HP:0
[GameManager] Phase: BattleResult → GameOver
[AutoRunner] === RUN 24 終了: R5 (4Fで死亡) — 敗北 cause=CombatLoss ===

########## RUN 25  [DEADLOCK デッドロック]  ストール phase=EventEncounter node=r3_l1 floor=4
# reached F4 HP 6/25 coins 102 combats 20/20 LS=False
[GameManager] Phase: GameOver → Title
[GameManager] Phase: Title → RunStart
[GameManager] === ラン開始 === HP:30
[GameManager] Phase: RunStart → FloorIntro
[GameManager] --- フロア 1 [残光の加護] ---
[GameManager] Phase: FloorIntro → MapNavigation
[GameManager] MoveToNode: r1_l0 (phase=MapNavigation)
[GameManager] タイル起動: 秘宝 (r1_l0)
[GameManager] 宝箱: ゴールド+2, 巨人の腕輪
[GameManager] Phase: MapNavigation → TreasureOpen
[GameManager] Phase: TreasureOpen → MapNavigation
[GameManager] MoveToNode: r2_l0 (phase=MapNavigation)
[GameManager] タイル起動: 戦闘 (r2_l0)
[GameManager] エンカウント: スライム
[GameManager] Phase: MapNavigation → Combat
[GameManager] Phase: Combat → BattleResult
[GameManager] 戦闘結果: スライム — 勝利 (1T) 残HP:30
[GameManager] Phase: BattleResult → Reward
[GameManager] Phase: Reward → MapNavigation
[GameManager] MoveToNode: r3_l0 (phase=MapNavigation)
[GameManager] タイル起動: イベント (r3_l0)
[GameManager] Phase: MapNavigation → EventEncounter
[GameManager] Phase: EventEncounter → MapNavigation
[GameManager] MoveToNode: r4_l0 (phase=MapNavigation)
[GameManager] タイル起動: 戦闘 (r4_l0)
[GameManager] エンカウント: ゴブリン
[GameManager] Phase: MapNavigation → Combat
[GameManager] Phase: Combat → BattleResult
[GameManager] 戦闘結果: ゴブリン — 勝利 (2T) 残HP:30
[GameManager] Phase: BattleResult → Reward
[GameManager] Phase: Reward → MapNavigation
[GameManager] MoveToNode: r5_l0 (phase=MapNavigation)
[GameManager] タイル起動: 戦闘 (r5_l0)
[GameManager] エンカウント: スライム
[GameManager] Phase: MapNavigation → Combat
[GameManager] Phase: Combat → BattleResult
[GameManager] 戦闘結果: スライム — 勝利 (1T) 残HP:30
[GameManager] Phase: BattleResult → Reward
[GameManager] Phase: Reward → MapNavigation
[GameManager] MoveToNode: r6_l0 (phase=MapNavigation)
[GameManager] タイル起動: 激戦 (r6_l0)
[GameManager] エンカウント: スライム
[GameManager] Phase: MapNavigation → Combat
[GameManager] Phase: Combat → BattleResult
[GameManager] 戦闘結果: スライム — 勝利 (1T) 残HP:30
[GameManager] 激戦2戦目: ゴブリン
[GameManager] Phase: BattleResult → Combat
[GameManager] Phase: Combat → BattleResult
[GameManager] 戦闘結果: ゴブリン — 勝利 (1T) 残HP:30
[GameManager] Phase: BattleResult → Reward
[GameManager] Phase: Reward → MapNavigation
[GameManager] MoveToNode: r7_l0 (phase=MapNavigation)
[GameManager] タイル起動: 戦闘 (r7_l0)
[GameManager] エンカウント: ゴブリン
[GameManager] Phase: MapNavigation → Combat
[GameManager] Phase: Combat → BattleResult
[GameManager] 戦闘結果: ゴブリン — 勝利 (1T) 残HP:30
[GameManager] Phase: BattleResult → Reward
[GameManager] Phase: Reward → MapNavigation
[GameManager] MoveToNode: r8_l0 (phase=MapNavigation)
[GameManager] タイル起動: 秘宝 (r8_l0)
[GameManager] 宝箱: ゴールド+2, 苦難の刻印
[GameManager] Phase: MapNavigation → TreasureOpen
[GameManager] Phase: TreasureOpen → MapNavigation
[GameManager] MoveToNode: r9_l0 (phase=MapNavigation)
[GameManager] タイル起動: 休憩 (r9_l0)
[GameManager] Phase: MapNavigation → RestStop
[GameManager] 休憩回復: +9HP (30%) (現在: 30/30)
[GameManager] Phase: RestStop → MapNavigation
[GameManager] MoveToNode: boss (phase=MapNavigation)
[GameManager] タイル起動: ボス (boss)
[GameManager] ボス 'boss_layer1' 未定義 — フロア1のプールから抽選
[GameManager] ボス戦: スライム
[GameManager] Phase: MapNavigation → Combat
[GameManager] Phase: Combat → BattleResult
[GameManager] 戦闘結果: スライム — 勝利 (1T) 残HP:30
[GameManager] Phase: BattleResult → Reward
[GameManager] Phase: Reward → FloorClear
[GameManager] フロア1クリア → 次へ
[GameManager] 層デバフ: MaxHP-5 → 25
[GameManager] Phase: FloorClear → FloorIntro
[GameManager] --- フロア 2 [嘆きの共鳴] ---
[GameManager] Phase: FloorIntro → MapNavigation
[GameManager] MoveToNode: r1_l0 (phase=MapNavigation)
[GameManager] タイル起動: 戦闘 (r1_l0)
[GameManager] エンカウント: コボルド
[GameManager] Phase: MapNavigation → Combat
[GameManager] Phase: Combat → BattleResult
[GameManager] 戦闘結果: コボルド — 勝利 (1T) 残HP:25
[GameManager] Phase: BattleResult → Reward
[GameManager] Phase: Reward → MapNavigation
[GameManager] MoveToNode: r2_l1 (phase=MapNavigation)
[GameManager] タイル起動: 戦闘 (r2_l1)
[GameManager] エンカウント: スケルトン
[GameManager] Phase: MapNavigation → Combat
[GameManager] Phase: Combat → BattleResult
[GameManager] 戦闘結果: スケルトン — 勝利 (2T) 残HP:25
[GameManager] Phase: BattleResult → Reward
[GameManager] Phase: Reward → MapNavigation
[GameManager] MoveToNode: r3_l0 (phase=MapNavigation)
[GameManager] タイル起動: 戦闘 (r3_l0)
[GameManager] エンカウント: ダイアウルフ
[GameManager] Phase: MapNavigation → Combat
[GameManager] Phase: Combat → BattleResult
[GameManager] 戦闘結果: ダイアウルフ — 勝利 (2T) 残HP:25
[GameManager] Phase: BattleResult → Reward
[GameManager] Phase: Reward → MapNavigation
[GameManager] MoveToNode: r4_l0 (phase=MapNavigation)
[GameManager] タイル起動: 戦闘 (r4_l0)
[GameManager] エンカウント: スケルトン
[GameManager] Phase: MapNavigation → Combat
[GameManager] Phase: Combat → BattleResult
[GameManager] 戦闘結果: スケルトン — 勝利 (3T) 残HP:25
[GameManager] Phase: BattleResult → Reward
[GameManager] Phase: Reward → MapNavigation
[GameManager] MoveToNode: r5_l0 (phase=MapNavigation)
[GameManager] タイル起動: 戦闘 (r5_l0)
[GameManager] エンカウント: ゴブリン王
[GameManager] Phase: MapNavigation → Combat
[GameManager] Phase: Combat → BattleResult
[GameManager] 戦闘結果: ゴブリン王 — 勝利 (3T) 残HP:25
[GameManager] Phase: BattleResult → Reward
[GameManager] Phase: Reward → MapNavigation
[GameManager] MoveToNode: r6_l0 (phase=MapNavigation)
[GameManager] タイル起動: イベント (r6_l0)
[GameManager] Phase: MapNavigation → EventEncounter
[GameManager] Phase: EventEncounter → MapNavigation
[GameManager] MoveToNode: r7_l0 (phase=MapNavigation)
[GameManager] タイル起動: イベント (r7_l0)
[GameManager] Phase: MapNavigation → EventEncounter
[GameManager] Phase: EventEncounter → MapNavigation
[GameManager] MoveToNode: r8_l0 (phase=MapNavigation)
[GameManager] タイル起動: 秘宝 (r8_l0)
[GameManager] 宝箱: ゴールド+4, 革の手甲
[GameManager] Phase: MapNavigation → TreasureOpen
[GameManager] Phase: TreasureOpen → MapNavigation
[GameManager] MoveToNode: r9_l0 (phase=MapNavigation)
[GameManager] 空腹ダメージ: 1 (HP: 24/25)
[GameManager] タイル起動: 休憩 (r9_l0)
[GameManager] Phase: MapNavigation → RestStop
[GameManager] 休憩回復: +8HP (30%) (現在: 25/25)
[GameManager] Phase: RestStop → MapNavigation
[GameManager] MoveToNode: boss (phase=MapNavigation)
[GameManager] 空腹ダメージ: 1 (HP: 24/25)
[GameManager] タイル起動: ボス (boss)
[GameManager] ボス戦: ゴブリン王
[GameManager] Phase: MapNavigation → Combat
[GameManager] Phase: Combat → BattleResult
[GameManager] 戦闘結果: ゴブリン王 — 勝利 (4T) 残HP:24
[GameManager] Phase: BattleResult → Reward
[GameManager] Phase: Reward → FloorClear
[GameManager] フロア2クリア → 次へ
[GameManager] Phase: FloorClear → FloorIntro
[GameManager] --- フロア 3 [瘴気侵蝕] ---
[GameManager] Phase: FloorIntro → MapNavigation
[GameManager] MoveToNode: r1_l1 (phase=MapNavigation)
[GameManager] タイル起動: 戦闘 (r1_l1)
[GameManager] エンカウント: スケルトン
[GameManager] Phase: MapNavigation → Combat
[GameManager] Phase: Combat → BattleResult
[GameManager] 戦闘結果: スケルトン — 勝利 (3T) 残HP:25
[GameManager] 層デバフ: 戦闘後2ダメージ (HP:23)
[GameManager] Phase: BattleResult → Reward
[GameManager] Phase: Reward → MapNavigation
[GameManager] MoveToNode: r2_l2 (phase=MapNavigation)
[GameManager] タイル起動: 戦闘 (r2_l2)
[GameManager] エンカウント: オーク
[GameManager] Phase: MapNavigation → Combat
[GameManager] Phase: Combat → BattleResult
[GameManager] 戦闘結果: オーク — 勝利 (2T) 残HP:23
[GameManager] 層デバフ: 戦闘後2ダメージ (HP:21)
[GameManager] Phase: BattleResult → Reward
[GameManager] Phase: Reward → MapNavigation
[GameManager] MoveToNode: r3_l2 (phase=MapNavigation)
[GameManager] タイル起動: 戦闘 (r3_l2)
[GameManager] エンカウント: ハーピィ
[GameManager] Phase: MapNavigation → Combat
[GameManager] Phase: Combat → BattleResult
[GameManager] 戦闘結果: ハーピィ — 勝利 (4T) 残HP:19
[GameManager] 層デバフ: 戦闘後2ダメージ (HP:17)
[GameManager] Phase: BattleResult → Reward
[GameManager] Phase: Reward → MapNavigation
[GameManager] MoveToNode: r4_l1 (phase=MapNavigation)
[GameManager] タイル起動: ショップ (r4_l1)
[GameManager] EnterShop called
[GameManager] MapTransitionController.Instance = null
[GameManager] Phase: MapNavigation → ShopVisit
[GameManager] Phase: ShopVisit → MapNavigation
[GameManager] MoveToNode: r5_l1 (phase=MapNavigation)
[GameManager] タイル起動: 戦闘 (r5_l1)
[GameManager] エンカウント: オーク
[GameManager] Phase: MapNavigation → Combat
[GameManager] Phase: Combat → BattleResult
[GameManager] 戦闘結果: オーク — 勝利 (3T) 残HP:17
[GameManager] 層デバフ: 戦闘後2ダメージ (HP:15)
[GameManager] Phase: BattleResult → Reward
[GameManager] Phase: Reward → MapNavigation
[GameManager] MoveToNode: r6_l1 (phase=MapNavigation)
[GameManager] タイル起動: ショップ (r6_l1)
[GameManager] EnterShop called
[GameManager] MapTransitionController.Instance = null
[GameManager] Phase: MapNavigation → ShopVisit
[GameManager] Phase: ShopVisit → MapNavigation
[GameManager] MoveToNode: r7_l1 (phase=MapNavigation)
[GameManager] タイル起動: 戦闘 (r7_l1)
[GameManager] エンカウント: ハーピィ
[GameManager] Phase: MapNavigation → Combat
[GameManager] Phase: Combat → BattleResult
[GameManager] 戦闘結果: ハーピィ — 勝利 (3T) 残HP:15
[GameManager] 層デバフ: 戦闘後2ダメージ (HP:13)
[GameManager] Phase: BattleResult → Reward
[GameManager] Phase: Reward → MapNavigation
[GameManager] MoveToNode: r8_l1 (phase=MapNavigation)
[GameManager] タイル起動: 秘宝 (r8_l1)
[GameManager] 宝箱: ゴールド+15, 安らぎの靴
[GameManager] Phase: MapNavigation → TreasureOpen
[GameManager] Phase: TreasureOpen → MapNavigation
[GameManager] MoveToNode: r9_l1 (phase=MapNavigation)
[GameManager] タイル起動: 休憩 (r9_l1)
[GameManager] Phase: MapNavigation → RestStop
[GameManager] 休憩回復: +13HP (50%) (現在: 25/25)
[GameManager] Phase: RestStop → MapNavigation
[GameManager] MoveToNode: boss (phase=MapNavigation)
[GameManager] タイル起動: ボス (boss)
[GameManager] ボス戦: 凍れる吟遊詩人
[GameManager] Phase: MapNavigation → Combat
[GameManager] Phase: Combat → BattleResult
[GameManager] 戦闘結果: 凍れる吟遊詩人 — 勝利 (3T) 残HP:25
[GameManager] 層デバフ: 戦闘後2ダメージ (HP:23)
[GameManager] Phase: BattleResult → Reward
[GameManager] Phase: Reward → FloorClear
[GameManager] フロア3クリア → 次へ
[GameManager] Phase: FloorClear → FloorIntro
[GameManager] --- フロア 4 [煉獄の刻印] ---
[GameManager] Phase: FloorIntro → MapNavigation
[GameManager] MoveToNode: r1_l1 (phase=MapNavigation)
[GameManager] タイル起動: 戦闘 (r1_l1)
[GameManager] エンカウント: 鏡の双子
[GameManager] Phase: MapNavigation → Combat
[GameManager] Phase: Combat → BattleResult
[GameManager] 戦闘結果: 鏡の双子 — 勝利 (6T) 残HP:4
[GameManager] Phase: BattleResult → Reward
[GameManager] Phase: Reward → MapNavigation
[GameManager] MoveToNode: r2_l1 (phase=MapNavigation)
[GameManager] タイル起動: イベント (r2_l1)
[GameManager] Phase: MapNavigation → EventEncounter
[GameManager] Phase: EventEncounter → MapNavigation
[GameManager] MoveToNode: r3_l1 (phase=MapNavigation)
[GameManager] タイル起動: イベント (r3_l1)
[GameManager] Phase: MapNavigation → EventEncounter
[AutoRunner] === RUN 25 終了: DEADLOCK (デッドロック) — ストール phase=EventEncounter node=r3_l1 floor=4 ===

########## RUN 26  [R5 4Fで死亡]  敗北 cause=CombatLoss
# reached F4 HP 0/1 coins 53 combats 14/16 LS=True
[GameManager] Phase: EventEncounter → RunStart
[GameManager] === ラン開始 === HP:30
[GameManager] Phase: RunStart → FloorIntro
[GameManager] --- フロア 1 [残光の加護] ---
[GameManager] Phase: FloorIntro → MapNavigation
[GameManager] MoveToNode: r1_l0 (phase=MapNavigation)
[GameManager] タイル起動: 戦闘 (r1_l0)
[GameManager] エンカウント: ゴブリン
[GameManager] Phase: MapNavigation → Combat
[GameManager] Phase: Combat → BattleResult
[GameManager] 戦闘結果: ゴブリン — 勝利 (2T) 残HP:30
[GameManager] Phase: BattleResult → Reward
[GameManager] Phase: Reward → MapNavigation
[GameManager] MoveToNode: r2_l0 (phase=MapNavigation)
[GameManager] タイル起動: 戦闘 (r2_l0)
[GameManager] エンカウント: スライム
[GameManager] Phase: MapNavigation → Combat
[GameManager] Phase: Combat → BattleResult
[GameManager] 戦闘結果: スライム — 勝利 (2T) 残HP:30
[GameManager] Phase: BattleResult → Reward
[GameManager] Phase: Reward → MapNavigation
[GameManager] MoveToNode: r3_l0 (phase=MapNavigation)
[GameManager] タイル起動: イベント (r3_l0)
[GameManager] Phase: MapNavigation → EventEncounter
[GameManager] Phase: EventEncounter → MapNavigation
[GameManager] MoveToNode: r4_l1 (phase=MapNavigation)
[GameManager] タイル起動: 戦闘 (r4_l1)
[GameManager] エンカウント: ゴブリン
[GameManager] Phase: MapNavigation → Combat
[GameManager] Phase: Combat → BattleResult
[GameManager] 戦闘結果: ゴブリン — 勝利 (1T) 残HP:30
[GameManager] Phase: BattleResult → Reward
[GameManager] Phase: Reward → MapNavigation
[GameManager] MoveToNode: r5_l1 (phase=MapNavigation)
[GameManager] タイル起動: 戦闘 (r5_l1)
[GameManager] エンカウント: ゴブリン
[GameManager] Phase: MapNavigation → Combat
[GameManager] Phase: Combat → BattleResult
[GameManager] 戦闘結果: ゴブリン — 勝利 (4T) 残HP:30
[GameManager] Phase: BattleResult → Reward
[GameManager] Phase: Reward → MapNavigation
[GameManager] MoveToNode: r6_l1 (phase=MapNavigation)
[GameManager] タイル起動: 戦闘 (r6_l1)
[GameManager] エンカウント: ゴブリン
[GameManager] Phase: MapNavigation → Combat
[GameManager] Phase: Combat → BattleResult
[GameManager] 戦闘結果: ゴブリン — 勝利 (2T) 残HP:30
[GameManager] Phase: BattleResult → Reward
[GameManager] Phase: Reward → MapNavigation
[GameManager] MoveToNode: r7_l1 (phase=MapNavigation)
[GameManager] タイル起動: 罠 (r7_l1)
[GameManager] Phase: MapNavigation → TrapTriggered
[GameManager] Phase: TrapTriggered → MapNavigation
[GameManager] MoveToNode: r8_l1 (phase=MapNavigation)
[GameManager] タイル起動: 秘宝 (r8_l1)
[GameManager] 宝箱: ゴールド+5, 死神の数珠
[GameManager] Phase: MapNavigation → TreasureOpen
[GameManager] Phase: TreasureOpen → MapNavigation
[GameManager] MoveToNode: r9_l1 (phase=MapNavigation)
[GameManager] タイル起動: 休憩 (r9_l1)
[GameManager] Phase: MapNavigation → RestStop
[GameManager] 休憩回復: +9HP (30%) (現在: 30/30)
[GameManager] Phase: RestStop → MapNavigation
[GameManager] MoveToNode: boss (phase=MapNavigation)
[GameManager] タイル起動: ボス (boss)
[GameManager] ボス 'boss_layer1' 未定義 — フロア1のプールから抽選
[GameManager] ボス戦: スライム
[GameManager] Phase: MapNavigation → Combat
[GameManager] Phase: Combat → BattleResult
[GameManager] 戦闘結果: スライム — 勝利 (2T) 残HP:30
[GameManager] Phase: BattleResult → Reward
[GameManager] Phase: Reward → FloorClear
[GameManager] フロア1クリア → 次へ
[GameManager] 層デバフ: MaxHP-5 → 25
[GameManager] Phase: FloorClear → FloorIntro
[GameManager] --- フロア 2 [嘆きの共鳴] ---
[GameManager] Phase: FloorIntro → MapNavigation
[GameManager] MoveToNode: r1_l1 (phase=MapNavigation)
[GameManager] タイル起動: 戦闘 (r1_l1)
[GameManager] エンカウント: コボルド
[GameManager] Phase: MapNavigation → Combat
[GameManager] Phase: Combat → BattleResult
[GameManager] 戦闘結果: コボルド — 勝利 (1T) 残HP:25
[GameManager] Phase: BattleResult → Reward
[GameManager] Phase: Reward → MapNavigation
[GameManager] MoveToNode: r2_l1 (phase=MapNavigation)
[GameManager] タイル起動: イベント (r2_l1)
[GameManager] Phase: MapNavigation → EventEncounter
[GameManager] イベント戦闘: 13番目の死 (elite=True)
[GameManager] Phase: EventEncounter → Combat
[GameManager] Phase: Combat → BattleResult
[GameManager] 戦闘結果: 13番目の死 — 勝利 (2T) 残HP:25
[GameManager] Phase: BattleResult → MapNavigation
[GameManager] MoveToNode: r3_l0 (phase=MapNavigation)
[GameManager] タイル起動: 秘宝 (r3_l0)
[GameManager] 宝箱: ゴールド+14, 観察者の眼鏡
[GameManager] Phase: MapNavigation → TreasureOpen
[GameManager] Phase: TreasureOpen → MapNavigation
[GameManager] MoveToNode: r4_l1 (phase=MapNavigation)
[GameManager] タイル起動: ショップ (r4_l1)
[GameManager] EnterShop called
[GameManager] MapTransitionController.Instance = null
[GameManager] Phase: MapNavigation → ShopVisit
[GameManager] Phase: ShopVisit → MapNavigation
[GameManager] MoveToNode: r5_l1 (phase=MapNavigation)
[GameManager] タイル起動: 戦闘 (r5_l1)
[GameManager] エンカウント: スライム
[GameManager] Phase: MapNavigation → Combat
[GameManager] Phase: Combat → BattleResult
[GameManager] 戦闘結果: スライム — 勝利 (1T) 残HP:25
[GameManager] Phase: BattleResult → Reward
[GameManager] Phase: Reward → MapNavigation
[GameManager] MoveToNode: r6_l1 (phase=MapNavigation)
[GameManager] タイル起動: ショップ (r6_l1)
[GameManager] EnterShop called
[GameManager] MapTransitionController.Instance = null
[GameManager] Phase: MapNavigation → ShopVisit
[GameManager] Phase: ShopVisit → MapNavigation
[GameManager] MoveToNode: r7_l1 (phase=MapNavigation)
[GameManager] タイル起動: 戦闘 (r7_l1)
[GameManager] エンカウント: ゴブリン王
[GameManager] Phase: MapNavigation → Combat
[GameManager] Phase: Combat → BattleResult
[GameManager] 戦闘結果: ゴブリン王 — 勝利 (7T) 残HP:25
[GameManager] Phase: BattleResult → Reward
[GameManager] Phase: Reward → MapNavigation
[GameManager] MoveToNode: r8_l1 (phase=MapNavigation)
[GameManager] タイル起動: 秘宝 (r8_l1)
[GameManager] 宝箱: ゴールド+10, 木のダイス
[GameManager] Phase: MapNavigation → TreasureOpen
[GameManager] Phase: TreasureOpen → MapNavigation
[GameManager] MoveToNode: r9_l1 (phase=MapNavigation)
[GameManager] タイル起動: 休憩 (r9_l1)
[GameManager] Phase: MapNavigation → RestStop
[GameManager] 休憩回復: +8HP (30%) (現在: 25/25)
[GameManager] Phase: RestStop → MapNavigation
[GameManager] MoveToNode: boss (phase=MapNavigation)
[GameManager] タイル起動: ボス (boss)
[GameManager] ボス戦: ゴブリン王
[GameManager] Phase: MapNavigation → Combat
[GameManager] Phase: Combat → BattleResult
[GameManager] 戦闘結果: ゴブリン王 — 勝利 (7T) 残HP:23
[GameManager] Phase: BattleResult → Reward
[GameManager] Phase: Reward → FloorClear
[GameManager] フロア2クリア → 次へ
[GameManager] Phase: FloorClear → FloorIntro
[GameManager] --- フロア 3 [瘴気侵蝕] ---
[GameManager] Phase: FloorIntro → MapNavigation
[GameManager] MoveToNode: r1_l2 (phase=MapNavigation)
[GameManager] タイル起動: 秘宝 (r1_l2)
[GameManager] 宝箱: ゴールド+21, 小回復ポーション
[GameManager] Phase: MapNavigation → TreasureOpen
[GameManager] Phase: TreasureOpen → MapNavigation
[GameManager] MoveToNode: r2_l2 (phase=MapNavigation)
[GameManager] タイル起動: 戦闘 (r2_l2)
[GameManager] エンカウント: ハーピィ
[GameManager] Phase: MapNavigation → Combat
[GameManager] Phase: Combat → BattleResult
[GameManager] 戦闘結果: ハーピィ — 勝利 (7T) 残HP:20
[GameManager] 層デバフ: 戦闘後2ダメージ (HP:18)
[GameManager] Phase: BattleResult → Reward
[GameManager] Phase: Reward → MapNavigation
[GameManager] MoveToNode: r3_l1 (phase=MapNavigation)
[GameManager] タイル起動: 秘宝 (r3_l1)
[GameManager] 宝箱: ゴールド+12, 治癒の指輪
[GameManager] Phase: MapNavigation → TreasureOpen
[GameManager] Phase: TreasureOpen → MapNavigation
[GameManager] MoveToNode: r4_l1 (phase=MapNavigation)
[GameManager] タイル起動: 罠 (r4_l1)
[GameManager] Phase: MapNavigation → TrapTriggered
[GameManager] Phase: TrapTriggered → MapNavigation
[GameManager] MoveToNode: r5_l1 (phase=MapNavigation)
[GameManager] タイル起動: 戦闘 (r5_l1)
[GameManager] エンカウント: ハーピィ
[GameManager] Phase: MapNavigation → Combat
[GameManager] Phase: Combat → BattleResult
[GameManager] 戦闘結果: ハーピィ — 勝利 (9T) 残HP:7
[GameManager] 層デバフ: 戦闘後2ダメージ (HP:5)
[GameManager] Phase: BattleResult → Reward
[GameManager] Phase: Reward → MapNavigation
[GameManager] MoveToNode: r6_l1 (phase=MapNavigation)
[GameManager] タイル起動: ショップ (r6_l1)
[GameManager] EnterShop called
[GameManager] MapTransitionController.Instance = null
[GameManager] Phase: MapNavigation → ShopVisit
[GameManager] Phase: ShopVisit → MapNavigation
[GameManager] MoveToNode: r7_l0 (phase=MapNavigation)
[GameManager] タイル起動: ショップ (r7_l0)
[GameManager] EnterShop called
[GameManager] MapTransitionController.Instance = null
[GameManager] Phase: MapNavigation → ShopVisit
[GameManager] Phase: ShopVisit → MapNavigation
[GameManager] MoveToNode: r8_l0 (phase=MapNavigation)
[GameManager] タイル起動: 秘宝 (r8_l0)
[GameManager] 宝箱: ゴールド+12, 安らぎの靴
[GameManager] Phase: MapNavigation → TreasureOpen
[GameManager] Phase: TreasureOpen → MapNavigation
[GameManager] MoveToNode: r9_l0 (phase=MapNavigation)
[GameManager] タイル起動: 休憩 (r9_l0)
[GameManager] Phase: MapNavigation → RestStop
[GameManager] 休憩回復: +13HP (50%) (現在: 19/25)
[GameManager] Phase: RestStop → MapNavigation
[GameManager] MoveToNode: boss (phase=MapNavigation)
[GameManager] タイル起動: ボス (boss)
[GameManager] ボス戦: 凍れる吟遊詩人
[GameManager] Phase: MapNavigation → Combat
[GameManager] Phase: Combat → BattleResult
[GameManager] 戦闘結果: 凍れる吟遊詩人 — 勝利 (6T) 残HP:20
[GameManager] 層デバフ: 戦闘後2ダメージ (HP:18)
[GameManager] Phase: BattleResult → Reward
[GameManager] Phase: Reward → FloorClear
[GameManager] フロア3クリア → 次へ
[GameManager] Phase: FloorClear → FloorIntro
[GameManager] --- フロア 4 [煉獄の刻印] ---
[GameManager] Phase: FloorIntro → MapNavigation
[GameManager] MoveToNode: r1_l1 (phase=MapNavigation)
[GameManager] タイル起動: 戦闘 (r1_l1)
[GameManager] エンカウント: 鏡の双子
[GameManager] Phase: MapNavigation → Combat
[GameManager] Phase: Combat → BattleResult
[GameManager] 戦闘結果: 鏡の双子 — 敗北 (4T) 残HP:0
[GameManager] 救済発動: マップへ戻る
[GameManager] Phase: BattleResult → MapNavigation
[AutoRunner] ラストスタンド発動 (Floor 4)
[GameManager] MoveToNode: r2_l2 (phase=MapNavigation)
[GameManager] タイル起動: 秘宝 (r2_l2)
[GameManager] 宝箱: ゴールド+0, 革の胸当て
[GameManager] Phase: MapNavigation → TreasureOpen
[GameManager] Phase: TreasureOpen → MapNavigation
[GameManager] MoveToNode: r3_l1 (phase=MapNavigation)
[GameManager] タイル起動: 戦闘 (r3_l1)
[GameManager] エンカウント: リザードマン
[GameManager] Phase: MapNavigation → Combat
[GameManager] Phase: Combat → BattleResult
[GameManager] 戦闘結果: リザードマン — 敗北 (1T) 残HP:0
[GameManager] Phase: BattleResult → GameOver
[AutoRunner] === RUN 26 終了: R5 (4Fで死亡) — 敗北 cause=CombatLoss ===

########## RUN 27  [R5 4Fで死亡]  敗北 cause=CombatLoss
# reached F4 HP 0/1 coins 80 combats 16/18 LS=True
[GameManager] Phase: GameOver → Title
[GameManager] Phase: Title → RunStart
[GameManager] === ラン開始 === HP:30
[GameManager] Phase: RunStart → FloorIntro
[GameManager] --- フロア 1 [残光の加護] ---
[GameManager] Phase: FloorIntro → MapNavigation
[GameManager] MoveToNode: r1_l1 (phase=MapNavigation)
[GameManager] タイル起動: 戦闘 (r1_l1)
[GameManager] エンカウント: ゴブリン
[GameManager] Phase: MapNavigation → Combat
[GameManager] Phase: Combat → BattleResult
[GameManager] 戦闘結果: ゴブリン — 勝利 (3T) 残HP:28
[GameManager] Phase: BattleResult → Reward
[GameManager] Phase: Reward → MapNavigation
[GameManager] MoveToNode: r2_l2 (phase=MapNavigation)
[GameManager] タイル起動: ショップ (r2_l2)
[GameManager] EnterShop called
[GameManager] MapTransitionController.Instance = null
[GameManager] Phase: MapNavigation → ShopVisit
[GameManager] Phase: ShopVisit → MapNavigation
[GameManager] MoveToNode: r3_l2 (phase=MapNavigation)
[GameManager] タイル起動: イベント (r3_l2)
[GameManager] Phase: MapNavigation → EventEncounter
[GameManager] イベント戦闘: スライム (elite=True)
[GameManager] Phase: EventEncounter → Combat
[GameManager] Phase: Combat → BattleResult
[GameManager] 戦闘結果: スライム — 勝利 (1T) 残HP:28
[GameManager] Phase: BattleResult → MapNavigation
[GameManager] MoveToNode: r4_l2 (phase=MapNavigation)
[GameManager] タイル起動: イベント (r4_l2)
[GameManager] Phase: MapNavigation → EventEncounter
[GameManager] Phase: EventEncounter → MapNavigation
[GameManager] MoveToNode: r5_l2 (phase=MapNavigation)
[GameManager] タイル起動: イベント (r5_l2)
[GameManager] Phase: MapNavigation → EventEncounter
[GameManager] Phase: EventEncounter → MapNavigation
[GameManager] MoveToNode: r6_l2 (phase=MapNavigation)
[GameManager] タイル起動: 戦闘 (r6_l2)
[GameManager] エンカウント: スライム
[GameManager] Phase: MapNavigation → Combat
[GameManager] Phase: Combat → BattleResult
[GameManager] 戦闘結果: スライム — 勝利 (1T) 残HP:18
[GameManager] Phase: BattleResult → Reward
[GameManager] Phase: Reward → MapNavigation
[GameManager] MoveToNode: r7_l2 (phase=MapNavigation)
[GameManager] タイル起動: 戦闘 (r7_l2)
[GameManager] エンカウント: スライム
[GameManager] Phase: MapNavigation → Combat
[GameManager] Phase: Combat → BattleResult
[GameManager] 戦闘結果: スライム — 勝利 (2T) 残HP:18
[GameManager] Phase: BattleResult → Reward
[GameManager] Phase: Reward → MapNavigation
[GameManager] MoveToNode: r8_l2 (phase=MapNavigation)
[GameManager] タイル起動: 秘宝 (r8_l2)
[GameManager] 宝箱: ゴールド+6, 灯心の鈴
[GameManager] Phase: MapNavigation → TreasureOpen
[GameManager] Phase: TreasureOpen → MapNavigation
[GameManager] MoveToNode: r9_l2 (phase=MapNavigation)
[GameManager] タイル起動: 休憩 (r9_l2)
[GameManager] Phase: MapNavigation → RestStop
[GameManager] 休憩回復: +9HP (30%) (現在: 27/30)
[GameManager] Phase: RestStop → MapNavigation
[GameManager] MoveToNode: boss (phase=MapNavigation)
[GameManager] タイル起動: ボス (boss)
[GameManager] ボス 'boss_layer1' 未定義 — フロア1のプールから抽選
[GameManager] ボス戦: スライム
[GameManager] Phase: MapNavigation → Combat
[GameManager] Phase: Combat → BattleResult
[GameManager] 戦闘結果: スライム — 勝利 (1T) 残HP:27
[GameManager] Phase: BattleResult → Reward
[GameManager] Phase: Reward → FloorClear
[GameManager] フロア1クリア → 次へ
[GameManager] 層デバフ: MaxHP-5 → 25
[GameManager] Phase: FloorClear → FloorIntro
[GameManager] --- フロア 2 [嘆きの共鳴] ---
[GameManager] Phase: FloorIntro → MapNavigation
[GameManager] MoveToNode: r1_l0 (phase=MapNavigation)
[GameManager] タイル起動: ショップ (r1_l0)
[GameManager] EnterShop called
[GameManager] MapTransitionController.Instance = null
[GameManager] Phase: MapNavigation → ShopVisit
[GameManager] Phase: ShopVisit → MapNavigation
[GameManager] MoveToNode: r2_l0 (phase=MapNavigation)
[GameManager] タイル起動: 戦闘 (r2_l0)
[GameManager] エンカウント: ダイアウルフ
[GameManager] Phase: MapNavigation → Combat
[GameManager] Phase: Combat → BattleResult
[GameManager] 戦闘結果: ダイアウルフ — 勝利 (5T) 残HP:25
[GameManager] Phase: BattleResult → Reward
[GameManager] Phase: Reward → MapNavigation
[GameManager] MoveToNode: r3_l0 (phase=MapNavigation)
[GameManager] タイル起動: 休憩 (r3_l0)
[GameManager] Phase: MapNavigation → RestStop
[GameManager] 休憩回復: +8HP (30%) (現在: 25/25)
[GameManager] Phase: RestStop → MapNavigation
[GameManager] MoveToNode: r4_l0 (phase=MapNavigation)
[GameManager] タイル起動: ショップ (r4_l0)
[GameManager] EnterShop called
[GameManager] MapTransitionController.Instance = null
[GameManager] Phase: MapNavigation → ShopVisit
[GameManager] Phase: ShopVisit → MapNavigation
[GameManager] MoveToNode: r5_l0 (phase=MapNavigation)
[GameManager] タイル起動: 秘宝 (r5_l0)
[GameManager] 宝箱: ゴールド+10, 観察者の眼鏡
[GameManager] Phase: MapNavigation → TreasureOpen
[GameManager] Phase: TreasureOpen → MapNavigation
[GameManager] MoveToNode: r6_l0 (phase=MapNavigation)
[GameManager] タイル起動: イベント (r6_l0)
[GameManager] Phase: MapNavigation → EventEncounter
[GameManager] Phase: EventEncounter → MapNavigation
[GameManager] MoveToNode: r7_l0 (phase=MapNavigation)
[GameManager] タイル起動: 戦闘 (r7_l0)
[GameManager] エンカウント: ダイアウルフ
[GameManager] Phase: MapNavigation → Combat
[GameManager] Phase: Combat → BattleResult
[GameManager] 戦闘結果: ダイアウルフ — 勝利 (9T) 残HP:20
[GameManager] Phase: BattleResult → Reward
[GameManager] Phase: Reward → MapNavigation
[GameManager] MoveToNode: r8_l0 (phase=MapNavigation)
[GameManager] タイル起動: 秘宝 (r8_l0)
[GameManager] 宝箱: ゴールド+6, 治癒の指輪
[GameManager] Phase: MapNavigation → TreasureOpen
[GameManager] Phase: TreasureOpen → MapNavigation
[GameManager] MoveToNode: r9_l0 (phase=MapNavigation)
[GameManager] タイル起動: 休憩 (r9_l0)
[GameManager] Phase: MapNavigation → RestStop
[GameManager] 休憩回復: +8HP (30%) (現在: 25/25)
[GameManager] Phase: RestStop → MapNavigation
[GameManager] MoveToNode: boss (phase=MapNavigation)
[GameManager] 空腹ダメージ: 1 (HP: 24/25)
[GameManager] タイル起動: ボス (boss)
[GameManager] ボス戦: ゴブリン王
[GameManager] Phase: MapNavigation → Combat
[GameManager] Phase: Combat → BattleResult
[GameManager] 戦闘結果: ゴブリン王 — 勝利 (10T) 残HP:20
[GameManager] Phase: BattleResult → Reward
[GameManager] Phase: Reward → FloorClear
[GameManager] フロア2クリア → 次へ
[GameManager] Phase: FloorClear → FloorIntro
[GameManager] --- フロア 3 [瘴気侵蝕] ---
[GameManager] Phase: FloorIntro → MapNavigation
[GameManager] MoveToNode: r1_l2 (phase=MapNavigation)
[GameManager] タイル起動: ショップ (r1_l2)
[GameManager] EnterShop called
[GameManager] MapTransitionController.Instance = null
[GameManager] Phase: MapNavigation → ShopVisit
[GameManager] Phase: ShopVisit → MapNavigation
[GameManager] MoveToNode: r2_l2 (phase=MapNavigation)
[GameManager] タイル起動: 戦闘 (r2_l2)
[GameManager] エンカウント: ゴブリン王
[GameManager] Phase: MapNavigation → Combat
[GameManager] Phase: Combat → BattleResult
[GameManager] 戦闘結果: ゴブリン王 — 勝利 (15T) 残HP:22
[GameManager] 層デバフ: 戦闘後2ダメージ (HP:20)
[GameManager] Phase: BattleResult → Reward
[GameManager] Phase: Reward → MapNavigation
[GameManager] MoveToNode: r3_l1 (phase=MapNavigation)
[GameManager] タイル起動: 戦闘 (r3_l1)
[GameManager] エンカウント: ハーピィ
[GameManager] Phase: MapNavigation → Combat
[GameManager] Phase: Combat → BattleResult
[GameManager] 戦闘結果: ハーピィ — 勝利 (8T) 残HP:17
[GameManager] 層デバフ: 戦闘後2ダメージ (HP:15)
[GameManager] Phase: BattleResult → Reward
[GameManager] Phase: Reward → MapNavigation
[GameManager] MoveToNode: r4_l1 (phase=MapNavigation)
[GameManager] タイル起動: 激戦 (r4_l1)
[GameManager] エンカウント: スライム
[GameManager] Phase: MapNavigation → Combat
[GameManager] Phase: Combat → BattleResult
[GameManager] 戦闘結果: スライム — 勝利 (1T) 残HP:15
[GameManager] 層デバフ: 戦闘後2ダメージ (HP:13)
[GameManager] 激戦2戦目: コボルド
[GameManager] Phase: BattleResult → Combat
[GameManager] Phase: Combat → BattleResult
[GameManager] 戦闘結果: コボルド — 勝利 (4T) 残HP:13
[GameManager] 層デバフ: 戦闘後2ダメージ (HP:11)
[GameManager] Phase: BattleResult → Reward
[GameManager] Phase: Reward → MapNavigation
[GameManager] MoveToNode: r5_l0 (phase=MapNavigation)
[GameManager] タイル起動: 戦闘 (r5_l0)
[GameManager] エンカウント: スケルトン
[GameManager] Phase: MapNavigation → Combat
[GameManager] Phase: Combat → BattleResult
[GameManager] 戦闘結果: スケルトン — 勝利 (5T) 残HP:11
[GameManager] 層デバフ: 戦闘後2ダメージ (HP:9)
[GameManager] Phase: BattleResult → Reward
[GameManager] Phase: Reward → MapNavigation
[GameManager] MoveToNode: r6_l0 (phase=MapNavigation)
[GameManager] タイル起動: イベント (r6_l0)
[GameManager] Phase: MapNavigation → EventEncounter
[GameManager] Phase: EventEncounter → MapNavigation
[GameManager] MoveToNode: r7_l0 (phase=MapNavigation)
[GameManager] タイル起動: ショップ (r7_l0)
[GameManager] EnterShop called
[GameManager] MapTransitionController.Instance = null
[GameManager] Phase: MapNavigation → ShopVisit
[GameManager] Phase: ShopVisit → MapNavigation
[GameManager] MoveToNode: r8_l0 (phase=MapNavigation)
[GameManager] タイル起動: 秘宝 (r8_l0)
[GameManager] 宝箱: ゴールド+21, 力帯
[GameManager] Phase: MapNavigation → TreasureOpen
[GameManager] Phase: TreasureOpen → MapNavigation
[GameManager] MoveToNode: r9_l0 (phase=MapNavigation)
[GameManager] タイル起動: 休憩 (r9_l0)
[GameManager] Phase: MapNavigation → RestStop
[GameManager] 休憩回復: +13HP (50%) (現在: 17/25)
[GameManager] Phase: RestStop → MapNavigation
[GameManager] MoveToNode: boss (phase=MapNavigation)
[GameManager] タイル起動: ボス (boss)
[GameManager] ボス戦: 凍れる吟遊詩人
[GameManager] Phase: MapNavigation → Combat
[GameManager] Phase: Combat → BattleResult
[GameManager] 戦闘結果: 凍れる吟遊詩人 — 勝利 (8T) 残HP:17
[GameManager] 層デバフ: 戦闘後2ダメージ (HP:15)
[GameManager] Phase: BattleResult → Reward
[GameManager] Phase: Reward → FloorClear
[GameManager] フロア3クリア → 次へ
[GameManager] Phase: FloorClear → FloorIntro
[GameManager] --- フロア 4 [煉獄の刻印] ---
[GameManager] Phase: FloorIntro → MapNavigation
[GameManager] MoveToNode: r1_l2 (phase=MapNavigation)
[GameManager] タイル起動: 戦闘 (r1_l2)
[GameManager] エンカウント: ミノタウロス
[GameManager] Phase: MapNavigation → Combat
[GameManager] Phase: Combat → BattleResult
[GameManager] 戦闘結果: ミノタウロス — 勝利 (10T) 残HP:10
[GameManager] Phase: BattleResult → Reward
[GameManager] Phase: Reward → MapNavigation
[GameManager] MoveToNode: r2_l2 (phase=MapNavigation)
[GameManager] タイル起動: 戦闘 (r2_l2)
[GameManager] エンカウント: ミノタウロス
[GameManager] Phase: MapNavigation → Combat
[GameManager] Phase: Combat → BattleResult
[GameManager] 戦闘結果: ミノタウロス — 勝利 (4T) 残HP:9
[GameManager] Phase: BattleResult → Reward
[GameManager] Phase: Reward → MapNavigation
[GameManager] MoveToNode: r3_l2 (phase=MapNavigation)
[GameManager] タイル起動: 戦闘 (r3_l2)
[GameManager] エンカウント: 鏡の双子
[GameManager] Phase: MapNavigation → Combat
[GameManager] Phase: Combat → BattleResult
[GameManager] 戦闘結果: 鏡の双子 — 敗北 (6T) 残HP:0
[GameManager] 救済発動: マップへ戻る
[GameManager] Phase: BattleResult → MapNavigation
[AutoRunner] ラストスタンド発動 (Floor 4)
[GameManager] MoveToNode: r4_l2 (phase=MapNavigation)
[GameManager] タイル起動: 休憩 (r4_l2)
[GameManager] Phase: MapNavigation → RestStop
[GameManager] 休憩回復: +1HP (30%) (現在: 1/1)
[AutoRunner] === RUN 27 終了: R5 (4Fで死亡) — 敗北 cause=CombatLoss ===

########## RUN 28  [R6 5F道中/カルマで死亡]  敗北 cause=CombatLoss
# reached F5 HP 1/1 coins 56 combats 23/25 LS=True
[GameManager] Phase: GameOver → Title
[GameManager] Phase: Title → RunStart
[GameManager] === ラン開始 === HP:30
[GameManager] Phase: RunStart → FloorIntro
[GameManager] --- フロア 1 [残光の加護] ---
[GameManager] Phase: FloorIntro → MapNavigation
[GameManager] MoveToNode: r1_l0 (phase=MapNavigation)
[GameManager] タイル起動: 激戦 (r1_l0)
[GameManager] エンカウント: スライム
[GameManager] Phase: MapNavigation → Combat
[GameManager] Phase: Combat → BattleResult
[GameManager] 戦闘結果: スライム — 勝利 (3T) 残HP:30
[GameManager] 激戦2戦目: ゴブリン
[GameManager] Phase: BattleResult → Combat
[GameManager] Phase: Combat → BattleResult
[GameManager] 戦闘結果: ゴブリン — 勝利 (4T) 残HP:30
[GameManager] Phase: BattleResult → Reward
[GameManager] Phase: Reward → MapNavigation
[GameManager] MoveToNode: r2_l0 (phase=MapNavigation)
[GameManager] タイル起動: 罠 (r2_l0)
[GameManager] Phase: MapNavigation → TrapTriggered
[GameManager] Phase: TrapTriggered → MapNavigation
[GameManager] MoveToNode: r3_l0 (phase=MapNavigation)
[GameManager] タイル起動: 戦闘 (r3_l0)
[GameManager] エンカウント: ゴブリン
[GameManager] Phase: MapNavigation → Combat
[GameManager] Phase: Combat → BattleResult
[GameManager] 戦闘結果: ゴブリン — 勝利 (1T) 残HP:30
[GameManager] Phase: BattleResult → Reward
[GameManager] Phase: Reward → MapNavigation
[GameManager] MoveToNode: r4_l0 (phase=MapNavigation)
[GameManager] タイル起動: 罠 (r4_l0)
[GameManager] Phase: MapNavigation → TrapTriggered
[GameManager] Phase: TrapTriggered → MapNavigation
[GameManager] MoveToNode: r5_l0 (phase=MapNavigation)
[GameManager] タイル起動: 秘宝 (r5_l0)
[GameManager] 宝箱: ゴールド+6, 不死の心臓
[GameManager] Phase: MapNavigation → TreasureOpen
[GameManager] Phase: TreasureOpen → MapNavigation
[GameManager] MoveToNode: r6_l0 (phase=MapNavigation)
[GameManager] タイル起動: 戦闘 (r6_l0)
[GameManager] エンカウント: ゴブリン
[GameManager] Phase: MapNavigation → Combat
[GameManager] Phase: Combat → BattleResult
[GameManager] 戦闘結果: ゴブリン — 勝利 (4T) 残HP:30
[GameManager] Phase: BattleResult → Reward
[GameManager] Phase: Reward → MapNavigation
[GameManager] MoveToNode: r7_l0 (phase=MapNavigation)
[GameManager] タイル起動: 戦闘 (r7_l0)
[GameManager] エンカウント: ゴブリン
[GameManager] Phase: MapNavigation → Combat
[GameManager] Phase: Combat → BattleResult
[GameManager] 戦闘結果: ゴブリン — 勝利 (2T) 残HP:30
[GameManager] Phase: BattleResult → Reward
[GameManager] Phase: Reward → MapNavigation
[GameManager] MoveToNode: r8_l0 (phase=MapNavigation)
[GameManager] タイル起動: 秘宝 (r8_l0)
[GameManager] 宝箱: ゴールド+4, 投げ短剣の鞘
[GameManager] Phase: MapNavigation → TreasureOpen
[GameManager] Phase: TreasureOpen → MapNavigation
[GameManager] MoveToNode: r9_l0 (phase=MapNavigation)
[GameManager] タイル起動: 休憩 (r9_l0)
[GameManager] Phase: MapNavigation → RestStop
[GameManager] 休憩回復: +9HP (30%) (現在: 30/30)
[GameManager] Phase: RestStop → MapNavigation
[GameManager] MoveToNode: boss (phase=MapNavigation)
[GameManager] タイル起動: ボス (boss)
[GameManager] ボス 'boss_layer1' 未定義 — フロア1のプールから抽選
[GameManager] ボス戦: ゴブリン
[GameManager] Phase: MapNavigation → Combat
[GameManager] Phase: Combat → BattleResult
[GameManager] 戦闘結果: ゴブリン — 勝利 (1T) 残HP:30
[GameManager] Phase: BattleResult → Reward
[GameManager] Phase: Reward → FloorClear
[GameManager] フロア1クリア → 次へ
[GameManager] 層デバフ: MaxHP-5 → 25
[GameManager] Phase: FloorClear → FloorIntro
[GameManager] --- フロア 2 [嘆きの共鳴] ---
[GameManager] Phase: FloorIntro → MapNavigation
[GameManager] MoveToNode: r1_l1 (phase=MapNavigation)
[GameManager] タイル起動: 戦闘 (r1_l1)
[GameManager] エンカウント: スライム
[GameManager] Phase: MapNavigation → Combat
[GameManager] Phase: Combat → BattleResult
[GameManager] 戦闘結果: スライム — 勝利 (1T) 残HP:25
[GameManager] Phase: BattleResult → Reward
[GameManager] Phase: Reward → MapNavigation
[GameManager] MoveToNode: r2_l1 (phase=MapNavigation)
[GameManager] タイル起動: 秘宝 (r2_l1)
[GameManager] 宝箱: ゴールド+12, 苦難の刻印
[GameManager] Phase: MapNavigation → TreasureOpen
[GameManager] Phase: TreasureOpen → MapNavigation
[GameManager] MoveToNode: r3_l1 (phase=MapNavigation)
[GameManager] タイル起動: イベント (r3_l1)
[GameManager] Phase: MapNavigation → EventEncounter
[GameManager] Phase: EventEncounter → MapNavigation
[GameManager] MoveToNode: r4_l1 (phase=MapNavigation)
[GameManager] タイル起動: イベント (r4_l1)
[GameManager] Phase: MapNavigation → EventEncounter
[GameManager] Phase: EventEncounter → MapNavigation
[GameManager] MoveToNode: r5_l1 (phase=MapNavigation)
[GameManager] タイル起動: 戦闘 (r5_l1)
[GameManager] エンカウント: ダイアウルフ
[GameManager] Phase: MapNavigation → Combat
[GameManager] Phase: Combat → BattleResult
[GameManager] 戦闘結果: ダイアウルフ — 勝利 (6T) 残HP:25
[GameManager] Phase: BattleResult → Reward
[GameManager] Phase: Reward → MapNavigation
[GameManager] MoveToNode: r6_l1 (phase=MapNavigation)
[GameManager] タイル起動: 戦闘 (r6_l1)
[GameManager] エンカウント: 13番目の死
[GameManager] Phase: MapNavigation → Combat
[GameManager] Phase: Combat → BattleResult
[GameManager] 戦闘結果: 13番目の死 — 勝利 (3T) 残HP:25
[GameManager] Phase: BattleResult → Reward
[GameManager] Phase: Reward → MapNavigation
[GameManager] MoveToNode: r7_l1 (phase=MapNavigation)
[GameManager] タイル起動: 戦闘 (r7_l1)
[GameManager] エンカウント: スケルトン
[GameManager] Phase: MapNavigation → Combat
[GameManager] Phase: Combat → BattleResult
[GameManager] 戦闘結果: スケルトン — 勝利 (2T) 残HP:25
[GameManager] Phase: BattleResult → Reward
[GameManager] Phase: Reward → MapNavigation
[GameManager] MoveToNode: r8_l1 (phase=MapNavigation)
[GameManager] タイル起動: 秘宝 (r8_l1)
[GameManager] 宝箱: ゴールド+14, 投げ短剣の鞘
[GameManager] Phase: MapNavigation → TreasureOpen
[GameManager] Phase: TreasureOpen → MapNavigation
[GameManager] MoveToNode: r9_l1 (phase=MapNavigation)
[GameManager] タイル起動: 休憩 (r9_l1)
[GameManager] Phase: MapNavigation → RestStop
[GameManager] 休憩回復: +8HP (30%) (現在: 25/25)
[GameManager] Phase: RestStop → MapNavigation
[GameManager] MoveToNode: boss (phase=MapNavigation)
[GameManager] タイル起動: ボス (boss)
[GameManager] ボス戦: ゴブリン王
[GameManager] Phase: MapNavigation → Combat
[GameManager] Phase: Combat → BattleResult
[GameManager] 戦闘結果: ゴブリン王 — 勝利 (6T) 残HP:25
[GameManager] Phase: BattleResult → Reward
[GameManager] Phase: Reward → FloorClear
[GameManager] フロア2クリア → 次へ
[GameManager] Phase: FloorClear → FloorIntro
[GameManager] --- フロア 3 [瘴気侵蝕] ---
[GameManager] Phase: FloorIntro → MapNavigation
[GameManager] MoveToNode: r1_l0 (phase=MapNavigation)
[GameManager] タイル起動: イベント (r1_l0)
[GameManager] Phase: MapNavigation → EventEncounter
[GameManager] Phase: EventEncounter → MapNavigation
[GameManager] MoveToNode: r2_l0 (phase=MapNavigation)
[GameManager] タイル起動: 戦闘 (r2_l0)
[GameManager] エンカウント: 13番目の死
[GameManager] Phase: MapNavigation → Combat
[GameManager] Phase: Combat → BattleResult
[GameManager] 戦闘結果: 13番目の死 — 勝利 (3T) 残HP:25
[GameManager] 層デバフ: 戦闘後2ダメージ (HP:23)
[GameManager] Phase: BattleResult → Reward
[GameManager] Phase: Reward → MapNavigation
[GameManager] MoveToNode: r3_l0 (phase=MapNavigation)
[GameManager] タイル起動: 戦闘 (r3_l0)
[GameManager] エンカウント: 13番目の死
[GameManager] Phase: MapNavigation → Combat
[GameManager] Phase: Combat → BattleResult
[GameManager] 戦闘結果: 13番目の死 — 勝利 (2T) 残HP:23
[GameManager] 層デバフ: 戦闘後2ダメージ (HP:21)
[GameManager] Phase: BattleResult → Reward
[GameManager] Phase: Reward → MapNavigation
[GameManager] MoveToNode: r4_l0 (phase=MapNavigation)
[GameManager] タイル起動: 戦闘 (r4_l0)
[GameManager] エンカウント: 凍れる吟遊詩人
[GameManager] Phase: MapNavigation → Combat
[GameManager] Phase: Combat → BattleResult
[GameManager] 戦闘結果: 凍れる吟遊詩人 — 勝利 (7T) 残HP:21
[GameManager] 層デバフ: 戦闘後2ダメージ (HP:19)
[GameManager] Phase: BattleResult → Reward
[GameManager] Phase: Reward → MapNavigation
[GameManager] MoveToNode: r5_l0 (phase=MapNavigation)
[GameManager] タイル起動: ショップ (r5_l0)
[GameManager] EnterShop called
[GameManager] MapTransitionController.Instance = null
[GameManager] Phase: MapNavigation → ShopVisit
[GameManager] Phase: ShopVisit → MapNavigation
[GameManager] MoveToNode: r6_l0 (phase=MapNavigation)
[GameManager] タイル起動: 罠 (r6_l0)
[GameManager] Phase: MapNavigation → TrapTriggered
[GameManager] Phase: TrapTriggered → MapNavigation
[GameManager] MoveToNode: r7_l0 (phase=MapNavigation)
[GameManager] タイル起動: イベント (r7_l0)
[GameManager] Phase: MapNavigation → EventEncounter
[GameManager] Phase: EventEncounter → MapNavigation
[GameManager] MoveToNode: r8_l0 (phase=MapNavigation)
[GameManager] タイル起動: 秘宝 (r8_l0)
[GameManager] 宝箱: ゴールド+18, 灯心の鈴
[GameManager] Phase: MapNavigation → TreasureOpen
[GameManager] Phase: TreasureOpen → MapNavigation
[GameManager] MoveToNode: r9_l0 (phase=MapNavigation)
[GameManager] タイル起動: 休憩 (r9_l0)
[GameManager] Phase: MapNavigation → RestStop
[GameManager] 休憩回復: +13HP (50%) (現在: 25/25)
[GameManager] Phase: RestStop → MapNavigation
[GameManager] MoveToNode: boss (phase=MapNavigation)
[GameManager] タイル起動: ボス (boss)
[GameManager] ボス戦: 凍れる吟遊詩人
[GameManager] Phase: MapNavigation → Combat
[GameManager] Phase: Combat → BattleResult
[GameManager] 戦闘結果: 凍れる吟遊詩人 — 勝利 (8T) 残HP:25
[GameManager] 層デバフ: 戦闘後2ダメージ (HP:23)
[GameManager] Phase: BattleResult → Reward
[GameManager] Phase: Reward → FloorClear
[GameManager] フロア3クリア → 次へ
[GameManager] Phase: FloorClear → FloorIntro
[GameManager] --- フロア 4 [煉獄の刻印] ---
[GameManager] Phase: FloorIntro → MapNavigation
[GameManager] MoveToNode: r1_l0 (phase=MapNavigation)
[GameManager] タイル起動: イベント (r1_l0)
[GameManager] Phase: MapNavigation → EventEncounter
[GameManager] Phase: EventEncounter → MapNavigation
[GameManager] MoveToNode: r2_l0 (phase=MapNavigation)
[GameManager] タイル起動: 戦闘 (r2_l0)
[GameManager] エンカウント: リザードマン
[GameManager] Phase: MapNavigation → Combat
[GameManager] Phase: Combat → BattleResult
[GameManager] 戦闘結果: リザードマン — 勝利 (10T) 残HP:25
[GameManager] Phase: BattleResult → Reward
[GameManager] Phase: Reward → MapNavigation
[GameManager] MoveToNode: r3_l0 (phase=MapNavigation)
[GameManager] タイル起動: 戦闘 (r3_l0)
[GameManager] エンカウント: リザードマン
[GameManager] Phase: MapNavigation → Combat
[GameManager] Phase: Combat → BattleResult
[GameManager] 戦闘結果: リザードマン — 勝利 (8T) 残HP:25
[GameManager] Phase: BattleResult → Reward
[GameManager] Phase: Reward → MapNavigation
[GameManager] MoveToNode: r4_l0 (phase=MapNavigation)
[GameManager] タイル起動: 戦闘 (r4_l0)
[GameManager] エンカウント: 鏡の双子
[GameManager] Phase: MapNavigation → Combat
[GameManager] Phase: Combat → BattleResult
[GameManager] 戦闘結果: 鏡の双子 — 勝利 (10T) 残HP:25
[GameManager] Phase: BattleResult → Reward
[GameManager] Phase: Reward → MapNavigation
[GameManager] MoveToNode: r5_l1 (phase=MapNavigation)
[GameManager] タイル起動: 戦闘 (r5_l1)
[GameManager] エンカウント: オーク
[GameManager] Phase: MapNavigation → Combat
[GameManager] Phase: Combat → BattleResult
[GameManager] 戦闘結果: オーク — 勝利 (5T) 残HP:25
[GameManager] Phase: BattleResult → Reward
[GameManager] Phase: Reward → MapNavigation
[AutoRunner] ラストスタンド発動 (Floor 5)
[AutoRunner] === RUN 28 終了: R6 (5F道中/カルマで死亡) — 敗北 cause=CombatLoss ===

########## RUN 29  [DEADLOCK デッドロック]  移動先なし(MapNavigation)
# reached F4 HP 1/1 coins 106 combats 13/14 LS=True
[GameManager] Phase: GameOver → Title
[GameManager] Phase: Title → RunStart
[GameManager] === ラン開始 === HP:30
[GameManager] Phase: RunStart → FloorIntro
[GameManager] --- フロア 1 [残光の加護] ---
[GameManager] Phase: FloorIntro → MapNavigation
[GameManager] MoveToNode: r1_l1 (phase=MapNavigation)
[GameManager] タイル起動: 戦闘 (r1_l1)
[GameManager] エンカウント: ゴブリン
[GameManager] Phase: MapNavigation → Combat
[GameManager] Phase: Combat → BattleResult
[GameManager] 戦闘結果: ゴブリン — 勝利 (2T) 残HP:30
[GameManager] Phase: BattleResult → Reward
[GameManager] Phase: Reward → MapNavigation
[GameManager] MoveToNode: r2_l2 (phase=MapNavigation)
[GameManager] タイル起動: 戦闘 (r2_l2)
[GameManager] エンカウント: ゴブリン
[GameManager] Phase: MapNavigation → Combat
[GameManager] Phase: Combat → BattleResult
[GameManager] 戦闘結果: ゴブリン — 勝利 (1T) 残HP:30
[GameManager] Phase: BattleResult → Reward
[GameManager] Phase: Reward → MapNavigation
[GameManager] MoveToNode: r3_l1 (phase=MapNavigation)
[GameManager] タイル起動: 戦闘 (r3_l1)
[GameManager] エンカウント: ゴブリン
[GameManager] Phase: MapNavigation → Combat
[GameManager] Phase: Combat → BattleResult
[GameManager] 戦闘結果: ゴブリン — 勝利 (2T) 残HP:30
[GameManager] Phase: BattleResult → Reward
[GameManager] Phase: Reward → MapNavigation
[GameManager] MoveToNode: r4_l1 (phase=MapNavigation)
[GameManager] タイル起動: ショップ (r4_l1)
[GameManager] EnterShop called
[GameManager] MapTransitionController.Instance = null
[GameManager] Phase: MapNavigation → ShopVisit
[GameManager] Phase: ShopVisit → MapNavigation
[GameManager] MoveToNode: r5_l0 (phase=MapNavigation)
[GameManager] タイル起動: 秘宝 (r5_l0)
[GameManager] 宝箱: ゴールド+5, 死神の数珠
[GameManager] Phase: MapNavigation → TreasureOpen
[GameManager] Phase: TreasureOpen → MapNavigation
[GameManager] MoveToNode: r6_l0 (phase=MapNavigation)
[GameManager] タイル起動: 戦闘 (r6_l0)
[GameManager] エンカウント: ゴブリン
[GameManager] Phase: MapNavigation → Combat
[GameManager] Phase: Combat → BattleResult
[GameManager] 戦闘結果: ゴブリン — 勝利 (3T) 残HP:30
[GameManager] Phase: BattleResult → Reward
[GameManager] Phase: Reward → MapNavigation
[GameManager] MoveToNode: r7_l0 (phase=MapNavigation)
[GameManager] タイル起動: イベント (r7_l0)
[GameManager] Phase: MapNavigation → EventEncounter
[GameManager] Phase: EventEncounter → MapNavigation
[GameManager] MoveToNode: r8_l0 (phase=MapNavigation)
[GameManager] タイル起動: 秘宝 (r8_l0)
[GameManager] 宝箱: ゴールド+2, 宝石のダイス
[GameManager] Phase: MapNavigation → TreasureOpen
[GameManager] Phase: TreasureOpen → MapNavigation
[GameManager] MoveToNode: r9_l0 (phase=MapNavigation)
[GameManager] タイル起動: 休憩 (r9_l0)
[GameManager] Phase: MapNavigation → RestStop
[GameManager] 休憩回復: +9HP (30%) (現在: 30/30)
[GameManager] Phase: RestStop → MapNavigation
[GameManager] MoveToNode: boss (phase=MapNavigation)
[GameManager] タイル起動: ボス (boss)
[GameManager] ボス 'boss_layer1' 未定義 — フロア1のプールから抽選
[GameManager] ボス戦: ゴブリン
[GameManager] Phase: MapNavigation → Combat
[GameManager] Phase: Combat → BattleResult
[GameManager] 戦闘結果: ゴブリン — 勝利 (5T) 残HP:29
[GameManager] Phase: BattleResult → Reward
[GameManager] Phase: Reward → FloorClear
[GameManager] フロア1クリア → 次へ
[GameManager] 層デバフ: MaxHP-5 → 25
[GameManager] Phase: FloorClear → FloorIntro
[GameManager] --- フロア 2 [嘆きの共鳴] ---
[GameManager] Phase: FloorIntro → MapNavigation
[GameManager] MoveToNode: r1_l0 (phase=MapNavigation)
[GameManager] タイル起動: 秘宝 (r1_l0)
[GameManager] 宝箱: ゴールド+12, 力帯
[GameManager] Phase: MapNavigation → TreasureOpen
[GameManager] Phase: TreasureOpen → MapNavigation
[GameManager] MoveToNode: r2_l0 (phase=MapNavigation)
[GameManager] タイル起動: 戦闘 (r2_l0)
[GameManager] エンカウント: スライム
[GameManager] Phase: MapNavigation → Combat
[GameManager] Phase: Combat → BattleResult
[GameManager] 戦闘結果: スライム — 勝利 (2T) 残HP:25
[GameManager] Phase: BattleResult → Reward
[GameManager] Phase: Reward → MapNavigation
[GameManager] MoveToNode: r3_l0 (phase=MapNavigation)
[GameManager] タイル起動: 休憩 (r3_l0)
[GameManager] Phase: MapNavigation → RestStop
[GameManager] 休憩回復: +8HP (30%) (現在: 25/25)
[GameManager] Phase: RestStop → MapNavigation
[GameManager] MoveToNode: r4_l0 (phase=MapNavigation)
[GameManager] タイル起動: 秘宝 (r4_l0)
[GameManager] 宝箱: ゴールド+12, 鷹の眼
[GameManager] Phase: MapNavigation → TreasureOpen
[GameManager] Phase: TreasureOpen → MapNavigation
[GameManager] MoveToNode: r5_l0 (phase=MapNavigation)
[GameManager] タイル起動: 戦闘 (r5_l0)
[GameManager] エンカウント: ゴブリン王
[GameManager] Phase: MapNavigation → Combat
[GameManager] Phase: Combat → BattleResult
[GameManager] 戦闘結果: ゴブリン王 — 勝利 (6T) 残HP:25
[GameManager] Phase: BattleResult → Reward
[GameManager] Phase: Reward → MapNavigation
[GameManager] MoveToNode: r6_l0 (phase=MapNavigation)
[GameManager] タイル起動: イベント (r6_l0)
[GameManager] Phase: MapNavigation → EventEncounter
[GameManager] Phase: EventEncounter → MapNavigation
[GameManager] MoveToNode: r7_l0 (phase=MapNavigation)
[GameManager] タイル起動: イベント (r7_l0)
[GameManager] Phase: MapNavigation → EventEncounter
[GameManager] Phase: EventEncounter → MapNavigation
[GameManager] MoveToNode: r8_l0 (phase=MapNavigation)
[GameManager] 空腹ダメージ: 1 (HP: 24/25)
[GameManager] タイル起動: 秘宝 (r8_l0)
[GameManager] 宝箱: ゴールド+10, 治癒の指輪
[GameManager] Phase: MapNavigation → TreasureOpen
[GameManager] Phase: TreasureOpen → MapNavigation
[GameManager] MoveToNode: r9_l0 (phase=MapNavigation)
[GameManager] 空腹ダメージ: 1 (HP: 23/25)
[GameManager] タイル起動: 休憩 (r9_l0)
[GameManager] Phase: MapNavigation → RestStop
[GameManager] 休憩回復: +8HP (30%) (現在: 25/25)
[GameManager] Phase: RestStop → MapNavigation
[GameManager] MoveToNode: boss (phase=MapNavigation)
[GameManager] 空腹ダメージ: 1 (HP: 24/25)
[GameManager] タイル起動: ボス (boss)
[GameManager] ボス戦: ゴブリン王
[GameManager] Phase: MapNavigation → Combat
[GameManager] Phase: Combat → BattleResult
[GameManager] 戦闘結果: ゴブリン王 — 勝利 (8T) 残HP:24
[GameManager] Phase: BattleResult → Reward
[GameManager] Phase: Reward → FloorClear
[GameManager] フロア2クリア → 次へ
[GameManager] Phase: FloorClear → FloorIntro
[GameManager] --- フロア 3 [瘴気侵蝕] ---
[GameManager] Phase: FloorIntro → MapNavigation
[GameManager] MoveToNode: r1_l1 (phase=MapNavigation)
[GameManager] タイル起動: イベント (r1_l1)
[GameManager] Phase: MapNavigation → EventEncounter
[GameManager] Phase: EventEncounter → MapNavigation
[GameManager] MoveToNode: r2_l0 (phase=MapNavigation)
[GameManager] タイル起動: 秘宝 (r2_l0)
[GameManager] 宝箱: ゴールド+15, 黄金の天秤
[GameManager] Phase: MapNavigation → TreasureOpen
[GameManager] Phase: TreasureOpen → MapNavigation
[GameManager] MoveToNode: r3_l0 (phase=MapNavigation)
[GameManager] タイル起動: イベント (r3_l0)
[GameManager] Phase: MapNavigation → EventEncounter
[GameManager] Phase: EventEncounter → MapNavigation
[GameManager] MoveToNode: r4_l0 (phase=MapNavigation)
[GameManager] タイル起動: 罠 (r4_l0)
[GameManager] Phase: MapNavigation → TrapTriggered
[GameManager] Phase: TrapTriggered → MapNavigation
[GameManager] MoveToNode: r5_l0 (phase=MapNavigation)
[GameManager] タイル起動: 戦闘 (r5_l0)
[GameManager] エンカウント: オーク
[GameManager] Phase: MapNavigation → Combat
[GameManager] Phase: Combat → BattleResult
[GameManager] 戦闘結果: オーク — 勝利 (5T) 残HP:10
[GameManager] 層デバフ: 戦闘後2ダメージ (HP:8)
[GameManager] Phase: BattleResult → Reward
[GameManager] Phase: Reward → MapNavigation
[GameManager] MoveToNode: r6_l0 (phase=MapNavigation)
[GameManager] タイル起動: 戦闘 (r6_l0)
[GameManager] エンカウント: オーク
[GameManager] Phase: MapNavigation → Combat
[GameManager] Phase: Combat → BattleResult
[GameManager] 戦闘結果: オーク — 勝利 (3T) 残HP:8
[GameManager] 層デバフ: 戦闘後2ダメージ (HP:6)
[GameManager] Phase: BattleResult → Reward
[GameManager] Phase: Reward → MapNavigation
[GameManager] MoveToNode: r7_l0 (phase=MapNavigation)
[GameManager] タイル起動: イベント (r7_l0)
[GameManager] Phase: MapNavigation → EventEncounter
[GameManager] Phase: EventEncounter → MapNavigation
[GameManager] MoveToNode: r8_l0 (phase=MapNavigation)
[GameManager] タイル起動: 秘宝 (r8_l0)
[GameManager] 宝箱: ゴールド+21, 回復ポーション
[GameManager] Phase: MapNavigation → TreasureOpen
[GameManager] Phase: TreasureOpen → MapNavigation
[GameManager] MoveToNode: r9_l0 (phase=MapNavigation)
[GameManager] タイル起動: 休憩 (r9_l0)
[GameManager] Phase: MapNavigation → RestStop
[GameManager] 休憩回復: +13HP (50%) (現在: 16/25)
[GameManager] Phase: RestStop → MapNavigation
[GameManager] MoveToNode: boss (phase=MapNavigation)
[GameManager] タイル起動: ボス (boss)
[GameManager] ボス戦: 凍れる吟遊詩人
[GameManager] Phase: MapNavigation → Combat
[GameManager] Phase: Combat → BattleResult
[GameManager] 戦闘結果: 凍れる吟遊詩人 — 勝利 (5T) 残HP:16
[GameManager] 層デバフ: 戦闘後2ダメージ (HP:14)
[GameManager] Phase: BattleResult → Reward
[GameManager] Phase: Reward → FloorClear
[GameManager] フロア3クリア → 次へ
[GameManager] Phase: FloorClear → FloorIntro
[GameManager] --- フロア 4 [煉獄の刻印] ---
[GameManager] Phase: FloorIntro → MapNavigation
[GameManager] MoveToNode: r1_l1 (phase=MapNavigation)
[GameManager] タイル起動: 戦闘 (r1_l1)
[GameManager] エンカウント: ミノタウロス
[GameManager] Phase: MapNavigation → Combat
[GameManager] Phase: Combat → BattleResult
[GameManager] 戦闘結果: ミノタウロス — 勝利 (7T) 残HP:21
[GameManager] Phase: BattleResult → Reward
[GameManager] Phase: Reward → MapNavigation
[GameManager] MoveToNode: r2_l0 (phase=MapNavigation)
[GameManager] タイル起動: ショップ (r2_l0)
[GameManager] EnterShop called
[GameManager] MapTransitionController.Instance = null
[GameManager] Phase: MapNavigation → ShopVisit
[GameManager] Phase: ShopVisit → MapNavigation
[GameManager] MoveToNode: r3_l0 (phase=MapNavigation)
[GameManager] タイル起動: 罠 (r3_l0)
[GameManager] Phase: MapNavigation → TrapTriggered
[GameManager] Phase: TrapTriggered → MapNavigation
[GameManager] MoveToNode: r4_l1 (phase=MapNavigation)
[GameManager] タイル起動: ショップ (r4_l1)
[GameManager] EnterShop called
[GameManager] MapTransitionController.Instance = null
[GameManager] Phase: MapNavigation → ShopVisit
[GameManager] Phase: ShopVisit → MapNavigation
[GameManager] MoveToNode: r5_l1 (phase=MapNavigation)
[GameManager] タイル起動: イベント (r5_l1)
[GameManager] Phase: MapNavigation → EventEncounter
[GameManager] Phase: EventEncounter → MapNavigation
[GameManager] MoveToNode: r6_l1 (phase=MapNavigation)
[GameManager] タイル起動: ショップ (r6_l1)
[GameManager] EnterShop called
[GameManager] MapTransitionController.Instance = null
[GameManager] Phase: MapNavigation → ShopVisit
[GameManager] Phase: ShopVisit → MapNavigation
[GameManager] MoveToNode: r7_l1 (phase=MapNavigation)
[GameManager] タイル起動: 戦闘 (r7_l1)
[GameManager] エンカウント: ミノタウロス
[GameManager] Phase: MapNavigation → Combat
[GameManager] Phase: Combat → BattleResult
[GameManager] 戦闘結果: ミノタウロス — 勝利 (4T) 残HP:25
[GameManager] Phase: BattleResult → Reward
[GameManager] Phase: Reward → MapNavigation
[GameManager] MoveToNode: r8_l1 (phase=MapNavigation)
[GameManager] 空腹ダメージ: 5 (HP: 20/25)
[GameManager] タイル起動: 秘宝 (r8_l1)
[GameManager] 宝箱: ゴールド+28, 静寂のローブ
[GameManager] Phase: MapNavigation → TreasureOpen
[AutoRunner] ラストスタンド発動 (Floor 4)
[AutoRunner] === RUN 29 終了: DEADLOCK (デッドロック) — 移動先なし(MapNavigation) ===

########## RUN 30  [DEADLOCK デッドロック]  移動先なし(MapNavigation)
# reached F4 HP 1/1 coins 102 combats 21/22 LS=True
[GameManager] Phase: MapNavigation → RunStart
[GameManager] === ラン開始 === HP:30
[GameManager] Phase: RunStart → FloorIntro
[GameManager] --- フロア 1 [残光の加護] ---
[GameManager] Phase: FloorIntro → MapNavigation
[GameManager] MoveToNode: r1_l0 (phase=MapNavigation)
[GameManager] タイル起動: 戦闘 (r1_l0)
[GameManager] エンカウント: ゴブリン
[GameManager] Phase: MapNavigation → Combat
[GameManager] Phase: Combat → BattleResult
[GameManager] 戦闘結果: ゴブリン — 勝利 (1T) 残HP:30
[GameManager] Phase: BattleResult → Reward
[GameManager] Phase: Reward → MapNavigation
[GameManager] MoveToNode: r2_l1 (phase=MapNavigation)
[GameManager] タイル起動: 戦闘 (r2_l1)
[GameManager] エンカウント: スライム
[GameManager] Phase: MapNavigation → Combat
[GameManager] Phase: Combat → BattleResult
[GameManager] 戦闘結果: スライム — 勝利 (2T) 残HP:30
[GameManager] Phase: BattleResult → Reward
[GameManager] Phase: Reward → MapNavigation
[GameManager] MoveToNode: r3_l1 (phase=MapNavigation)
[GameManager] タイル起動: 戦闘 (r3_l1)
[GameManager] エンカウント: スライム
[GameManager] Phase: MapNavigation → Combat
[GameManager] Phase: Combat → BattleResult
[GameManager] 戦闘結果: スライム — 勝利 (4T) 残HP:30
[GameManager] Phase: BattleResult → Reward
[GameManager] Phase: Reward → MapNavigation
[GameManager] MoveToNode: r4_l1 (phase=MapNavigation)
[GameManager] タイル起動: 戦闘 (r4_l1)
[GameManager] エンカウント: スライム
[GameManager] Phase: MapNavigation → Combat
[GameManager] Phase: Combat → BattleResult
[GameManager] 戦闘結果: スライム — 勝利 (2T) 残HP:30
[GameManager] Phase: BattleResult → Reward
[GameManager] Phase: Reward → MapNavigation
[GameManager] MoveToNode: r5_l1 (phase=MapNavigation)
[GameManager] タイル起動: 戦闘 (r5_l1)
[GameManager] エンカウント: スライム
[GameManager] Phase: MapNavigation → Combat
[GameManager] Phase: Combat → BattleResult
[GameManager] 戦闘結果: スライム — 勝利 (1T) 残HP:30
[GameManager] Phase: BattleResult → Reward
[GameManager] Phase: Reward → MapNavigation
[GameManager] MoveToNode: r6_l1 (phase=MapNavigation)
[GameManager] タイル起動: イベント (r6_l1)
[GameManager] Phase: MapNavigation → EventEncounter
[GameManager] Phase: EventEncounter → MapNavigation
[GameManager] MoveToNode: r7_l1 (phase=MapNavigation)
[GameManager] タイル起動: イベント (r7_l1)
[GameManager] Phase: MapNavigation → EventEncounter
[GameManager] Phase: EventEncounter → MapNavigation
[GameManager] MoveToNode: r8_l1 (phase=MapNavigation)
[GameManager] タイル起動: 秘宝 (r8_l1)
[GameManager] 宝箱: ゴールド+7, 鋼の籠手
[GameManager] Phase: MapNavigation → TreasureOpen
[GameManager] Phase: TreasureOpen → MapNavigation
[GameManager] MoveToNode: r9_l1 (phase=MapNavigation)
[GameManager] タイル起動: 休憩 (r9_l1)
[GameManager] Phase: MapNavigation → RestStop
[GameManager] 休憩回復: +9HP (30%) (現在: 30/30)
[GameManager] Phase: RestStop → MapNavigation
[GameManager] MoveToNode: boss (phase=MapNavigation)
[GameManager] タイル起動: ボス (boss)
[GameManager] ボス 'boss_layer1' 未定義 — フロア1のプールから抽選
[GameManager] ボス戦: ゴブリン
[GameManager] Phase: MapNavigation → Combat
[GameManager] Phase: Combat → BattleResult
[GameManager] 戦闘結果: ゴブリン — 勝利 (2T) 残HP:30
[GameManager] Phase: BattleResult → Reward
[GameManager] Phase: Reward → FloorClear
[GameManager] フロア1クリア → 次へ
[GameManager] 層デバフ: MaxHP-5 → 25
[GameManager] Phase: FloorClear → FloorIntro
[GameManager] --- フロア 2 [嘆きの共鳴] ---
[GameManager] Phase: FloorIntro → MapNavigation
[GameManager] MoveToNode: r1_l1 (phase=MapNavigation)
[GameManager] タイル起動: 戦闘 (r1_l1)
[GameManager] エンカウント: スケルトン
[GameManager] Phase: MapNavigation → Combat
[GameManager] Phase: Combat → BattleResult
[GameManager] 戦闘結果: スケルトン — 勝利 (5T) 残HP:24
[GameManager] Phase: BattleResult → Reward
[GameManager] Phase: Reward → MapNavigation
[GameManager] MoveToNode: r2_l1 (phase=MapNavigation)
[GameManager] タイル起動: 秘宝 (r2_l1)
[GameManager] 宝箱: ゴールド+4, 革の胸当て
[GameManager] Phase: MapNavigation → TreasureOpen
[GameManager] Phase: TreasureOpen → MapNavigation
[GameManager] MoveToNode: r3_l2 (phase=MapNavigation)
[GameManager] タイル起動: 戦闘 (r3_l2)
[GameManager] エンカウント: コボルド
[GameManager] Phase: MapNavigation → Combat
[GameManager] Phase: Combat → BattleResult
[GameManager] 戦闘結果: コボルド — 勝利 (3T) 残HP:23
[GameManager] Phase: BattleResult → Reward
[GameManager] Phase: Reward → MapNavigation
[GameManager] MoveToNode: r4_l2 (phase=MapNavigation)
[GameManager] タイル起動: 戦闘 (r4_l2)
[GameManager] エンカウント: ゴブリン
[GameManager] Phase: MapNavigation → Combat
[GameManager] Phase: Combat → BattleResult
[GameManager] 戦闘結果: ゴブリン — 勝利 (1T) 残HP:23
[GameManager] Phase: BattleResult → Reward
[GameManager] Phase: Reward → MapNavigation
[GameManager] MoveToNode: r5_l2 (phase=MapNavigation)
[GameManager] タイル起動: 秘宝 (r5_l2)
[GameManager] 宝箱: ゴールド+8, 投げ短剣の鞘
[GameManager] Phase: MapNavigation → TreasureOpen
[GameManager] Phase: TreasureOpen → MapNavigation
[GameManager] MoveToNode: r6_l2 (phase=MapNavigation)
[GameManager] タイル起動: ショップ (r6_l2)
[GameManager] EnterShop called
[GameManager] MapTransitionController.Instance = null
[GameManager] Phase: MapNavigation → ShopVisit
[GameManager] Phase: ShopVisit → MapNavigation
[GameManager] MoveToNode: r7_l2 (phase=MapNavigation)
[GameManager] タイル起動: 戦闘 (r7_l2)
[GameManager] エンカウント: ゴブリン王
[GameManager] Phase: MapNavigation → Combat
[GameManager] Phase: Combat → BattleResult
[GameManager] 戦闘結果: ゴブリン王 — 勝利 (6T) 残HP:23
[GameManager] Phase: BattleResult → Reward
[GameManager] Phase: Reward → MapNavigation
[GameManager] MoveToNode: r8_l2 (phase=MapNavigation)
[GameManager] タイル起動: 秘宝 (r8_l2)
[GameManager] 宝箱: ゴールド+6, 静寂のローブ
[GameManager] Phase: MapNavigation → TreasureOpen
[GameManager] Phase: TreasureOpen → MapNavigation
[GameManager] MoveToNode: r9_l2 (phase=MapNavigation)
[GameManager] タイル起動: 休憩 (r9_l2)
[GameManager] Phase: MapNavigation → RestStop
[GameManager] 休憩回復: +8HP (30%) (現在: 25/25)
[GameManager] Phase: RestStop → MapNavigation
[GameManager] MoveToNode: boss (phase=MapNavigation)
[GameManager] タイル起動: ボス (boss)
[GameManager] ボス戦: ゴブリン王
[GameManager] Phase: MapNavigation → Combat
[GameManager] Phase: Combat → BattleResult
[GameManager] 戦闘結果: ゴブリン王 — 勝利 (3T) 残HP:25
[GameManager] Phase: BattleResult → Reward
[GameManager] Phase: Reward → FloorClear
[GameManager] フロア2クリア → 次へ
[GameManager] Phase: FloorClear → FloorIntro
[GameManager] --- フロア 3 [瘴気侵蝕] ---
[GameManager] Phase: FloorIntro → MapNavigation
[GameManager] MoveToNode: r1_l0 (phase=MapNavigation)
[GameManager] タイル起動: 戦闘 (r1_l0)
[GameManager] エンカウント: オーク
[GameManager] Phase: MapNavigation → Combat
[GameManager] Phase: Combat → BattleResult
[GameManager] 戦闘結果: オーク — 勝利 (5T) 残HP:25
[GameManager] 層デバフ: 戦闘後2ダメージ (HP:23)
[GameManager] Phase: BattleResult → Reward
[GameManager] Phase: Reward → MapNavigation
[GameManager] MoveToNode: r2_l0 (phase=MapNavigation)
[GameManager] タイル起動: イベント (r2_l0)
[GameManager] Phase: MapNavigation → EventEncounter
[GameManager] イベント戦闘: ダイアウルフ (elite=True)
[GameManager] Phase: EventEncounter → Combat
[GameManager] Phase: Combat → BattleResult
[GameManager] 戦闘結果: ダイアウルフ — 勝利 (3T) 残HP:22
[GameManager] 層デバフ: 戦闘後2ダメージ (HP:20)
[GameManager] Phase: BattleResult → MapNavigation
[GameManager] MoveToNode: r3_l0 (phase=MapNavigation)
[GameManager] タイル起動: 戦闘 (r3_l0)
[GameManager] エンカウント: ゴブリン王
[GameManager] Phase: MapNavigation → Combat
[GameManager] Phase: Combat → BattleResult
[GameManager] 戦闘結果: ゴブリン王 — 勝利 (5T) 残HP:20
[GameManager] 層デバフ: 戦闘後2ダメージ (HP:18)
[GameManager] Phase: BattleResult → Reward
[GameManager] Phase: Reward → MapNavigation
[GameManager] MoveToNode: r4_l0 (phase=MapNavigation)
[GameManager] タイル起動: 戦闘 (r4_l0)
[GameManager] エンカウント: 凍れる吟遊詩人
[GameManager] Phase: MapNavigation → Combat
[GameManager] Phase: Combat → BattleResult
[GameManager] 戦闘結果: 凍れる吟遊詩人 — 勝利 (8T) 残HP:18
[GameManager] 層デバフ: 戦闘後2ダメージ (HP:16)
[GameManager] Phase: BattleResult → Reward
[GameManager] Phase: Reward → MapNavigation
[GameManager] MoveToNode: r5_l0 (phase=MapNavigation)
[GameManager] タイル起動: ショップ (r5_l0)
[GameManager] EnterShop called
[GameManager] MapTransitionController.Instance = null
[GameManager] Phase: MapNavigation → ShopVisit
[GameManager] Phase: ShopVisit → MapNavigation
[GameManager] MoveToNode: r6_l0 (phase=MapNavigation)
[GameManager] タイル起動: 戦闘 (r6_l0)
[GameManager] エンカウント: ゴブリン王
[GameManager] Phase: MapNavigation → Combat
[GameManager] Phase: Combat → BattleResult
[GameManager] 戦闘結果: ゴブリン王 — 勝利 (6T) 残HP:16
[GameManager] 層デバフ: 戦闘後2ダメージ (HP:14)
[GameManager] Phase: BattleResult → Reward
[GameManager] Phase: Reward → MapNavigation
[GameManager] MoveToNode: r7_l1 (phase=MapNavigation)
[GameManager] タイル起動: 戦闘 (r7_l1)
[GameManager] エンカウント: 凍れる吟遊詩人
[GameManager] Phase: MapNavigation → Combat
[GameManager] Phase: Combat → BattleResult
[GameManager] 戦闘結果: 凍れる吟遊詩人 — 勝利 (6T) 残HP:14
[GameManager] 層デバフ: 戦闘後2ダメージ (HP:12)
[GameManager] Phase: BattleResult → Reward
[GameManager] Phase: Reward → MapNavigation
[GameManager] MoveToNode: r8_l1 (phase=MapNavigation)
[GameManager] タイル起動: 秘宝 (r8_l1)
[GameManager] 宝箱: ゴールド+15, 投げ短剣の鞘
[GameManager] Phase: MapNavigation → TreasureOpen
[GameManager] Phase: TreasureOpen → MapNavigation
[GameManager] MoveToNode: r9_l1 (phase=MapNavigation)
[GameManager] タイル起動: 休憩 (r9_l1)
[GameManager] Phase: MapNavigation → RestStop
[GameManager] 休憩回復: +13HP (50%) (現在: 25/25)
[GameManager] Phase: RestStop → MapNavigation
[GameManager] MoveToNode: boss (phase=MapNavigation)
[GameManager] タイル起動: ボス (boss)
[GameManager] ボス戦: 凍れる吟遊詩人
[GameManager] Phase: MapNavigation → Combat
[GameManager] Phase: Combat → BattleResult
[GameManager] 戦闘結果: 凍れる吟遊詩人 — 勝利 (5T) 残HP:25
[GameManager] 層デバフ: 戦闘後2ダメージ (HP:23)
[GameManager] Phase: BattleResult → Reward
[GameManager] Phase: Reward → FloorClear
[GameManager] フロア3クリア → 次へ
[GameManager] Phase: FloorClear → FloorIntro
[GameManager] --- フロア 4 [煉獄の刻印] ---
[GameManager] Phase: FloorIntro → MapNavigation
[GameManager] MoveToNode: r1_l0 (phase=MapNavigation)
[GameManager] タイル起動: 秘宝 (r1_l0)
[GameManager] 宝箱: ゴールド+8, 安らぎの靴
[GameManager] Phase: MapNavigation → TreasureOpen
[GameManager] Phase: TreasureOpen → MapNavigation
[GameManager] MoveToNode: r2_l0 (phase=MapNavigation)
[GameManager] タイル起動: 罠 (r2_l0)
[GameManager] Phase: MapNavigation → TrapTriggered
[GameManager] Phase: TrapTriggered → MapNavigation
[GameManager] MoveToNode: r3_l0 (phase=MapNavigation)
[GameManager] タイル起動: 戦闘 (r3_l0)
[GameManager] エンカウント: ゴブリン
[GameManager] Phase: MapNavigation → Combat
[GameManager] Phase: Combat → BattleResult
[GameManager] 戦闘結果: ゴブリン — 勝利 (1T) 残HP:25
[GameManager] Phase: BattleResult → Reward
[GameManager] Phase: Reward → MapNavigation
[GameManager] MoveToNode: r4_l0 (phase=MapNavigation)
[GameManager] タイル起動: ショップ (r4_l0)
[GameManager] EnterShop called
[AutoRunner] ラストスタンド発動 (Floor 4)
[AutoRunner] === RUN 30 終了: DEADLOCK (デッドロック) — 移動先なし(MapNavigation) ===

########## RUN 31  [R5 4Fで死亡]  敗北 cause=CombatLoss
# reached F4 HP 0/1 coins 129 combats 20/22 LS=True
[GameManager] Phase: MapNavigation → RunStart
[GameManager] === ラン開始 === HP:30
[GameManager] Phase: RunStart → FloorIntro
[GameManager] --- フロア 1 [残光の加護] ---
[GameManager] Phase: FloorIntro → MapNavigation
[GameManager] MoveToNode: r1_l0 (phase=MapNavigation)
[GameManager] タイル起動: 激戦 (r1_l0)
[GameManager] エンカウント: ゴブリン
[GameManager] Phase: MapNavigation → Combat
[GameManager] Phase: Combat → BattleResult
[GameManager] 戦闘結果: ゴブリン — 勝利 (1T) 残HP:30
[GameManager] 激戦2戦目: スライム
[GameManager] Phase: BattleResult → Combat
[GameManager] Phase: Combat → BattleResult
[GameManager] 戦闘結果: スライム — 勝利 (3T) 残HP:30
[GameManager] Phase: BattleResult → Reward
[GameManager] Phase: Reward → MapNavigation
[GameManager] MoveToNode: r2_l0 (phase=MapNavigation)
[GameManager] タイル起動: 戦闘 (r2_l0)
[GameManager] エンカウント: ゴブリン
[GameManager] Phase: MapNavigation → Combat
[GameManager] Phase: Combat → BattleResult
[GameManager] 戦闘結果: ゴブリン — 勝利 (6T) 残HP:30
[GameManager] Phase: BattleResult → Reward
[GameManager] Phase: Reward → MapNavigation
[GameManager] MoveToNode: r3_l0 (phase=MapNavigation)
[GameManager] タイル起動: 戦闘 (r3_l0)
[GameManager] エンカウント: ゴブリン
[GameManager] Phase: MapNavigation → Combat
[GameManager] Phase: Combat → BattleResult
[GameManager] 戦闘結果: ゴブリン — 勝利 (2T) 残HP:30
[GameManager] Phase: BattleResult → Reward
[GameManager] Phase: Reward → MapNavigation
[GameManager] MoveToNode: r4_l1 (phase=MapNavigation)
[GameManager] タイル起動: 戦闘 (r4_l1)
[GameManager] エンカウント: スライム
[GameManager] Phase: MapNavigation → Combat
[GameManager] Phase: Combat → BattleResult
[GameManager] 戦闘結果: スライム — 勝利 (3T) 残HP:30
[GameManager] Phase: BattleResult → Reward
[GameManager] Phase: Reward → MapNavigation
[GameManager] MoveToNode: r5_l0 (phase=MapNavigation)
[GameManager] タイル起動: 戦闘 (r5_l0)
[GameManager] エンカウント: スライム
[GameManager] Phase: MapNavigation → Combat
[GameManager] Phase: Combat → BattleResult
[GameManager] 戦闘結果: スライム — 勝利 (3T) 残HP:30
[GameManager] Phase: BattleResult → Reward
[GameManager] Phase: Reward → MapNavigation
[GameManager] MoveToNode: r6_l0 (phase=MapNavigation)
[GameManager] タイル起動: 激戦 (r6_l0)
[GameManager] エンカウント: ゴブリン
[GameManager] Phase: MapNavigation → Combat
[GameManager] Phase: Combat → BattleResult
[GameManager] 戦闘結果: ゴブリン — 勝利 (3T) 残HP:30
[GameManager] 激戦2戦目: スライム
[GameManager] Phase: BattleResult → Combat
[GameManager] Phase: Combat → BattleResult
[GameManager] 戦闘結果: スライム — 勝利 (1T) 残HP:30
[GameManager] Phase: BattleResult → Reward
[GameManager] Phase: Reward → MapNavigation
[GameManager] MoveToNode: r7_l0 (phase=MapNavigation)
[GameManager] タイル起動: 戦闘 (r7_l0)
[GameManager] エンカウント: スライム
[GameManager] Phase: MapNavigation → Combat
[GameManager] Phase: Combat → BattleResult
[GameManager] 戦闘結果: スライム — 勝利 (2T) 残HP:30
[GameManager] Phase: BattleResult → Reward
[GameManager] Phase: Reward → MapNavigation
[GameManager] MoveToNode: r8_l0 (phase=MapNavigation)
[GameManager] タイル起動: 秘宝 (r8_l0)
[GameManager] 宝箱: ゴールド+3, 観察者の眼鏡
[GameManager] Phase: MapNavigation → TreasureOpen
[GameManager] Phase: TreasureOpen → MapNavigation
[GameManager] MoveToNode: r9_l0 (phase=MapNavigation)
[GameManager] タイル起動: 休憩 (r9_l0)
[GameManager] Phase: MapNavigation → RestStop
[GameManager] 休憩回復: +9HP (30%) (現在: 30/30)
[GameManager] Phase: RestStop → MapNavigation
[GameManager] MoveToNode: boss (phase=MapNavigation)
[GameManager] タイル起動: ボス (boss)
[GameManager] ボス 'boss_layer1' 未定義 — フロア1のプールから抽選
[GameManager] ボス戦: ゴブリン
[GameManager] Phase: MapNavigation → Combat
[GameManager] Phase: Combat → BattleResult
[GameManager] 戦闘結果: ゴブリン — 勝利 (2T) 残HP:30
[GameManager] Phase: BattleResult → Reward
[GameManager] Phase: Reward → FloorClear
[GameManager] フロア1クリア → 次へ
[GameManager] 層デバフ: MaxHP-5 → 25
[GameManager] Phase: FloorClear → FloorIntro
[GameManager] --- フロア 2 [嘆きの共鳴] ---
[GameManager] Phase: FloorIntro → MapNavigation
[GameManager] MoveToNode: r1_l0 (phase=MapNavigation)
[GameManager] タイル起動: 戦闘 (r1_l0)
[GameManager] エンカウント: コボルド
[GameManager] Phase: MapNavigation → Combat
[GameManager] Phase: Combat → BattleResult
[GameManager] 戦闘結果: コボルド — 勝利 (7T) 残HP:22
[GameManager] Phase: BattleResult → Reward
[GameManager] Phase: Reward → MapNavigation
[GameManager] MoveToNode: r2_l0 (phase=MapNavigation)
[GameManager] タイル起動: 戦闘 (r2_l0)
[GameManager] エンカウント: 13番目の死
[GameManager] Phase: MapNavigation → Combat
[GameManager] Phase: Combat → BattleResult
[GameManager] 戦闘結果: 13番目の死 — 勝利 (3T) 残HP:22
[GameManager] Phase: BattleResult → Reward
[GameManager] Phase: Reward → MapNavigation
[GameManager] MoveToNode: r3_l0 (phase=MapNavigation)
[GameManager] タイル起動: 戦闘 (r3_l0)
[GameManager] エンカウント: コボルド
[GameManager] Phase: MapNavigation → Combat
[GameManager] Phase: Combat → BattleResult
[GameManager] 戦闘結果: コボルド — 勝利 (6T) 残HP:21
[GameManager] Phase: BattleResult → Reward
[GameManager] Phase: Reward → MapNavigation
[GameManager] MoveToNode: r4_l0 (phase=MapNavigation)
[GameManager] タイル起動: ショップ (r4_l0)
[GameManager] EnterShop called
[GameManager] MapTransitionController.Instance = null
[GameManager] Phase: MapNavigation → ShopVisit
[GameManager] Phase: ShopVisit → MapNavigation
[GameManager] MoveToNode: r5_l1 (phase=MapNavigation)
[GameManager] タイル起動: 休憩 (r5_l1)
[GameManager] Phase: MapNavigation → RestStop
[GameManager] 休憩回復: +8HP (30%) (現在: 25/25)
[GameManager] Phase: RestStop → MapNavigation
[GameManager] MoveToNode: r6_l2 (phase=MapNavigation)
[GameManager] タイル起動: 戦闘 (r6_l2)
[GameManager] エンカウント: 13番目の死
[GameManager] Phase: MapNavigation → Combat
[GameManager] Phase: Combat → BattleResult
[GameManager] 戦闘結果: 13番目の死 — 勝利 (2T) 残HP:25
[GameManager] Phase: BattleResult → Reward
[GameManager] Phase: Reward → MapNavigation
[GameManager] MoveToNode: r7_l2 (phase=MapNavigation)
[GameManager] タイル起動: 戦闘 (r7_l2)
[GameManager] エンカウント: スライム
[GameManager] Phase: MapNavigation → Combat
[GameManager] Phase: Combat → BattleResult
[GameManager] 戦闘結果: スライム — 勝利 (1T) 残HP:25
[GameManager] Phase: BattleResult → Reward
[GameManager] Phase: Reward → MapNavigation
[GameManager] MoveToNode: r8_l2 (phase=MapNavigation)
[GameManager] タイル起動: 秘宝 (r8_l2)
[GameManager] 宝箱: ゴールド+12, 鋼の籠手
[GameManager] Phase: MapNavigation → TreasureOpen
[GameManager] Phase: TreasureOpen → MapNavigation
[GameManager] MoveToNode: r9_l2 (phase=MapNavigation)
[GameManager] タイル起動: 休憩 (r9_l2)
[GameManager] Phase: MapNavigation → RestStop
[GameManager] 休憩回復: +8HP (30%) (現在: 25/25)
[GameManager] Phase: RestStop → MapNavigation
[GameManager] MoveToNode: boss (phase=MapNavigation)
[GameManager] タイル起動: ボス (boss)
[GameManager] ボス戦: ゴブリン王
[GameManager] Phase: MapNavigation → Combat
[GameManager] Phase: Combat → BattleResult
[GameManager] 戦闘結果: ゴブリン王 — 勝利 (12T) 残HP:18
[GameManager] Phase: BattleResult → Reward
[GameManager] Phase: Reward → FloorClear
[GameManager] フロア2クリア → 次へ
[GameManager] Phase: FloorClear → FloorIntro
[GameManager] --- フロア 3 [瘴気侵蝕] ---
[GameManager] Phase: FloorIntro → MapNavigation
[GameManager] MoveToNode: r1_l0 (phase=MapNavigation)
[GameManager] タイル起動: ショップ (r1_l0)
[GameManager] EnterShop called
[GameManager] MapTransitionController.Instance = null
[GameManager] Phase: MapNavigation → ShopVisit
[GameManager] Phase: ShopVisit → MapNavigation
[GameManager] MoveToNode: r2_l0 (phase=MapNavigation)
[GameManager] タイル起動: 秘宝 (r2_l0)
[GameManager] 宝箱: ゴールド+21, 静寂のローブ
[GameManager] Phase: MapNavigation → TreasureOpen
[GameManager] Phase: TreasureOpen → MapNavigation
[GameManager] MoveToNode: r3_l0 (phase=MapNavigation)
[GameManager] タイル起動: 戦闘 (r3_l0)
[GameManager] エンカウント: ゴブリン王
[GameManager] Phase: MapNavigation → Combat
[GameManager] Phase: Combat → BattleResult
[GameManager] 戦闘結果: ゴブリン王 — 勝利 (6T) 残HP:25
[GameManager] 層デバフ: 戦闘後2ダメージ (HP:23)
[GameManager] Phase: BattleResult → Reward
[GameManager] Phase: Reward → MapNavigation
[GameManager] MoveToNode: r4_l0 (phase=MapNavigation)
[GameManager] タイル起動: 戦闘 (r4_l0)
[GameManager] エンカウント: ゴブリン
[GameManager] Phase: MapNavigation → Combat
[GameManager] Phase: Combat → BattleResult
[GameManager] 戦闘結果: ゴブリン — 勝利 (4T) 残HP:21
[GameManager] 層デバフ: 戦闘後2ダメージ (HP:19)
[GameManager] Phase: BattleResult → Reward
[GameManager] Phase: Reward → MapNavigation
[GameManager] MoveToNode: r5_l0 (phase=MapNavigation)
[GameManager] タイル起動: 戦闘 (r5_l0)
[GameManager] エンカウント: ダイアウルフ
[GameManager] Phase: MapNavigation → Combat
[GameManager] Phase: Combat → BattleResult
[GameManager] 戦闘結果: ダイアウルフ — 勝利 (3T) 残HP:17
[GameManager] 層デバフ: 戦闘後2ダメージ (HP:15)
[GameManager] Phase: BattleResult → Reward
[GameManager] Phase: Reward → MapNavigation
[GameManager] MoveToNode: r6_l0 (phase=MapNavigation)
[GameManager] タイル起動: 戦闘 (r6_l0)
[GameManager] エンカウント: オーク
[GameManager] Phase: MapNavigation → Combat
[GameManager] Phase: Combat → BattleResult
[GameManager] 戦闘結果: オーク — 敗北 (5T) 残HP:0
[GameManager] 救済発動: マップへ戻る
[GameManager] Phase: BattleResult → MapNavigation
[AutoRunner] ラストスタンド発動 (Floor 3)
[GameManager] MoveToNode: r7_l0 (phase=MapNavigation)
[GameManager] タイル起動: 休憩 (r7_l0)
[GameManager] Phase: MapNavigation → RestStop
[GameManager] 休憩回復: +1HP (50%) (現在: 1/1)
[GameManager] Phase: RestStop → MapNavigation
[GameManager] MoveToNode: r8_l0 (phase=MapNavigation)
[GameManager] タイル起動: 秘宝 (r8_l0)
[GameManager] 宝箱: ゴールド+0, 回復ポーション
[GameManager] Phase: MapNavigation → TreasureOpen
[GameManager] Phase: TreasureOpen → MapNavigation
[GameManager] MoveToNode: r9_l0 (phase=MapNavigation)
[GameManager] タイル起動: 休憩 (r9_l0)
[GameManager] Phase: MapNavigation → RestStop
[GameManager] 休憩回復: +1HP (50%) (現在: 1/1)
[GameManager] Phase: RestStop → MapNavigation
[GameManager] MoveToNode: boss (phase=MapNavigation)
[GameManager] タイル起動: ボス (boss)
[GameManager] ボス戦: 凍れる吟遊詩人
[GameManager] Phase: MapNavigation → Combat
[GameManager] Phase: Combat → BattleResult
[GameManager] 戦闘結果: 凍れる吟遊詩人 — 勝利 (7T) 残HP:1
[GameManager] 層デバフ: 戦闘後2ダメージ (HP:1)
[GameManager] Phase: BattleResult → Reward
[GameManager] Phase: Reward → FloorClear
[GameManager] フロア3クリア → 次へ
[GameManager] Phase: FloorClear → FloorIntro
[GameManager] --- フロア 4 [煉獄の刻印] ---
[GameManager] Phase: FloorIntro → MapNavigation
[GameManager] MoveToNode: r1_l0 (phase=MapNavigation)
[GameManager] タイル起動: 罠 (r1_l0)
[GameManager] Phase: MapNavigation → TrapTriggered
[GameManager] Phase: TrapTriggered → MapNavigation
[GameManager] MoveToNode: r2_l1 (phase=MapNavigation)
[GameManager] タイル起動: イベント (r2_l1)
[GameManager] Phase: MapNavigation → EventEncounter
[GameManager] Phase: EventEncounter → MapNavigation
[GameManager] MoveToNode: r3_l0 (phase=MapNavigation)
[AutoRunner] === RUN 31 終了: R5 (4Fで死亡) — 敗北 cause=CombatLoss ===

########## RUN 32  [R5 4Fで死亡]  敗北 cause=Starvation
# reached F4 HP 0/1 coins 174 combats 15/15 LS=True
[GameManager] Phase: GameOver → Title
[GameManager] Phase: Title → RunStart
[GameManager] === ラン開始 === HP:30
[GameManager] Phase: RunStart → FloorIntro
[GameManager] --- フロア 1 [残光の加護] ---
[GameManager] Phase: FloorIntro → MapNavigation
[GameManager] MoveToNode: r1_l2 (phase=MapNavigation)
[GameManager] タイル起動: 戦闘 (r1_l2)
[GameManager] エンカウント: スライム
[GameManager] Phase: MapNavigation → Combat
[GameManager] Phase: Combat → BattleResult
[GameManager] 戦闘結果: スライム — 勝利 (2T) 残HP:30
[GameManager] Phase: BattleResult → Reward
[GameManager] Phase: Reward → MapNavigation
[GameManager] MoveToNode: r2_l2 (phase=MapNavigation)
[GameManager] タイル起動: 罠 (r2_l2)
[GameManager] Phase: MapNavigation → TrapTriggered
[GameManager] Phase: TrapTriggered → MapNavigation
[GameManager] MoveToNode: r3_l2 (phase=MapNavigation)
[GameManager] タイル起動: 戦闘 (r3_l2)
[GameManager] エンカウント: スライム
[GameManager] Phase: MapNavigation → Combat
[GameManager] Phase: Combat → BattleResult
[GameManager] 戦闘結果: スライム — 勝利 (1T) 残HP:30
[GameManager] Phase: BattleResult → Reward
[GameManager] Phase: Reward → MapNavigation
[GameManager] MoveToNode: r4_l2 (phase=MapNavigation)
[GameManager] タイル起動: 戦闘 (r4_l2)
[GameManager] エンカウント: ゴブリン
[GameManager] Phase: MapNavigation → Combat
[GameManager] Phase: Combat → BattleResult
[GameManager] 戦闘結果: ゴブリン — 勝利 (1T) 残HP:30
[GameManager] Phase: BattleResult → Reward
[GameManager] Phase: Reward → MapNavigation
[GameManager] MoveToNode: r5_l2 (phase=MapNavigation)
[GameManager] タイル起動: 戦闘 (r5_l2)
[GameManager] エンカウント: スライム
[GameManager] Phase: MapNavigation → Combat
[GameManager] Phase: Combat → BattleResult
[GameManager] 戦闘結果: スライム — 勝利 (2T) 残HP:30
[GameManager] Phase: BattleResult → Reward
[GameManager] Phase: Reward → MapNavigation
[GameManager] MoveToNode: r6_l1 (phase=MapNavigation)
[GameManager] タイル起動: ショップ (r6_l1)
[GameManager] EnterShop called
[GameManager] MapTransitionController.Instance = null
[GameManager] Phase: MapNavigation → ShopVisit
[GameManager] Phase: ShopVisit → MapNavigation
[GameManager] MoveToNode: r7_l2 (phase=MapNavigation)
[GameManager] タイル起動: 戦闘 (r7_l2)
[GameManager] エンカウント: スライム
[GameManager] Phase: MapNavigation → Combat
[GameManager] Phase: Combat → BattleResult
[GameManager] 戦闘結果: スライム — 勝利 (2T) 残HP:30
[GameManager] Phase: BattleResult → Reward
[GameManager] Phase: Reward → MapNavigation
[GameManager] MoveToNode: r8_l2 (phase=MapNavigation)
[GameManager] タイル起動: 秘宝 (r8_l2)
[GameManager] 宝箱: ゴールド+5, 治癒の指輪
[GameManager] Phase: MapNavigation → TreasureOpen
[GameManager] Phase: TreasureOpen → MapNavigation
[GameManager] MoveToNode: r9_l2 (phase=MapNavigation)
[GameManager] タイル起動: 休憩 (r9_l2)
[GameManager] Phase: MapNavigation → RestStop
[GameManager] 休憩回復: +9HP (30%) (現在: 30/30)
[GameManager] Phase: RestStop → MapNavigation
[GameManager] MoveToNode: boss (phase=MapNavigation)
[GameManager] タイル起動: ボス (boss)
[GameManager] ボス 'boss_layer1' 未定義 — フロア1のプールから抽選
[GameManager] ボス戦: スライム
[GameManager] Phase: MapNavigation → Combat
[GameManager] Phase: Combat → BattleResult
[GameManager] 戦闘結果: スライム — 勝利 (2T) 残HP:30
[GameManager] Phase: BattleResult → Reward
[GameManager] Phase: Reward → FloorClear
[GameManager] フロア1クリア → 次へ
[GameManager] 層デバフ: MaxHP-5 → 25
[GameManager] Phase: FloorClear → FloorIntro
[GameManager] --- フロア 2 [嘆きの共鳴] ---
[GameManager] Phase: FloorIntro → MapNavigation
[GameManager] MoveToNode: r1_l1 (phase=MapNavigation)
[GameManager] タイル起動: 戦闘 (r1_l1)
[GameManager] エンカウント: 13番目の死
[GameManager] Phase: MapNavigation → Combat
[GameManager] Phase: Combat → BattleResult
[GameManager] 戦闘結果: 13番目の死 — 勝利 (3T) 残HP:25
[GameManager] Phase: BattleResult → Reward
[GameManager] Phase: Reward → MapNavigation
[GameManager] MoveToNode: r2_l1 (phase=MapNavigation)
[GameManager] タイル起動: 戦闘 (r2_l1)
[GameManager] エンカウント: ダイアウルフ
[GameManager] Phase: MapNavigation → Combat
[GameManager] Phase: Combat → BattleResult
[GameManager] 戦闘結果: ダイアウルフ — 勝利 (16T) 残HP:20
[GameManager] Phase: BattleResult → Reward
[GameManager] Phase: Reward → MapNavigation
[GameManager] MoveToNode: r3_l1 (phase=MapNavigation)
[GameManager] タイル起動: 戦闘 (r3_l1)
[GameManager] エンカウント: コボルド
[GameManager] Phase: MapNavigation → Combat
[GameManager] Phase: Combat → BattleResult
[GameManager] 戦闘結果: コボルド — 勝利 (1T) 残HP:20
[GameManager] Phase: BattleResult → Reward
[GameManager] Phase: Reward → MapNavigation
[GameManager] MoveToNode: r4_l0 (phase=MapNavigation)
[GameManager] タイル起動: 罠 (r4_l0)
[GameManager] Phase: MapNavigation → TrapTriggered
[GameManager] Phase: TrapTriggered → MapNavigation
[GameManager] MoveToNode: r5_l0 (phase=MapNavigation)
[GameManager] タイル起動: イベント (r5_l0)
[GameManager] Phase: MapNavigation → EventEncounter
[GameManager] Phase: EventEncounter → MapNavigation
[GameManager] MoveToNode: r6_l0 (phase=MapNavigation)
[GameManager] タイル起動: 罠 (r6_l0)
[GameManager] Phase: MapNavigation → TrapTriggered
[GameManager] Phase: TrapTriggered → MapNavigation
[GameManager] MoveToNode: r7_l0 (phase=MapNavigation)
[GameManager] タイル起動: 秘宝 (r7_l0)
[GameManager] 宝箱: ゴールド+12, 癒しの靴
[GameManager] Phase: MapNavigation → TreasureOpen
[GameManager] Phase: TreasureOpen → MapNavigation
[GameManager] MoveToNode: r8_l0 (phase=MapNavigation)
[GameManager] タイル起動: 秘宝 (r8_l0)
[GameManager] 宝箱: ゴールド+6, 木のダイス
[GameManager] Phase: MapNavigation → TreasureOpen
[GameManager] Phase: TreasureOpen → MapNavigation
[GameManager] MoveToNode: r9_l0 (phase=MapNavigation)
[GameManager] タイル起動: 休憩 (r9_l0)
[GameManager] Phase: MapNavigation → RestStop
[GameManager] 休憩回復: +8HP (30%) (現在: 25/25)
[GameManager] Phase: RestStop → MapNavigation
[GameManager] MoveToNode: boss (phase=MapNavigation)
[GameManager] タイル起動: ボス (boss)
[GameManager] ボス戦: ゴブリン王
[GameManager] Phase: MapNavigation → Combat
[GameManager] Phase: Combat → BattleResult
[GameManager] 戦闘結果: ゴブリン王 — 勝利 (13T) 残HP:25
[GameManager] Phase: BattleResult → Reward
[GameManager] Phase: Reward → FloorClear
[GameManager] フロア2クリア → 次へ
[GameManager] Phase: FloorClear → FloorIntro
[GameManager] --- フロア 3 [瘴気侵蝕] ---
[GameManager] Phase: FloorIntro → MapNavigation
[GameManager] MoveToNode: r1_l0 (phase=MapNavigation)
[GameManager] タイル起動: イベント (r1_l0)
[GameManager] Phase: MapNavigation → EventEncounter
[GameManager] Phase: EventEncounter → MapNavigation
[GameManager] MoveToNode: r2_l0 (phase=MapNavigation)
[GameManager] タイル起動: ショップ (r2_l0)
[GameManager] EnterShop called
[GameManager] MapTransitionController.Instance = null
[GameManager] Phase: MapNavigation → ShopVisit
[GameManager] Phase: ShopVisit → MapNavigation
[GameManager] MoveToNode: r3_l0 (phase=MapNavigation)
[GameManager] タイル起動: イベント (r3_l0)
[GameManager] Phase: MapNavigation → EventEncounter
[GameManager] Phase: EventEncounter → MapNavigation
[GameManager] MoveToNode: r4_l1 (phase=MapNavigation)
[GameManager] タイル起動: イベント (r4_l1)
[GameManager] Phase: MapNavigation → EventEncounter
[GameManager] Phase: EventEncounter → MapNavigation
[GameManager] MoveToNode: r5_l1 (phase=MapNavigation)
[GameManager] タイル起動: イベント (r5_l1)
[GameManager] Phase: MapNavigation → EventEncounter
[GameManager] Phase: EventEncounter → MapNavigation
[GameManager] MoveToNode: r6_l2 (phase=MapNavigation)
[GameManager] タイル起動: 秘宝 (r6_l2)
[GameManager] 宝箱: ゴールド+18, 力帯
[GameManager] Phase: MapNavigation → TreasureOpen
[GameManager] Phase: TreasureOpen → MapNavigation
[GameManager] MoveToNode: r7_l2 (phase=MapNavigation)
[GameManager] タイル起動: イベント (r7_l2)
[GameManager] Phase: MapNavigation → EventEncounter
[GameManager] Phase: EventEncounter → MapNavigation
[GameManager] MoveToNode: r8_l2 (phase=MapNavigation)
[GameManager] タイル起動: 秘宝 (r8_l2)
[GameManager] 宝箱: ゴールド+15, 投げ短剣の鞘
[GameManager] Phase: MapNavigation → TreasureOpen
[GameManager] Phase: TreasureOpen → MapNavigation
[GameManager] MoveToNode: r9_l2 (phase=MapNavigation)
[GameManager] タイル起動: 休憩 (r9_l2)
[GameManager] Phase: MapNavigation → RestStop
[GameManager] 休憩回復: +13HP (50%) (現在: 25/25)
[GameManager] Phase: RestStop → MapNavigation
[GameManager] MoveToNode: boss (phase=MapNavigation)
[GameManager] タイル起動: ボス (boss)
[GameManager] ボス戦: 凍れる吟遊詩人
[GameManager] Phase: MapNavigation → Combat
[GameManager] Phase: Combat → BattleResult
[GameManager] 戦闘結果: 凍れる吟遊詩人 — 勝利 (5T) 残HP:25
[GameManager] 層デバフ: 戦闘後2ダメージ (HP:23)
[GameManager] Phase: BattleResult → Reward
[GameManager] Phase: Reward → FloorClear
[GameManager] フロア3クリア → 次へ
[GameManager] Phase: FloorClear → FloorIntro
[GameManager] --- フロア 4 [煉獄の刻印] ---
[GameManager] Phase: FloorIntro → MapNavigation
[GameManager] MoveToNode: r1_l0 (phase=MapNavigation)
[GameManager] タイル起動: イベント (r1_l0)
[GameManager] Phase: MapNavigation → EventEncounter
[GameManager] Phase: EventEncounter → MapNavigation
[GameManager] MoveToNode: r2_l0 (phase=MapNavigation)
[GameManager] タイル起動: 激戦 (r2_l0)
[GameManager] エンカウント: 13番目の死
[GameManager] Phase: MapNavigation → Combat
[GameManager] Phase: Combat → BattleResult
[GameManager] 戦闘結果: 13番目の死 — 勝利 (2T) 残HP:3
[GameManager] 激戦2戦目: ダイアウルフ
[GameManager] Phase: BattleResult → Combat
[GameManager] Phase: Combat → BattleResult
[GameManager] 戦闘結果: ダイアウルフ — 勝利 (2T) 残HP:3
[GameManager] Phase: BattleResult → Reward
[GameManager] Phase: Reward → MapNavigation
[GameManager] MoveToNode: r3_l1 (phase=MapNavigation)
[GameManager] タイル起動: 休憩 (r3_l1)
[GameManager] Phase: MapNavigation → RestStop
[GameManager] 休憩回復: +8HP (30%) (現在: 13/25)
[GameManager] Phase: RestStop → MapNavigation
[GameManager] MoveToNode: r4_l1 (phase=MapNavigation)
[GameManager] タイル起動: 秘宝 (r4_l1)
[GameManager] 宝箱: ゴールド+28, 安定のダイス
[GameManager] Phase: MapNavigation → TreasureOpen
[GameManager] Phase: TreasureOpen → MapNavigation
[GameManager] MoveToNode: r5_l2 (phase=MapNavigation)
[GameManager] タイル起動: 秘宝 (r5_l2)
[GameManager] 宝箱: ゴールド+24, 血のダイス
[GameManager] Phase: MapNavigation → TreasureOpen
[GameManager] Phase: TreasureOpen → MapNavigation
[GameManager] MoveToNode: r6_l2 (phase=MapNavigation)
[GameManager] タイル起動: ショップ (r6_l2)
[GameManager] EnterShop called
[GameManager] MapTransitionController.Instance = null
[GameManager] Phase: MapNavigation → ShopVisit
[GameManager] Phase: ShopVisit → MapNavigation
[GameManager] MoveToNode: r7_l2 (phase=MapNavigation)
[GameManager] タイル起動: 激戦 (r7_l2)
[GameManager] エンカウント: 鏡の双子
[GameManager] Phase: MapNavigation → Combat
[GameManager] Phase: Combat → BattleResult
[GameManager] 戦闘結果: 鏡の双子 — 勝利 (5T) 残HP:4
[GameManager] 激戦2戦目: スライム
[GameManager] Phase: BattleResult → Combat
[GameManager] Phase: Combat → BattleResult
[GameManager] 戦闘結果: スライム — 勝利 (1T) 残HP:4
[GameManager] Phase: BattleResult → Reward
[GameManager] Phase: Reward → MapNavigation
[GameManager] MoveToNode: r8_l2 (phase=MapNavigation)
[GameManager] 空腹ダメージ: 5 (HP: 1/25)
[GameManager] タイル起動: 秘宝 (r8_l2)
[GameManager] 宝箱: ゴールド+28, 静寂のローブ
[AutoRunner] ラストスタンド発動 (Floor 4)
[AutoRunner] === RUN 32 終了: R5 (4Fで死亡) — 敗北 cause=Starvation ===

########## RUN 33  [R5 4Fで死亡]  敗北 cause=Starvation
# reached F4 HP 0/1 coins 133 combats 18/19 LS=True
[GameManager] Phase: GameOver → Title
[GameManager] Phase: Title → RunStart
[GameManager] === ラン開始 === HP:30
[GameManager] Phase: RunStart → FloorIntro
[GameManager] --- フロア 1 [残光の加護] ---
[GameManager] Phase: FloorIntro → MapNavigation
[GameManager] MoveToNode: r1_l1 (phase=MapNavigation)
[GameManager] タイル起動: ショップ (r1_l1)
[GameManager] EnterShop called
[GameManager] MapTransitionController.Instance = null
[GameManager] Phase: MapNavigation → ShopVisit
[GameManager] Phase: ShopVisit → MapNavigation
[GameManager] MoveToNode: r2_l1 (phase=MapNavigation)
[GameManager] タイル起動: 戦闘 (r2_l1)
[GameManager] エンカウント: スライム
[GameManager] Phase: MapNavigation → Combat
[GameManager] Phase: Combat → BattleResult
[GameManager] 戦闘結果: スライム — 勝利 (2T) 残HP:30
[GameManager] Phase: BattleResult → Reward
[GameManager] Phase: Reward → MapNavigation
[GameManager] MoveToNode: r3_l1 (phase=MapNavigation)
[GameManager] タイル起動: 戦闘 (r3_l1)
[GameManager] エンカウント: スライム
[GameManager] Phase: MapNavigation → Combat
[GameManager] Phase: Combat → BattleResult
[GameManager] 戦闘結果: スライム — 勝利 (1T) 残HP:30
[GameManager] Phase: BattleResult → Reward
[GameManager] Phase: Reward → MapNavigation
[GameManager] MoveToNode: r4_l0 (phase=MapNavigation)
[GameManager] タイル起動: ショップ (r4_l0)
[GameManager] EnterShop called
[GameManager] MapTransitionController.Instance = null
[GameManager] Phase: MapNavigation → ShopVisit
[GameManager] Phase: ShopVisit → MapNavigation
[GameManager] MoveToNode: r5_l0 (phase=MapNavigation)
[GameManager] タイル起動: イベント (r5_l0)
[GameManager] Phase: MapNavigation → EventEncounter
[GameManager] Phase: EventEncounter → MapNavigation
[GameManager] MoveToNode: r6_l0 (phase=MapNavigation)
[GameManager] タイル起動: 戦闘 (r6_l0)
[GameManager] エンカウント: ゴブリン
[GameManager] Phase: MapNavigation → Combat
[GameManager] Phase: Combat → BattleResult
[GameManager] 戦闘結果: ゴブリン — 勝利 (2T) 残HP:30
[GameManager] Phase: BattleResult → Reward
[GameManager] Phase: Reward → MapNavigation
[GameManager] MoveToNode: r7_l1 (phase=MapNavigation)
[GameManager] タイル起動: 秘宝 (r7_l1)
[GameManager] 宝箱: ゴールド+6, 観察者の眼鏡
[GameManager] Phase: MapNavigation → TreasureOpen
[GameManager] Phase: TreasureOpen → MapNavigation
[GameManager] MoveToNode: r8_l1 (phase=MapNavigation)
[GameManager] タイル起動: 秘宝 (r8_l1)
[GameManager] 宝箱: ゴールド+4, 力帯
[GameManager] Phase: MapNavigation → TreasureOpen
[GameManager] Phase: TreasureOpen → MapNavigation
[GameManager] MoveToNode: r9_l1 (phase=MapNavigation)
[GameManager] タイル起動: 休憩 (r9_l1)
[GameManager] Phase: MapNavigation → RestStop
[GameManager] 休憩回復: +9HP (30%) (現在: 30/30)
[GameManager] Phase: RestStop → MapNavigation
[GameManager] MoveToNode: boss (phase=MapNavigation)
[GameManager] タイル起動: ボス (boss)
[GameManager] ボス 'boss_layer1' 未定義 — フロア1のプールから抽選
[GameManager] ボス戦: スライム
[GameManager] Phase: MapNavigation → Combat
[GameManager] Phase: Combat → BattleResult
[GameManager] 戦闘結果: スライム — 勝利 (1T) 残HP:30
[GameManager] Phase: BattleResult → Reward
[GameManager] Phase: Reward → FloorClear
[GameManager] フロア1クリア → 次へ
[GameManager] 層デバフ: MaxHP-5 → 25
[GameManager] Phase: FloorClear → FloorIntro
[GameManager] --- フロア 2 [嘆きの共鳴] ---
[GameManager] Phase: FloorIntro → MapNavigation
[GameManager] MoveToNode: r1_l1 (phase=MapNavigation)
[GameManager] タイル起動: 戦闘 (r1_l1)
[GameManager] エンカウント: 13番目の死
[GameManager] Phase: MapNavigation → Combat
[GameManager] Phase: Combat → BattleResult
[GameManager] 戦闘結果: 13番目の死 — 勝利 (2T) 残HP:25
[GameManager] Phase: BattleResult → Reward
[GameManager] Phase: Reward → MapNavigation
[GameManager] MoveToNode: r2_l1 (phase=MapNavigation)
[GameManager] タイル起動: 秘宝 (r2_l1)
[GameManager] 宝箱: ゴールド+6, 安らぎの靴
[GameManager] Phase: MapNavigation → TreasureOpen
[GameManager] Phase: TreasureOpen → MapNavigation
[GameManager] MoveToNode: r3_l1 (phase=MapNavigation)
[GameManager] タイル起動: イベント (r3_l1)
[GameManager] Phase: MapNavigation → EventEncounter
[GameManager] Phase: EventEncounter → MapNavigation
[GameManager] MoveToNode: r4_l1 (phase=MapNavigation)
[GameManager] タイル起動: ショップ (r4_l1)
[GameManager] EnterShop called
[GameManager] MapTransitionController.Instance = null
[GameManager] Phase: MapNavigation → ShopVisit
[GameManager] Phase: ShopVisit → MapNavigation
[GameManager] MoveToNode: r5_l2 (phase=MapNavigation)
[GameManager] タイル起動: 戦闘 (r5_l2)
[GameManager] エンカウント: コボルド
[GameManager] Phase: MapNavigation → Combat
[GameManager] Phase: Combat → BattleResult
[GameManager] 戦闘結果: コボルド — 勝利 (4T) 残HP:25
[GameManager] Phase: BattleResult → Reward
[GameManager] Phase: Reward → MapNavigation
[GameManager] MoveToNode: r6_l2 (phase=MapNavigation)
[GameManager] タイル起動: 戦闘 (r6_l2)
[GameManager] エンカウント: コボルド
[GameManager] Phase: MapNavigation → Combat
[GameManager] Phase: Combat → BattleResult
[GameManager] 戦闘結果: コボルド — 勝利 (4T) 残HP:25
[GameManager] Phase: BattleResult → Reward
[GameManager] Phase: Reward → MapNavigation
[GameManager] MoveToNode: r7_l1 (phase=MapNavigation)
[GameManager] タイル起動: ショップ (r7_l1)
[GameManager] EnterShop called
[GameManager] MapTransitionController.Instance = null
[GameManager] Phase: MapNavigation → ShopVisit
[GameManager] Phase: ShopVisit → MapNavigation
[GameManager] MoveToNode: r8_l1 (phase=MapNavigation)
[GameManager] タイル起動: 秘宝 (r8_l1)
[GameManager] 宝箱: ゴールド+8, 観察者の眼鏡
[GameManager] Phase: MapNavigation → TreasureOpen
[GameManager] Phase: TreasureOpen → MapNavigation
[GameManager] MoveToNode: r9_l1 (phase=MapNavigation)
[GameManager] タイル起動: 休憩 (r9_l1)
[GameManager] Phase: MapNavigation → RestStop
[GameManager] 休憩回復: +8HP (30%) (現在: 25/25)
[GameManager] Phase: RestStop → MapNavigation
[GameManager] MoveToNode: boss (phase=MapNavigation)
[GameManager] タイル起動: ボス (boss)
[GameManager] ボス戦: ゴブリン王
[GameManager] Phase: MapNavigation → Combat
[GameManager] Phase: Combat → BattleResult
[GameManager] 戦闘結果: ゴブリン王 — 勝利 (4T) 残HP:25
[GameManager] Phase: BattleResult → Reward
[GameManager] Phase: Reward → FloorClear
[GameManager] フロア2クリア → 次へ
[GameManager] Phase: FloorClear → FloorIntro
[GameManager] --- フロア 3 [瘴気侵蝕] ---
[GameManager] Phase: FloorIntro → MapNavigation
[GameManager] MoveToNode: r1_l0 (phase=MapNavigation)
[GameManager] タイル起動: 戦闘 (r1_l0)
[GameManager] エンカウント: オーク
[GameManager] Phase: MapNavigation → Combat
[GameManager] Phase: Combat → BattleResult
[GameManager] 戦闘結果: オーク — 勝利 (5T) 残HP:14
[GameManager] 層デバフ: 戦闘後2ダメージ (HP:12)
[GameManager] Phase: BattleResult → Reward
[GameManager] Phase: Reward → MapNavigation
[GameManager] MoveToNode: r2_l1 (phase=MapNavigation)
[GameManager] タイル起動: 激戦 (r2_l1)
[GameManager] エンカウント: ハーピィ
[GameManager] Phase: MapNavigation → Combat
[GameManager] Phase: Combat → BattleResult
[GameManager] 戦闘結果: ハーピィ — 勝利 (2T) 残HP:13
[GameManager] 層デバフ: 戦闘後2ダメージ (HP:11)
[GameManager] 激戦2戦目: コボルド
[GameManager] Phase: BattleResult → Combat
[GameManager] Phase: Combat → BattleResult
[GameManager] 戦闘結果: コボルド — 勝利 (2T) 残HP:11
[GameManager] 層デバフ: 戦闘後2ダメージ (HP:9)
[GameManager] Phase: BattleResult → Reward
[GameManager] Phase: Reward → MapNavigation
[GameManager] MoveToNode: r3_l1 (phase=MapNavigation)
[GameManager] タイル起動: ショップ (r3_l1)
[GameManager] EnterShop called
[GameManager] MapTransitionController.Instance = null
[GameManager] Phase: MapNavigation → ShopVisit
[GameManager] Phase: ShopVisit → MapNavigation
[GameManager] MoveToNode: r4_l1 (phase=MapNavigation)
[GameManager] タイル起動: ショップ (r4_l1)
[GameManager] EnterShop called
[GameManager] MapTransitionController.Instance = null
[GameManager] Phase: MapNavigation → ShopVisit
[GameManager] Phase: ShopVisit → MapNavigation
[GameManager] MoveToNode: r5_l1 (phase=MapNavigation)
[GameManager] タイル起動: イベント (r5_l1)
[GameManager] Phase: MapNavigation → EventEncounter
[GameManager] Phase: EventEncounter → MapNavigation
[GameManager] MoveToNode: r6_l0 (phase=MapNavigation)
[GameManager] タイル起動: 秘宝 (r6_l0)
[GameManager] 宝箱: ゴールド+6, 鎖帷子
[GameManager] Phase: MapNavigation → TreasureOpen
[GameManager] Phase: TreasureOpen → MapNavigation
[GameManager] MoveToNode: r7_l1 (phase=MapNavigation)
[GameManager] タイル起動: イベント (r7_l1)
[GameManager] Phase: MapNavigation → EventEncounter
[GameManager] Phase: EventEncounter → MapNavigation
[GameManager] MoveToNode: r8_l1 (phase=MapNavigation)
[GameManager] タイル起動: 秘宝 (r8_l1)
[GameManager] 宝箱: ゴールド+21, 黄金の天秤
[GameManager] Phase: MapNavigation → TreasureOpen
[GameManager] Phase: TreasureOpen → MapNavigation
[GameManager] MoveToNode: r9_l1 (phase=MapNavigation)
[GameManager] タイル起動: 休憩 (r9_l1)
[GameManager] Phase: MapNavigation → RestStop
[GameManager] 休憩回復: +13HP (50%) (現在: 18/25)
[GameManager] Phase: RestStop → MapNavigation
[GameManager] MoveToNode: boss (phase=MapNavigation)
[GameManager] タイル起動: ボス (boss)
[GameManager] ボス戦: 凍れる吟遊詩人
[GameManager] Phase: MapNavigation → Combat
[GameManager] Phase: Combat → BattleResult
[GameManager] 戦闘結果: 凍れる吟遊詩人 — 勝利 (4T) 残HP:19
[GameManager] 層デバフ: 戦闘後2ダメージ (HP:17)
[GameManager] Phase: BattleResult → Reward
[GameManager] Phase: Reward → FloorClear
[GameManager] フロア3クリア → 次へ
[GameManager] Phase: FloorClear → FloorIntro
[GameManager] --- フロア 4 [煉獄の刻印] ---
[GameManager] Phase: FloorIntro → MapNavigation
[GameManager] MoveToNode: r1_l1 (phase=MapNavigation)
[GameManager] タイル起動: ショップ (r1_l1)
[GameManager] EnterShop called
[GameManager] MapTransitionController.Instance = null
[GameManager] Phase: MapNavigation → ShopVisit
[GameManager] Phase: ShopVisit → MapNavigation
[GameManager] MoveToNode: r2_l1 (phase=MapNavigation)
[GameManager] タイル起動: 戦闘 (r2_l1)
[GameManager] エンカウント: リザードマン
[GameManager] Phase: MapNavigation → Combat
[GameManager] Phase: Combat → BattleResult
[GameManager] 戦闘結果: リザードマン — 勝利 (7T) 残HP:18
[GameManager] Phase: BattleResult → Reward
[GameManager] Phase: Reward → MapNavigation
[GameManager] MoveToNode: r3_l1 (phase=MapNavigation)
[GameManager] タイル起動: 戦闘 (r3_l1)
[GameManager] エンカウント: リザードマン
[GameManager] Phase: MapNavigation → Combat
[GameManager] Phase: Combat → BattleResult
[GameManager] 戦闘結果: リザードマン — 勝利 (6T) 残HP:15
[GameManager] Phase: BattleResult → Reward
[GameManager] Phase: Reward → MapNavigation
[GameManager] MoveToNode: r4_l2 (phase=MapNavigation)
[GameManager] タイル起動: 戦闘 (r4_l2)
[GameManager] エンカウント: スケルトン
[GameManager] Phase: MapNavigation → Combat
[GameManager] Phase: Combat → BattleResult
[GameManager] 戦闘結果: スケルトン — 勝利 (3T) 残HP:16
[GameManager] Phase: BattleResult → Reward
[GameManager] Phase: Reward → MapNavigation
[GameManager] MoveToNode: r5_l2 (phase=MapNavigation)
[GameManager] タイル起動: 激戦 (r5_l2)
[GameManager] エンカウント: ゴブリン
[GameManager] Phase: MapNavigation → Combat
[GameManager] Phase: Combat → BattleResult
[GameManager] 戦闘結果: ゴブリン — 勝利 (2T) 残HP:17
[GameManager] 激戦2戦目: ハーピィ
[AutoRunner] ラストスタンド発動 (Floor 4)
[AutoRunner] === RUN 33 終了: R5 (4Fで死亡) — 敗北 cause=Starvation ===

########## RUN 34  [DEADLOCK デッドロック]  移動先なし(MapNavigation)
# reached F2 HP 1/1 coins 62 combats 9/10 LS=True
[GameManager] Phase: GameOver → Title
[GameManager] Phase: Title → RunStart
[GameManager] === ラン開始 === HP:30
[GameManager] Phase: RunStart → FloorIntro
[GameManager] --- フロア 1 [残光の加護] ---
[GameManager] Phase: FloorIntro → MapNavigation
[GameManager] MoveToNode: r1_l0 (phase=MapNavigation)
[GameManager] タイル起動: 戦闘 (r1_l0)
[GameManager] エンカウント: ゴブリン
[GameManager] Phase: MapNavigation → Combat
[GameManager] Phase: Combat → BattleResult
[GameManager] 戦闘結果: ゴブリン — 勝利 (2T) 残HP:30
[GameManager] Phase: BattleResult → Reward
[GameManager] Phase: Reward → MapNavigation
[GameManager] MoveToNode: r2_l0 (phase=MapNavigation)
[GameManager] タイル起動: 戦闘 (r2_l0)
[GameManager] エンカウント: ゴブリン
[GameManager] Phase: MapNavigation → Combat
[GameManager] Phase: Combat → BattleResult
[GameManager] 戦闘結果: ゴブリン — 勝利 (3T) 残HP:29
[GameManager] Phase: BattleResult → Reward
[GameManager] Phase: Reward → MapNavigation
[GameManager] MoveToNode: r3_l0 (phase=MapNavigation)
[GameManager] タイル起動: 戦闘 (r3_l0)
[GameManager] エンカウント: ゴブリン
[GameManager] Phase: MapNavigation → Combat
[GameManager] Phase: Combat → BattleResult
[GameManager] 戦闘結果: ゴブリン — 勝利 (5T) 残HP:28
[GameManager] Phase: BattleResult → Reward
[GameManager] Phase: Reward → MapNavigation
[GameManager] MoveToNode: r4_l0 (phase=MapNavigation)
[GameManager] タイル起動: 戦闘 (r4_l0)
[GameManager] エンカウント: スライム
[GameManager] Phase: MapNavigation → Combat
[GameManager] Phase: Combat → BattleResult
[GameManager] 戦闘結果: スライム — 勝利 (3T) 残HP:28
[GameManager] Phase: BattleResult → Reward
[GameManager] Phase: Reward → MapNavigation
[GameManager] MoveToNode: r5_l0 (phase=MapNavigation)
[GameManager] タイル起動: イベント (r5_l0)
[GameManager] Phase: MapNavigation → EventEncounter
[GameManager] Phase: EventEncounter → MapNavigation
[GameManager] MoveToNode: r6_l0 (phase=MapNavigation)
[GameManager] タイル起動: 秘宝 (r6_l0)
[GameManager] 宝箱: ゴールド+6, 鷹の眼
[GameManager] Phase: MapNavigation → TreasureOpen
[GameManager] Phase: TreasureOpen → MapNavigation
[GameManager] MoveToNode: r7_l0 (phase=MapNavigation)
[GameManager] タイル起動: イベント (r7_l0)
[GameManager] Phase: MapNavigation → EventEncounter
[GameManager] Phase: EventEncounter → MapNavigation
[GameManager] MoveToNode: r8_l0 (phase=MapNavigation)
[GameManager] タイル起動: 秘宝 (r8_l0)
[GameManager] 宝箱: ゴールド+2, 灯心の鈴
[GameManager] Phase: MapNavigation → TreasureOpen
[GameManager] Phase: TreasureOpen → MapNavigation
[GameManager] MoveToNode: r9_l0 (phase=MapNavigation)
[GameManager] タイル起動: 休憩 (r9_l0)
[GameManager] Phase: MapNavigation → RestStop
[GameManager] 休憩回復: +9HP (30%) (現在: 30/30)
[GameManager] Phase: RestStop → MapNavigation
[GameManager] MoveToNode: boss (phase=MapNavigation)
[GameManager] タイル起動: ボス (boss)
[GameManager] ボス 'boss_layer1' 未定義 — フロア1のプールから抽選
[GameManager] ボス戦: スライム
[GameManager] Phase: MapNavigation → Combat
[GameManager] Phase: Combat → BattleResult
[GameManager] 戦闘結果: スライム — 勝利 (2T) 残HP:30
[GameManager] Phase: BattleResult → Reward
[GameManager] Phase: Reward → FloorClear
[GameManager] フロア1クリア → 次へ
[GameManager] 層デバフ: MaxHP-5 → 25
[GameManager] Phase: FloorClear → FloorIntro
[GameManager] --- フロア 2 [嘆きの共鳴] ---
[GameManager] Phase: FloorIntro → MapNavigation
[GameManager] MoveToNode: r1_l0 (phase=MapNavigation)
[GameManager] タイル起動: 戦闘 (r1_l0)
[GameManager] エンカウント: ダイアウルフ
[GameManager] Phase: MapNavigation → Combat
[GameManager] Phase: Combat → BattleResult
[GameManager] 戦闘結果: ダイアウルフ — 勝利 (3T) 残HP:22
[GameManager] Phase: BattleResult → Reward
[GameManager] Phase: Reward → MapNavigation
[GameManager] MoveToNode: r2_l0 (phase=MapNavigation)
[GameManager] タイル起動: 休憩 (r2_l0)
[GameManager] Phase: MapNavigation → RestStop
[GameManager] 休憩回復: +8HP (30%) (現在: 25/25)
[GameManager] Phase: RestStop → MapNavigation
[GameManager] MoveToNode: r3_l0 (phase=MapNavigation)
[GameManager] タイル起動: 戦闘 (r3_l0)
[GameManager] エンカウント: ゴブリン王
[GameManager] Phase: MapNavigation → Combat
[GameManager] Phase: Combat → BattleResult
[GameManager] 戦闘結果: ゴブリン王 — 勝利 (5T) 残HP:24
[GameManager] Phase: BattleResult → Reward
[GameManager] Phase: Reward → MapNavigation
[GameManager] MoveToNode: r4_l0 (phase=MapNavigation)
[GameManager] タイル起動: 戦闘 (r4_l0)
[GameManager] エンカウント: ゴブリン王
[GameManager] Phase: MapNavigation → Combat
[GameManager] Phase: Combat → BattleResult
[GameManager] 戦闘結果: ゴブリン王 — 勝利 (7T) 残HP:24
[GameManager] Phase: BattleResult → Reward
[GameManager] Phase: Reward → MapNavigation
[GameManager] MoveToNode: r5_l0 (phase=MapNavigation)
[GameManager] タイル起動: 休憩 (r5_l0)
[GameManager] Phase: MapNavigation → RestStop
[GameManager] 休憩回復: +8HP (30%) (現在: 25/25)
[GameManager] Phase: RestStop → MapNavigation
[GameManager] MoveToNode: r6_l0 (phase=MapNavigation)
[GameManager] タイル起動: 罠 (r6_l0)
[GameManager] Phase: MapNavigation → TrapTriggered
[GameManager] Phase: TrapTriggered → MapNavigation
[GameManager] MoveToNode: r7_l0 (phase=MapNavigation)
[GameManager] タイル起動: 戦闘 (r7_l0)
[GameManager] エンカウント: ダイアウルフ
[GameManager] Phase: MapNavigation → Combat
[GameManager] Phase: Combat → BattleResult
[GameManager] 戦闘結果: ダイアウルフ — 勝利 (9T) 残HP:9
[GameManager] Phase: BattleResult → Reward
[GameManager] Phase: Reward → MapNavigation
[GameManager] MoveToNode: r8_l0 (phase=MapNavigation)
[GameManager] タイル起動: 秘宝 (r8_l0)
[GameManager] 宝箱: ゴールド+10, 食通の懐刀
[GameManager] Phase: MapNavigation → TreasureOpen
[GameManager] Phase: TreasureOpen → MapNavigation
[GameManager] MoveToNode: r9_l0 (phase=MapNavigation)
[GameManager] タイル起動: 休憩 (r9_l0)
[GameManager] Phase: MapNavigation → RestStop
[GameManager] 休憩回復: +8HP (30%) (現在: 17/25)
[GameManager] Phase: RestStop → MapNavigation
[GameManager] MoveToNode: boss (phase=MapNavigation)
[GameManager] タイル起動: ボス (boss)
[GameManager] ボス戦: ゴブリン王
[GameManager] Phase: MapNavigation → Combat
[GameManager] Phase: Combat → BattleResult
[GameManager] 戦闘結果: ゴブリン王 — 敗北 (15T) 残HP:0
[GameManager] 救済発動: マップへ戻る
[GameManager] Phase: BattleResult → MapNavigation
[AutoRunner] ラストスタンド発動 (Floor 2)
[AutoRunner] === RUN 34 終了: DEADLOCK (デッドロック) — 移動先なし(MapNavigation) ===

########## RUN 35  [DEADLOCK デッドロック]  ストール phase=EventEncounter node=r4_l0 floor=4
# reached F4 HP 1/1 coins 93 combats 19/20 LS=True
[GameManager] Phase: MapNavigation → RunStart
[GameManager] === ラン開始 === HP:30
[GameManager] Phase: RunStart → FloorIntro
[GameManager] --- フロア 1 [残光の加護] ---
[GameManager] Phase: FloorIntro → MapNavigation
[GameManager] MoveToNode: r1_l1 (phase=MapNavigation)
[GameManager] タイル起動: 戦闘 (r1_l1)
[GameManager] エンカウント: スライム
[GameManager] Phase: MapNavigation → Combat
[GameManager] Phase: Combat → BattleResult
[GameManager] 戦闘結果: スライム — 勝利 (3T) 残HP:30
[GameManager] Phase: BattleResult → Reward
[GameManager] Phase: Reward → MapNavigation
[GameManager] MoveToNode: r2_l1 (phase=MapNavigation)
[GameManager] タイル起動: 戦闘 (r2_l1)
[GameManager] エンカウント: ゴブリン
[GameManager] Phase: MapNavigation → Combat
[GameManager] Phase: Combat → BattleResult
[GameManager] 戦闘結果: ゴブリン — 勝利 (4T) 残HP:28
[GameManager] Phase: BattleResult → Reward
[GameManager] Phase: Reward → MapNavigation
[GameManager] MoveToNode: r3_l2 (phase=MapNavigation)
[GameManager] タイル起動: 戦闘 (r3_l2)
[GameManager] エンカウント: スライム
[GameManager] Phase: MapNavigation → Combat
[GameManager] Phase: Combat → BattleResult
[GameManager] 戦闘結果: スライム — 勝利 (2T) 残HP:28
[GameManager] Phase: BattleResult → Reward
[GameManager] Phase: Reward → MapNavigation
[GameManager] MoveToNode: r4_l1 (phase=MapNavigation)
[GameManager] タイル起動: 戦闘 (r4_l1)
[GameManager] エンカウント: スライム
[GameManager] Phase: MapNavigation → Combat
[GameManager] Phase: Combat → BattleResult
[GameManager] 戦闘結果: スライム — 勝利 (2T) 残HP:28
[GameManager] Phase: BattleResult → Reward
[GameManager] Phase: Reward → MapNavigation
[GameManager] MoveToNode: r5_l1 (phase=MapNavigation)
[GameManager] タイル起動: 戦闘 (r5_l1)
[GameManager] エンカウント: ゴブリン
[GameManager] Phase: MapNavigation → Combat
[GameManager] Phase: Combat → BattleResult
[GameManager] 戦闘結果: ゴブリン — 勝利 (2T) 残HP:28
[GameManager] Phase: BattleResult → Reward
[GameManager] Phase: Reward → MapNavigation
[GameManager] MoveToNode: r6_l0 (phase=MapNavigation)
[GameManager] タイル起動: 戦闘 (r6_l0)
[GameManager] エンカウント: スライム
[GameManager] Phase: MapNavigation → Combat
[GameManager] Phase: Combat → BattleResult
[GameManager] 戦闘結果: スライム — 勝利 (2T) 残HP:28
[GameManager] Phase: BattleResult → Reward
[GameManager] Phase: Reward → MapNavigation
[GameManager] MoveToNode: r7_l0 (phase=MapNavigation)
[GameManager] タイル起動: 戦闘 (r7_l0)
[GameManager] エンカウント: スライム
[GameManager] Phase: MapNavigation → Combat
[GameManager] Phase: Combat → BattleResult
[GameManager] 戦闘結果: スライム — 勝利 (3T) 残HP:28
[GameManager] Phase: BattleResult → Reward
[GameManager] Phase: Reward → MapNavigation
[GameManager] MoveToNode: r8_l0 (phase=MapNavigation)
[GameManager] タイル起動: 秘宝 (r8_l0)
[GameManager] 宝箱: ゴールド+2, 革の胸当て
[GameManager] Phase: MapNavigation → TreasureOpen
[GameManager] Phase: TreasureOpen → MapNavigation
[GameManager] MoveToNode: r9_l0 (phase=MapNavigation)
[GameManager] タイル起動: 休憩 (r9_l0)
[GameManager] Phase: MapNavigation → RestStop
[GameManager] 休憩回復: +9HP (30%) (現在: 30/30)
[GameManager] Phase: RestStop → MapNavigation
[GameManager] MoveToNode: boss (phase=MapNavigation)
[GameManager] タイル起動: ボス (boss)
[GameManager] ボス 'boss_layer1' 未定義 — フロア1のプールから抽選
[GameManager] ボス戦: ゴブリン
[GameManager] Phase: MapNavigation → Combat
[GameManager] Phase: Combat → BattleResult
[GameManager] 戦闘結果: ゴブリン — 勝利 (1T) 残HP:30
[GameManager] Phase: BattleResult → Reward
[GameManager] Phase: Reward → FloorClear
[GameManager] フロア1クリア → 次へ
[GameManager] 層デバフ: MaxHP-5 → 25
[GameManager] Phase: FloorClear → FloorIntro
[GameManager] --- フロア 2 [嘆きの共鳴] ---
[GameManager] Phase: FloorIntro → MapNavigation
[GameManager] MoveToNode: r1_l0 (phase=MapNavigation)
[GameManager] タイル起動: イベント (r1_l0)
[GameManager] Phase: MapNavigation → EventEncounter
[GameManager] Phase: EventEncounter → MapNavigation
[GameManager] MoveToNode: r2_l0 (phase=MapNavigation)
[GameManager] タイル起動: イベント (r2_l0)
[GameManager] Phase: MapNavigation → EventEncounter
[GameManager] Phase: EventEncounter → MapNavigation
[GameManager] MoveToNode: r3_l0 (phase=MapNavigation)
[GameManager] タイル起動: 戦闘 (r3_l0)
[GameManager] エンカウント: スケルトン
[GameManager] Phase: MapNavigation → Combat
[GameManager] Phase: Combat → BattleResult
[GameManager] 戦闘結果: スケルトン — 勝利 (7T) 残HP:25
[GameManager] Phase: BattleResult → Reward
[GameManager] Phase: Reward → MapNavigation
[GameManager] MoveToNode: r4_l1 (phase=MapNavigation)
[GameManager] タイル起動: ショップ (r4_l1)
[GameManager] EnterShop called
[GameManager] MapTransitionController.Instance = null
[GameManager] Phase: MapNavigation → ShopVisit
[GameManager] Phase: ShopVisit → MapNavigation
[GameManager] MoveToNode: r5_l2 (phase=MapNavigation)
[GameManager] タイル起動: 戦闘 (r5_l2)
[GameManager] エンカウント: スケルトン
[GameManager] Phase: MapNavigation → Combat
[GameManager] Phase: Combat → BattleResult
[GameManager] 戦闘結果: スケルトン — 勝利 (2T) 残HP:25
[GameManager] Phase: BattleResult → Reward
[GameManager] Phase: Reward → MapNavigation
[GameManager] MoveToNode: r6_l2 (phase=MapNavigation)
[GameManager] タイル起動: 罠 (r6_l2)
[GameManager] Phase: MapNavigation → TrapTriggered
[GameManager] Phase: TrapTriggered → MapNavigation
[GameManager] MoveToNode: r7_l1 (phase=MapNavigation)
[GameManager] タイル起動: 戦闘 (r7_l1)
[GameManager] エンカウント: ダイアウルフ
[GameManager] Phase: MapNavigation → Combat
[GameManager] Phase: Combat → BattleResult
[GameManager] 戦闘結果: ダイアウルフ — 勝利 (6T) 残HP:18
[GameManager] Phase: BattleResult → Reward
[GameManager] Phase: Reward → MapNavigation
[GameManager] MoveToNode: r8_l1 (phase=MapNavigation)
[GameManager] タイル起動: 秘宝 (r8_l1)
[GameManager] 宝箱: ゴールド+4, 偏りのダイス
[GameManager] Phase: MapNavigation → TreasureOpen
[GameManager] Phase: TreasureOpen → MapNavigation
[GameManager] MoveToNode: r9_l1 (phase=MapNavigation)
[GameManager] タイル起動: 休憩 (r9_l1)
[GameManager] Phase: MapNavigation → RestStop
[GameManager] 休憩回復: +8HP (30%) (現在: 25/25)
[GameManager] Phase: RestStop → MapNavigation
[GameManager] MoveToNode: boss (phase=MapNavigation)
[GameManager] 空腹ダメージ: 1 (HP: 24/25)
[GameManager] タイル起動: ボス (boss)
[GameManager] ボス戦: ゴブリン王
[GameManager] Phase: MapNavigation → Combat
[GameManager] Phase: Combat → BattleResult
[GameManager] 戦闘結果: ゴブリン王 — 勝利 (12T) 残HP:20
[GameManager] Phase: BattleResult → Reward
[GameManager] Phase: Reward → FloorClear
[GameManager] フロア2クリア → 次へ
[GameManager] Phase: FloorClear → FloorIntro
[GameManager] --- フロア 3 [瘴気侵蝕] ---
[GameManager] Phase: FloorIntro → MapNavigation
[GameManager] MoveToNode: r1_l0 (phase=MapNavigation)
[GameManager] タイル起動: イベント (r1_l0)
[GameManager] Phase: MapNavigation → EventEncounter
[GameManager] Phase: EventEncounter → MapNavigation
[GameManager] MoveToNode: r2_l0 (phase=MapNavigation)
[GameManager] タイル起動: 戦闘 (r2_l0)
[GameManager] エンカウント: ダイアウルフ
[GameManager] Phase: MapNavigation → Combat
[GameManager] Phase: Combat → BattleResult
[GameManager] 戦闘結果: ダイアウルフ — 勝利 (4T) 残HP:25
[GameManager] 層デバフ: 戦闘後2ダメージ (HP:23)
[GameManager] Phase: BattleResult → Reward
[GameManager] Phase: Reward → MapNavigation
[GameManager] MoveToNode: r3_l0 (phase=MapNavigation)
[GameManager] タイル起動: ショップ (r3_l0)
[GameManager] EnterShop called
[GameManager] MapTransitionController.Instance = null
[GameManager] Phase: MapNavigation → ShopVisit
[GameManager] Phase: ShopVisit → MapNavigation
[GameManager] MoveToNode: r4_l1 (phase=MapNavigation)
[GameManager] タイル起動: 戦闘 (r4_l1)
[GameManager] エンカウント: コボルド
[GameManager] Phase: MapNavigation → Combat
[GameManager] Phase: Combat → BattleResult
[GameManager] 戦闘結果: コボルド — 勝利 (4T) 残HP:23
[GameManager] 層デバフ: 戦闘後2ダメージ (HP:21)
[GameManager] Phase: BattleResult → Reward
[GameManager] Phase: Reward → MapNavigation
[GameManager] MoveToNode: r5_l1 (phase=MapNavigation)
[GameManager] タイル起動: イベント (r5_l1)
[GameManager] Phase: MapNavigation → EventEncounter
[GameManager] Phase: EventEncounter → MapNavigation
[GameManager] MoveToNode: r6_l0 (phase=MapNavigation)
[GameManager] タイル起動: 戦闘 (r6_l0)
[GameManager] エンカウント: ハーピィ
[GameManager] Phase: MapNavigation → Combat
[GameManager] Phase: Combat → BattleResult
[GameManager] 戦闘結果: ハーピィ — 勝利 (7T) 残HP:18
[GameManager] 層デバフ: 戦闘後2ダメージ (HP:16)
[GameManager] Phase: BattleResult → Reward
[GameManager] Phase: Reward → MapNavigation
[GameManager] MoveToNode: r7_l0 (phase=MapNavigation)
[GameManager] タイル起動: 激戦 (r7_l0)
[GameManager] エンカウント: ハーピィ
[GameManager] Phase: MapNavigation → Combat
[GameManager] Phase: Combat → BattleResult
[GameManager] 戦闘結果: ハーピィ — 勝利 (6T) 残HP:3
[GameManager] 層デバフ: 戦闘後2ダメージ (HP:1)
[GameManager] 激戦2戦目: オーク
[GameManager] Phase: BattleResult → Combat
[GameManager] Phase: Combat → BattleResult
[GameManager] 戦闘結果: オーク — 敗北 (1T) 残HP:0
[GameManager] 救済発動: マップへ戻る
[GameManager] Phase: BattleResult → MapNavigation
[AutoRunner] ラストスタンド発動 (Floor 3)
[GameManager] MoveToNode: r8_l0 (phase=MapNavigation)
[GameManager] タイル起動: 秘宝 (r8_l0)
[GameManager] 宝箱: ゴールド+0, 投げ短剣の鞘
[GameManager] Phase: MapNavigation → TreasureOpen
[GameManager] Phase: TreasureOpen → MapNavigation
[GameManager] MoveToNode: r9_l0 (phase=MapNavigation)
[GameManager] タイル起動: 休憩 (r9_l0)
[GameManager] Phase: MapNavigation → RestStop
[GameManager] 休憩回復: +1HP (50%) (現在: 1/1)
[GameManager] Phase: RestStop → MapNavigation
[GameManager] MoveToNode: boss (phase=MapNavigation)
[GameManager] タイル起動: ボス (boss)
[GameManager] ボス戦: 凍れる吟遊詩人
[GameManager] Phase: MapNavigation → Combat
[GameManager] Phase: Combat → BattleResult
[GameManager] 戦闘結果: 凍れる吟遊詩人 — 勝利 (7T) 残HP:1
[GameManager] 層デバフ: 戦闘後2ダメージ (HP:1)
[GameManager] Phase: BattleResult → Reward
[GameManager] Phase: Reward → FloorClear
[GameManager] フロア3クリア → 次へ
[GameManager] Phase: FloorClear → FloorIntro
[GameManager] --- フロア 4 [煉獄の刻印] ---
[GameManager] Phase: FloorIntro → MapNavigation
[GameManager] MoveToNode: r1_l1 (phase=MapNavigation)
[GameManager] タイル起動: 戦闘 (r1_l1)
[GameManager] エンカウント: 鏡の双子
[GameManager] Phase: MapNavigation → Combat
[GameManager] Phase: Combat → BattleResult
[GameManager] 戦闘結果: 鏡の双子 — 勝利 (14T) 残HP:1
[GameManager] Phase: BattleResult → Reward
[GameManager] Phase: Reward → MapNavigation
[GameManager] MoveToNode: r2_l0 (phase=MapNavigation)
[GameManager] タイル起動: 戦闘 (r2_l0)
[GameManager] エンカウント: 鏡の双子
[GameManager] Phase: MapNavigation → Combat
[GameManager] Phase: Combat → BattleResult
[GameManager] 戦闘結果: 鏡の双子 — 勝利 (6T) 残HP:1
[GameManager] Phase: BattleResult → Reward
[GameManager] Phase: Reward → MapNavigation
[GameManager] MoveToNode: r3_l0 (phase=MapNavigation)
[GameManager] タイル起動: 罠 (r3_l0)
[GameManager] Phase: MapNavigation → TrapTriggered
[GameManager] Phase: TrapTriggered → MapNavigation
[GameManager] MoveToNode: r4_l0 (phase=MapNavigation)
[GameManager] タイル起動: イベント (r4_l0)
[AutoRunner] === RUN 35 終了: DEADLOCK (デッドロック) — ストール phase=EventEncounter node=r4_l0 floor=4 ===

########## RUN 36  [DEADLOCK デッドロック]  移動先なし(MapNavigation)
# reached F5 HP 1/1 coins 100 combats 21/22 LS=True
[GameManager] Phase: EventEncounter → RunStart
[GameManager] === ラン開始 === HP:30
[GameManager] Phase: RunStart → FloorIntro
[GameManager] --- フロア 1 [残光の加護] ---
[GameManager] Phase: FloorIntro → MapNavigation
[GameManager] MoveToNode: r1_l1 (phase=MapNavigation)
[GameManager] タイル起動: 戦闘 (r1_l1)
[GameManager] エンカウント: スライム
[GameManager] Phase: MapNavigation → Combat
[GameManager] Phase: Combat → BattleResult
[GameManager] 戦闘結果: スライム — 勝利 (1T) 残HP:30
[GameManager] Phase: BattleResult → Reward
[GameManager] Phase: Reward → MapNavigation
[GameManager] MoveToNode: r2_l0 (phase=MapNavigation)
[GameManager] タイル起動: 秘宝 (r2_l0)
[GameManager] 宝箱: ゴールド+4, 木のダイス
[GameManager] Phase: MapNavigation → TreasureOpen
[GameManager] Phase: TreasureOpen → MapNavigation
[GameManager] MoveToNode: r3_l0 (phase=MapNavigation)
[GameManager] タイル起動: 激戦 (r3_l0)
[GameManager] エンカウント: ゴブリン
[GameManager] Phase: MapNavigation → Combat
[GameManager] Phase: Combat → BattleResult
[GameManager] 戦闘結果: ゴブリン — 勝利 (2T) 残HP:30
[GameManager] 激戦2戦目: スライム
[GameManager] Phase: BattleResult → Combat
[GameManager] Phase: Combat → BattleResult
[GameManager] 戦闘結果: スライム — 勝利 (3T) 残HP:30
[GameManager] Phase: BattleResult → Reward
[GameManager] Phase: Reward → MapNavigation
[GameManager] MoveToNode: r4_l1 (phase=MapNavigation)
[GameManager] タイル起動: イベント (r4_l1)
[GameManager] Phase: MapNavigation → EventEncounter
[GameManager] Phase: EventEncounter → MapNavigation
[GameManager] MoveToNode: r5_l1 (phase=MapNavigation)
[GameManager] タイル起動: 戦闘 (r5_l1)
[GameManager] エンカウント: ゴブリン
[GameManager] Phase: MapNavigation → Combat
[GameManager] Phase: Combat → BattleResult
[GameManager] 戦闘結果: ゴブリン — 勝利 (3T) 残HP:30
[GameManager] Phase: BattleResult → Reward
[GameManager] Phase: Reward → MapNavigation
[GameManager] MoveToNode: r6_l2 (phase=MapNavigation)
[GameManager] タイル起動: ショップ (r6_l2)
[GameManager] EnterShop called
[GameManager] MapTransitionController.Instance = null
[GameManager] Phase: MapNavigation → ShopVisit
[GameManager] Phase: ShopVisit → MapNavigation
[GameManager] MoveToNode: r7_l2 (phase=MapNavigation)
[GameManager] タイル起動: 戦闘 (r7_l2)
[GameManager] エンカウント: スライム
[GameManager] Phase: MapNavigation → Combat
[GameManager] Phase: Combat → BattleResult
[GameManager] 戦闘結果: スライム — 勝利 (2T) 残HP:30
[GameManager] Phase: BattleResult → Reward
[GameManager] Phase: Reward → MapNavigation
[GameManager] MoveToNode: r8_l2 (phase=MapNavigation)
[GameManager] タイル起動: 秘宝 (r8_l2)
[GameManager] 宝箱: ゴールド+2, 小回復ポーション
[GameManager] Phase: MapNavigation → TreasureOpen
[GameManager] Phase: TreasureOpen → MapNavigation
[GameManager] MoveToNode: r9_l2 (phase=MapNavigation)
[GameManager] タイル起動: 休憩 (r9_l2)
[GameManager] Phase: MapNavigation → RestStop
[GameManager] 休憩回復: +9HP (30%) (現在: 30/30)
[GameManager] Phase: RestStop → MapNavigation
[GameManager] MoveToNode: boss (phase=MapNavigation)
[GameManager] タイル起動: ボス (boss)
[GameManager] ボス 'boss_layer1' 未定義 — フロア1のプールから抽選
[GameManager] ボス戦: ゴブリン
[GameManager] Phase: MapNavigation → Combat
[GameManager] Phase: Combat → BattleResult
[GameManager] 戦闘結果: ゴブリン — 勝利 (2T) 残HP:30
[GameManager] Phase: BattleResult → Reward
[GameManager] Phase: Reward → FloorClear
[GameManager] フロア1クリア → 次へ
[GameManager] 層デバフ: MaxHP-5 → 25
[GameManager] Phase: FloorClear → FloorIntro
[GameManager] --- フロア 2 [嘆きの共鳴] ---
[GameManager] Phase: FloorIntro → MapNavigation
[GameManager] MoveToNode: r1_l0 (phase=MapNavigation)
[GameManager] タイル起動: 戦闘 (r1_l0)
[GameManager] エンカウント: 13番目の死
[GameManager] Phase: MapNavigation → Combat
[GameManager] Phase: Combat → BattleResult
[GameManager] 戦闘結果: 13番目の死 — 勝利 (4T) 残HP:25
[GameManager] Phase: BattleResult → Reward
[GameManager] Phase: Reward → MapNavigation
[GameManager] MoveToNode: r2_l0 (phase=MapNavigation)
[GameManager] タイル起動: イベント (r2_l0)
[GameManager] Phase: MapNavigation → EventEncounter
[GameManager] Phase: EventEncounter → MapNavigation
[GameManager] MoveToNode: r3_l0 (phase=MapNavigation)
[GameManager] タイル起動: 秘宝 (r3_l0)
[GameManager] 宝箱: ゴールド+4, 安らぎの靴
[GameManager] Phase: MapNavigation → TreasureOpen
[GameManager] Phase: TreasureOpen → MapNavigation
[GameManager] MoveToNode: r4_l0 (phase=MapNavigation)
[GameManager] タイル起動: 激戦 (r4_l0)
[GameManager] エンカウント: ゴブリン王
[GameManager] Phase: MapNavigation → Combat
[GameManager] Phase: Combat → BattleResult
[GameManager] 戦闘結果: ゴブリン王 — 勝利 (5T) 残HP:25
[GameManager] 激戦2戦目: スライム
[GameManager] Phase: BattleResult → Combat
[GameManager] Phase: Combat → BattleResult
[GameManager] 戦闘結果: スライム — 勝利 (1T) 残HP:25
[GameManager] Phase: BattleResult → Reward
[GameManager] Phase: Reward → MapNavigation
[GameManager] MoveToNode: r5_l0 (phase=MapNavigation)
[GameManager] タイル起動: 罠 (r5_l0)
[GameManager] Phase: MapNavigation → TrapTriggered
[GameManager] Phase: TrapTriggered → MapNavigation
[GameManager] MoveToNode: r6_l0 (phase=MapNavigation)
[GameManager] タイル起動: 秘宝 (r6_l0)
[GameManager] 宝箱: ゴールド+12, 死神の数珠
[GameManager] Phase: MapNavigation → TreasureOpen
[GameManager] Phase: TreasureOpen → MapNavigation
[GameManager] MoveToNode: r7_l1 (phase=MapNavigation)
[GameManager] タイル起動: 戦闘 (r7_l1)
[GameManager] エンカウント: コボルド
[GameManager] Phase: MapNavigation → Combat
[GameManager] Phase: Combat → BattleResult
[GameManager] 戦闘結果: コボルド — 勝利 (1T) 残HP:25
[GameManager] Phase: BattleResult → Reward
[GameManager] Phase: Reward → MapNavigation
[GameManager] MoveToNode: r8_l1 (phase=MapNavigation)
[GameManager] タイル起動: 秘宝 (r8_l1)
[GameManager] 宝箱: ゴールド+12, 治癒の指輪
[GameManager] Phase: MapNavigation → TreasureOpen
[GameManager] Phase: TreasureOpen → MapNavigation
[GameManager] MoveToNode: r9_l1 (phase=MapNavigation)
[GameManager] タイル起動: 休憩 (r9_l1)
[GameManager] Phase: MapNavigation → RestStop
[GameManager] 休憩回復: +8HP (30%) (現在: 25/25)
[GameManager] Phase: RestStop → MapNavigation
[GameManager] MoveToNode: boss (phase=MapNavigation)
[GameManager] タイル起動: ボス (boss)
[GameManager] ボス戦: ゴブリン王
[GameManager] Phase: MapNavigation → Combat
[GameManager] Phase: Combat → BattleResult
[GameManager] 戦闘結果: ゴブリン王 — 勝利 (13T) 残HP:25
[GameManager] Phase: BattleResult → Reward
[GameManager] Phase: Reward → FloorClear
[GameManager] フロア2クリア → 次へ
[GameManager] Phase: FloorClear → FloorIntro
[GameManager] --- フロア 3 [瘴気侵蝕] ---
[GameManager] Phase: FloorIntro → MapNavigation
[GameManager] MoveToNode: r1_l2 (phase=MapNavigation)
[GameManager] タイル起動: 戦闘 (r1_l2)
[GameManager] エンカウント: 凍れる吟遊詩人
[GameManager] Phase: MapNavigation → Combat
[GameManager] Phase: Combat → BattleResult
[GameManager] 戦闘結果: 凍れる吟遊詩人 — 勝利 (10T) 残HP:25
[GameManager] 層デバフ: 戦闘後2ダメージ (HP:23)
[GameManager] Phase: BattleResult → Reward
[GameManager] Phase: Reward → MapNavigation
[GameManager] MoveToNode: r2_l2 (phase=MapNavigation)
[GameManager] タイル起動: イベント (r2_l2)
[GameManager] Phase: MapNavigation → EventEncounter
[GameManager] Phase: EventEncounter → MapNavigation
[GameManager] MoveToNode: r3_l2 (phase=MapNavigation)
[GameManager] タイル起動: 戦闘 (r3_l2)
[GameManager] エンカウント: ハーピィ
[GameManager] Phase: MapNavigation → Combat
[GameManager] Phase: Combat → BattleResult
[GameManager] 戦闘結果: ハーピィ — 勝利 (13T) 残HP:10
[GameManager] 層デバフ: 戦闘後2ダメージ (HP:8)
[GameManager] Phase: BattleResult → Reward
[GameManager] Phase: Reward → MapNavigation
[GameManager] MoveToNode: r4_l1 (phase=MapNavigation)
[GameManager] タイル起動: 休憩 (r4_l1)
[GameManager] Phase: MapNavigation → RestStop
[GameManager] 休憩回復: +13HP (50%) (現在: 22/25)
[GameManager] Phase: RestStop → MapNavigation
[GameManager] MoveToNode: r5_l1 (phase=MapNavigation)
[GameManager] タイル起動: 戦闘 (r5_l1)
[GameManager] エンカウント: 凍れる吟遊詩人
[GameManager] Phase: MapNavigation → Combat
[GameManager] Phase: Combat → BattleResult
[GameManager] 戦闘結果: 凍れる吟遊詩人 — 勝利 (11T) 残HP:23
[GameManager] 層デバフ: 戦闘後2ダメージ (HP:21)
[GameManager] Phase: BattleResult → Reward
[GameManager] Phase: Reward → MapNavigation
[GameManager] MoveToNode: r6_l2 (phase=MapNavigation)
[GameManager] タイル起動: 戦闘 (r6_l2)
[GameManager] エンカウント: スライム
[GameManager] Phase: MapNavigation → Combat
[GameManager] Phase: Combat → BattleResult
[GameManager] 戦闘結果: スライム — 勝利 (1T) 残HP:22
[GameManager] 層デバフ: 戦闘後2ダメージ (HP:20)
[GameManager] Phase: BattleResult → Reward
[GameManager] Phase: Reward → MapNavigation
[GameManager] MoveToNode: r7_l2 (phase=MapNavigation)
[GameManager] タイル起動: イベント (r7_l2)
[GameManager] Phase: MapNavigation → EventEncounter
[GameManager] Phase: EventEncounter → MapNavigation
[GameManager] MoveToNode: r8_l2 (phase=MapNavigation)
[GameManager] タイル起動: 秘宝 (r8_l2)
[GameManager] 宝箱: ゴールド+15, 灯心の鈴
[GameManager] Phase: MapNavigation → TreasureOpen
[GameManager] Phase: TreasureOpen → MapNavigation
[GameManager] MoveToNode: r9_l2 (phase=MapNavigation)
[GameManager] タイル起動: 休憩 (r9_l2)
[GameManager] Phase: MapNavigation → RestStop
[GameManager] 休憩回復: +13HP (50%) (現在: 25/25)
[GameManager] Phase: RestStop → MapNavigation
[GameManager] MoveToNode: boss (phase=MapNavigation)
[GameManager] タイル起動: ボス (boss)
[GameManager] ボス戦: 凍れる吟遊詩人
[GameManager] Phase: MapNavigation → Combat
[GameManager] Phase: Combat → BattleResult
[GameManager] 戦闘結果: 凍れる吟遊詩人 — 勝利 (12T) 残HP:25
[GameManager] 層デバフ: 戦闘後2ダメージ (HP:23)
[GameManager] Phase: BattleResult → Reward
[GameManager] Phase: Reward → FloorClear
[GameManager] フロア3クリア → 次へ
[GameManager] Phase: FloorClear → FloorIntro
[GameManager] --- フロア 4 [煉獄の刻印] ---
[GameManager] Phase: FloorIntro → MapNavigation
[GameManager] MoveToNode: r1_l2 (phase=MapNavigation)
[GameManager] タイル起動: 戦闘 (r1_l2)
[GameManager] エンカウント: リザードマン
[GameManager] Phase: MapNavigation → Combat
[GameManager] Phase: Combat → BattleResult
[GameManager] 戦闘結果: リザードマン — 勝利 (9T) 残HP:22
[GameManager] Phase: BattleResult → Reward
[GameManager] Phase: Reward → MapNavigation
[GameManager] MoveToNode: r2_l2 (phase=MapNavigation)
[GameManager] タイル起動: 秘宝 (r2_l2)
[GameManager] 宝箱: ゴールド+8, 鋼の籠手
[GameManager] Phase: MapNavigation → TreasureOpen
[GameManager] Phase: TreasureOpen → MapNavigation
[GameManager] MoveToNode: r3_l2 (phase=MapNavigation)
[GameManager] タイル起動: 罠 (r3_l2)
[GameManager] Phase: MapNavigation → TrapTriggered
[GameManager] Phase: TrapTriggered → MapNavigation
[GameManager] MoveToNode: r4_l2 (phase=MapNavigation)
[GameManager] タイル起動: 戦闘 (r4_l2)
[GameManager] エンカウント: ゴブリン
[GameManager] Phase: MapNavigation → Combat
[GameManager] Phase: Combat → BattleResult
[GameManager] 戦闘結果: ゴブリン — 勝利 (3T) 残HP:25
[GameManager] Phase: BattleResult → Reward
[GameManager] Phase: Reward → MapNavigation
[GameManager] MoveToNode: r5_l1 (phase=MapNavigation)
[GameManager] タイル起動: イベント (r5_l1)
[GameManager] Phase: MapNavigation → EventEncounter
[GameManager] Phase: EventEncounter → MapNavigation
[GameManager] MoveToNode: r6_l0 (phase=MapNavigation)
[AutoRunner] ラストスタンド発動 (Floor 5)
[AutoRunner] === RUN 36 終了: DEADLOCK (デッドロック) — 移動先なし(MapNavigation) ===

########## RUN 37  [R4 3Fで死亡]  敗北 cause=CombatLoss
# reached F3 HP 0/1 coins 86 combats 15/17 LS=True
[GameManager] Phase: MapNavigation → RunStart
[GameManager] === ラン開始 === HP:30
[GameManager] Phase: RunStart → FloorIntro
[GameManager] --- フロア 1 [残光の加護] ---
[GameManager] Phase: FloorIntro → MapNavigation
[GameManager] MoveToNode: r1_l1 (phase=MapNavigation)
[GameManager] タイル起動: 戦闘 (r1_l1)
[GameManager] エンカウント: ゴブリン
[GameManager] Phase: MapNavigation → Combat
[GameManager] Phase: Combat → BattleResult
[GameManager] 戦闘結果: ゴブリン — 勝利 (4T) 残HP:28
[GameManager] Phase: BattleResult → Reward
[GameManager] Phase: Reward → MapNavigation
[GameManager] MoveToNode: r2_l1 (phase=MapNavigation)
[GameManager] タイル起動: 戦闘 (r2_l1)
[GameManager] エンカウント: スライム
[GameManager] Phase: MapNavigation → Combat
[GameManager] Phase: Combat → BattleResult
[GameManager] 戦闘結果: スライム — 勝利 (2T) 残HP:28
[GameManager] Phase: BattleResult → Reward
[GameManager] Phase: Reward → MapNavigation
[GameManager] MoveToNode: r3_l1 (phase=MapNavigation)
[GameManager] タイル起動: 戦闘 (r3_l1)
[GameManager] エンカウント: スライム
[GameManager] Phase: MapNavigation → Combat
[GameManager] Phase: Combat → BattleResult
[GameManager] 戦闘結果: スライム — 勝利 (1T) 残HP:28
[GameManager] Phase: BattleResult → Reward
[GameManager] Phase: Reward → MapNavigation
[GameManager] MoveToNode: r4_l1 (phase=MapNavigation)
[GameManager] タイル起動: 戦闘 (r4_l1)
[GameManager] エンカウント: スライム
[GameManager] Phase: MapNavigation → Combat
[GameManager] Phase: Combat → BattleResult
[GameManager] 戦闘結果: スライム — 勝利 (1T) 残HP:28
[GameManager] Phase: BattleResult → Reward
[GameManager] Phase: Reward → MapNavigation
[GameManager] MoveToNode: r5_l1 (phase=MapNavigation)
[GameManager] タイル起動: 罠 (r5_l1)
[GameManager] Phase: MapNavigation → TrapTriggered
[GameManager] Phase: TrapTriggered → MapNavigation
[GameManager] MoveToNode: r6_l1 (phase=MapNavigation)
[GameManager] タイル起動: イベント (r6_l1)
[GameManager] Phase: MapNavigation → EventEncounter
[GameManager] Phase: EventEncounter → MapNavigation
[GameManager] MoveToNode: r7_l0 (phase=MapNavigation)
[GameManager] タイル起動: 戦闘 (r7_l0)
[GameManager] エンカウント: スライム
[GameManager] Phase: MapNavigation → Combat
[GameManager] Phase: Combat → BattleResult
[GameManager] 戦闘結果: スライム — 勝利 (1T) 残HP:30
[GameManager] Phase: BattleResult → Reward
[GameManager] Phase: Reward → MapNavigation
[GameManager] MoveToNode: r8_l0 (phase=MapNavigation)
[GameManager] タイル起動: 秘宝 (r8_l0)
[GameManager] 宝箱: ゴールド+3, 投げ短剣の鞘
[GameManager] Phase: MapNavigation → TreasureOpen
[GameManager] Phase: TreasureOpen → MapNavigation
[GameManager] MoveToNode: r9_l0 (phase=MapNavigation)
[GameManager] タイル起動: 休憩 (r9_l0)
[GameManager] Phase: MapNavigation → RestStop
[GameManager] 休憩回復: +9HP (30%) (現在: 30/30)
[GameManager] Phase: RestStop → MapNavigation
[GameManager] MoveToNode: boss (phase=MapNavigation)
[GameManager] タイル起動: ボス (boss)
[GameManager] ボス 'boss_layer1' 未定義 — フロア1のプールから抽選
[GameManager] ボス戦: ゴブリン
[GameManager] Phase: MapNavigation → Combat
[GameManager] Phase: Combat → BattleResult
[GameManager] 戦闘結果: ゴブリン — 勝利 (2T) 残HP:30
[GameManager] Phase: BattleResult → Reward
[GameManager] Phase: Reward → FloorClear
[GameManager] フロア1クリア → 次へ
[GameManager] 層デバフ: MaxHP-5 → 25
[GameManager] Phase: FloorClear → FloorIntro
[GameManager] --- フロア 2 [嘆きの共鳴] ---
[GameManager] Phase: FloorIntro → MapNavigation
[GameManager] MoveToNode: r1_l0 (phase=MapNavigation)
[GameManager] タイル起動: 戦闘 (r1_l0)
[GameManager] エンカウント: 13番目の死
[GameManager] Phase: MapNavigation → Combat
[GameManager] Phase: Combat → BattleResult
[GameManager] 戦闘結果: 13番目の死 — 勝利 (2T) 残HP:25
[GameManager] Phase: BattleResult → Reward
[GameManager] Phase: Reward → MapNavigation
[GameManager] MoveToNode: r2_l0 (phase=MapNavigation)
[GameManager] タイル起動: ショップ (r2_l0)
[GameManager] EnterShop called
[GameManager] MapTransitionController.Instance = null
[GameManager] Phase: MapNavigation → ShopVisit
[GameManager] Phase: ShopVisit → MapNavigation
[GameManager] MoveToNode: r3_l0 (phase=MapNavigation)
[GameManager] タイル起動: 戦闘 (r3_l0)
[GameManager] エンカウント: ダイアウルフ
[GameManager] Phase: MapNavigation → Combat
[GameManager] Phase: Combat → BattleResult
[GameManager] 戦闘結果: ダイアウルフ — 勝利 (2T) 残HP:25
[GameManager] Phase: BattleResult → Reward
[GameManager] Phase: Reward → MapNavigation
[GameManager] MoveToNode: r4_l0 (phase=MapNavigation)
[GameManager] タイル起動: 罠 (r4_l0)
[GameManager] Phase: MapNavigation → TrapTriggered
[GameManager] Phase: TrapTriggered → MapNavigation
[GameManager] MoveToNode: r5_l0 (phase=MapNavigation)
[GameManager] タイル起動: 戦闘 (r5_l0)
[GameManager] エンカウント: ゴブリン
[GameManager] Phase: MapNavigation → Combat
[GameManager] Phase: Combat → BattleResult
[GameManager] 戦闘結果: ゴブリン — 勝利 (1T) 残HP:25
[GameManager] Phase: BattleResult → Reward
[GameManager] Phase: Reward → MapNavigation
[GameManager] MoveToNode: r6_l0 (phase=MapNavigation)
[GameManager] タイル起動: 戦闘 (r6_l0)
[GameManager] エンカウント: スケルトン
[GameManager] Phase: MapNavigation → Combat
[GameManager] Phase: Combat → BattleResult
[GameManager] 戦闘結果: スケルトン — 勝利 (1T) 残HP:25
[GameManager] Phase: BattleResult → Reward
[GameManager] Phase: Reward → MapNavigation
[GameManager] MoveToNode: r7_l1 (phase=MapNavigation)
[GameManager] タイル起動: 戦闘 (r7_l1)
[GameManager] エンカウント: コボルド
[GameManager] Phase: MapNavigation → Combat
[GameManager] Phase: Combat → BattleResult
[GameManager] 戦闘結果: コボルド — 勝利 (2T) 残HP:23
[GameManager] Phase: BattleResult → Reward
[GameManager] Phase: Reward → MapNavigation
[GameManager] MoveToNode: r8_l1 (phase=MapNavigation)
[GameManager] タイル起動: 秘宝 (r8_l1)
[GameManager] 宝箱: ゴールド+14, 鎖帷子
[GameManager] Phase: MapNavigation → TreasureOpen
[GameManager] Phase: TreasureOpen → MapNavigation
[GameManager] MoveToNode: r9_l1 (phase=MapNavigation)
[GameManager] タイル起動: 休憩 (r9_l1)
[GameManager] Phase: MapNavigation → RestStop
[GameManager] 休憩回復: +8HP (30%) (現在: 25/25)
[GameManager] Phase: RestStop → MapNavigation
[GameManager] MoveToNode: boss (phase=MapNavigation)
[GameManager] タイル起動: ボス (boss)
[GameManager] ボス戦: ゴブリン王
[GameManager] Phase: MapNavigation → Combat
[GameManager] Phase: Combat → BattleResult
[GameManager] 戦闘結果: ゴブリン王 — 勝利 (4T) 残HP:25
[GameManager] Phase: BattleResult → Reward
[GameManager] Phase: Reward → FloorClear
[GameManager] フロア2クリア → 次へ
[GameManager] Phase: FloorClear → FloorIntro
[GameManager] --- フロア 3 [瘴気侵蝕] ---
[GameManager] Phase: FloorIntro → MapNavigation
[GameManager] MoveToNode: r1_l1 (phase=MapNavigation)
[GameManager] タイル起動: 戦闘 (r1_l1)
[GameManager] エンカウント: ゴブリン王
[GameManager] Phase: MapNavigation → Combat
[GameManager] Phase: Combat → BattleResult
[GameManager] 戦闘結果: ゴブリン王 — 勝利 (4T) 残HP:25
[GameManager] 層デバフ: 戦闘後2ダメージ (HP:23)
[GameManager] Phase: BattleResult → Reward
[GameManager] Phase: Reward → MapNavigation
[GameManager] MoveToNode: r2_l1 (phase=MapNavigation)
[GameManager] タイル起動: 激戦 (r2_l1)
[GameManager] エンカウント: オーク
[GameManager] Phase: MapNavigation → Combat
[GameManager] Phase: Combat → BattleResult
[GameManager] 戦闘結果: オーク — 勝利 (9T) 残HP:20
[GameManager] 層デバフ: 戦闘後2ダメージ (HP:18)
[GameManager] 激戦2戦目: ハーピィ
[GameManager] Phase: BattleResult → Combat
[GameManager] Phase: Combat → BattleResult
[GameManager] 戦闘結果: ハーピィ — 敗北 (8T) 残HP:0
[GameManager] 救済発動: マップへ戻る
[GameManager] Phase: BattleResult → MapNavigation
[AutoRunner] ラストスタンド発動 (Floor 3)
[GameManager] MoveToNode: r3_l0 (phase=MapNavigation)
[GameManager] タイル起動: 戦闘 (r3_l0)
[GameManager] エンカウント: スケルトン
[GameManager] Phase: MapNavigation → Combat
[GameManager] Phase: Combat → BattleResult
[GameManager] 戦闘結果: スケルトン — 勝利 (3T) 残HP:1
[GameManager] 層デバフ: 戦闘後2ダメージ (HP:1)
[GameManager] Phase: BattleResult → Reward
[GameManager] Phase: Reward → MapNavigation
[GameManager] MoveToNode: r4_l0 (phase=MapNavigation)
[GameManager] タイル起動: 戦闘 (r4_l0)
[GameManager] エンカウント: ハーピィ
[GameManager] Phase: MapNavigation → Combat
[GameManager] Phase: Combat → BattleResult
[GameManager] 戦闘結果: ハーピィ — 敗北 (3T) 残HP:0
[GameManager] Phase: BattleResult → GameOver
[AutoRunner] === RUN 37 終了: R4 (3Fで死亡) — 敗北 cause=CombatLoss ===

########## RUN 38  [DEADLOCK デッドロック]  移動先なし(MapNavigation)
# reached F5 HP 1/1 coins 81 combats 23/24 LS=True
[GameManager] Phase: GameOver → Title
[GameManager] Phase: Title → RunStart
[GameManager] === ラン開始 === HP:30
[GameManager] Phase: RunStart → FloorIntro
[GameManager] --- フロア 1 [残光の加護] ---
[GameManager] Phase: FloorIntro → MapNavigation
[GameManager] MoveToNode: r1_l0 (phase=MapNavigation)
[GameManager] タイル起動: 戦闘 (r1_l0)
[GameManager] エンカウント: スライム
[GameManager] Phase: MapNavigation → Combat
[GameManager] Phase: Combat → BattleResult
[GameManager] 戦闘結果: スライム — 勝利 (2T) 残HP:30
[GameManager] Phase: BattleResult → Reward
[GameManager] Phase: Reward → MapNavigation
[GameManager] MoveToNode: r2_l0 (phase=MapNavigation)
[GameManager] タイル起動: ショップ (r2_l0)
[GameManager] EnterShop called
[GameManager] MapTransitionController.Instance = null
[GameManager] Phase: MapNavigation → ShopVisit
[GameManager] Phase: ShopVisit → MapNavigation
[GameManager] MoveToNode: r3_l0 (phase=MapNavigation)
[GameManager] タイル起動: 戦闘 (r3_l0)
[GameManager] エンカウント: スライム
[GameManager] Phase: MapNavigation → Combat
[GameManager] Phase: Combat → BattleResult
[GameManager] 戦闘結果: スライム — 勝利 (2T) 残HP:30
[GameManager] Phase: BattleResult → Reward
[GameManager] Phase: Reward → MapNavigation
[GameManager] MoveToNode: r4_l0 (phase=MapNavigation)
[GameManager] タイル起動: イベント (r4_l0)
[GameManager] Phase: MapNavigation → EventEncounter
[GameManager] Phase: EventEncounter → MapNavigation
[GameManager] MoveToNode: r5_l1 (phase=MapNavigation)
[GameManager] タイル起動: 戦闘 (r5_l1)
[GameManager] エンカウント: スライム
[GameManager] Phase: MapNavigation → Combat
[GameManager] Phase: Combat → BattleResult
[GameManager] 戦闘結果: スライム — 勝利 (2T) 残HP:30
[GameManager] Phase: BattleResult → Reward
[GameManager] Phase: Reward → MapNavigation
[GameManager] MoveToNode: r6_l0 (phase=MapNavigation)
[GameManager] タイル起動: ショップ (r6_l0)
[GameManager] EnterShop called
[GameManager] MapTransitionController.Instance = null
[GameManager] Phase: MapNavigation → ShopVisit
[GameManager] Phase: ShopVisit → MapNavigation
[GameManager] MoveToNode: r7_l0 (phase=MapNavigation)
[GameManager] タイル起動: 戦闘 (r7_l0)
[GameManager] エンカウント: ゴブリン
[GameManager] Phase: MapNavigation → Combat
[GameManager] Phase: Combat → BattleResult
[GameManager] 戦闘結果: ゴブリン — 勝利 (4T) 残HP:30
[GameManager] Phase: BattleResult → Reward
[GameManager] Phase: Reward → MapNavigation
[GameManager] MoveToNode: r8_l0 (phase=MapNavigation)
[GameManager] タイル起動: 秘宝 (r8_l0)
[GameManager] 宝箱: ゴールド+3, 静寂のローブ
[GameManager] Phase: MapNavigation → TreasureOpen
[GameManager] Phase: TreasureOpen → MapNavigation
[GameManager] MoveToNode: r9_l0 (phase=MapNavigation)
[GameManager] タイル起動: 休憩 (r9_l0)
[GameManager] Phase: MapNavigation → RestStop
[GameManager] 休憩回復: +9HP (30%) (現在: 30/30)
[GameManager] Phase: RestStop → MapNavigation
[GameManager] MoveToNode: boss (phase=MapNavigation)
[GameManager] タイル起動: ボス (boss)
[GameManager] ボス 'boss_layer1' 未定義 — フロア1のプールから抽選
[GameManager] ボス戦: スライム
[GameManager] Phase: MapNavigation → Combat
[GameManager] Phase: Combat → BattleResult
[GameManager] 戦闘結果: スライム — 勝利 (3T) 残HP:30
[GameManager] Phase: BattleResult → Reward
[GameManager] Phase: Reward → FloorClear
[GameManager] フロア1クリア → 次へ
[GameManager] 層デバフ: MaxHP-5 → 25
[GameManager] Phase: FloorClear → FloorIntro
[GameManager] --- フロア 2 [嘆きの共鳴] ---
[GameManager] Phase: FloorIntro → MapNavigation
[GameManager] MoveToNode: r1_l1 (phase=MapNavigation)
[GameManager] タイル起動: 戦闘 (r1_l1)
[GameManager] エンカウント: スケルトン
[GameManager] Phase: MapNavigation → Combat
[GameManager] Phase: Combat → BattleResult
[GameManager] 戦闘結果: スケルトン — 勝利 (5T) 残HP:24
[GameManager] Phase: BattleResult → Reward
[GameManager] Phase: Reward → MapNavigation
[GameManager] MoveToNode: r2_l0 (phase=MapNavigation)
[GameManager] タイル起動: 戦闘 (r2_l0)
[GameManager] エンカウント: コボルド
[GameManager] Phase: MapNavigation → Combat
[GameManager] Phase: Combat → BattleResult
[GameManager] 戦闘結果: コボルド — 勝利 (4T) 残HP:24
[GameManager] Phase: BattleResult → Reward
[GameManager] Phase: Reward → MapNavigation
[GameManager] MoveToNode: r3_l0 (phase=MapNavigation)
[GameManager] タイル起動: ショップ (r3_l0)
[GameManager] EnterShop called
[GameManager] MapTransitionController.Instance = null
[GameManager] Phase: MapNavigation → ShopVisit
[GameManager] Phase: ShopVisit → MapNavigation
[GameManager] MoveToNode: r4_l0 (phase=MapNavigation)
[GameManager] タイル起動: 戦闘 (r4_l0)
[GameManager] エンカウント: ダイアウルフ
[GameManager] Phase: MapNavigation → Combat
[GameManager] Phase: Combat → BattleResult
[GameManager] 戦闘結果: ダイアウルフ — 勝利 (12T) 残HP:6
[GameManager] Phase: BattleResult → Reward
[GameManager] Phase: Reward → MapNavigation
[GameManager] MoveToNode: r5_l0 (phase=MapNavigation)
[GameManager] タイル起動: 戦闘 (r5_l0)
[GameManager] エンカウント: スケルトン
[GameManager] Phase: MapNavigation → Combat
[GameManager] Phase: Combat → BattleResult
[GameManager] 戦闘結果: スケルトン — 勝利 (3T) 残HP:4
[GameManager] Phase: BattleResult → Reward
[GameManager] Phase: Reward → MapNavigation
[GameManager] MoveToNode: r6_l1 (phase=MapNavigation)
[GameManager] タイル起動: 休憩 (r6_l1)
[GameManager] Phase: MapNavigation → RestStop
[GameManager] 休憩回復: +8HP (30%) (現在: 12/25)
[GameManager] Phase: RestStop → MapNavigation
[GameManager] MoveToNode: r7_l1 (phase=MapNavigation)
[GameManager] タイル起動: イベント (r7_l1)
[GameManager] Phase: MapNavigation → EventEncounter
[GameManager] Phase: EventEncounter → MapNavigation
[GameManager] MoveToNode: r8_l1 (phase=MapNavigation)
[GameManager] タイル起動: 秘宝 (r8_l1)
[GameManager] 宝箱: ゴールド+12, 灯心の鈴
[GameManager] Phase: MapNavigation → TreasureOpen
[GameManager] Phase: TreasureOpen → MapNavigation
[GameManager] MoveToNode: r9_l1 (phase=MapNavigation)
[GameManager] タイル起動: 休憩 (r9_l1)
[GameManager] Phase: MapNavigation → RestStop
[GameManager] 休憩回復: +8HP (30%) (現在: 20/25)
[GameManager] Phase: RestStop → MapNavigation
[GameManager] MoveToNode: boss (phase=MapNavigation)
[GameManager] タイル起動: ボス (boss)
[GameManager] ボス戦: ゴブリン王
[GameManager] Phase: MapNavigation → Combat
[GameManager] Phase: Combat → BattleResult
[GameManager] 戦闘結果: ゴブリン王 — 勝利 (10T) 残HP:16
[GameManager] Phase: BattleResult → Reward
[GameManager] Phase: Reward → FloorClear
[GameManager] フロア2クリア → 次へ
[GameManager] Phase: FloorClear → FloorIntro
[GameManager] --- フロア 3 [瘴気侵蝕] ---
[GameManager] Phase: FloorIntro → MapNavigation
[GameManager] MoveToNode: r1_l2 (phase=MapNavigation)
[GameManager] タイル起動: 秘宝 (r1_l2)
[GameManager] 宝箱: ゴールド+12, 鎖帷子
[GameManager] Phase: MapNavigation → TreasureOpen
[GameManager] Phase: TreasureOpen → MapNavigation
[GameManager] MoveToNode: r2_l2 (phase=MapNavigation)
[GameManager] タイル起動: ショップ (r2_l2)
[GameManager] EnterShop called
[GameManager] MapTransitionController.Instance = null
[GameManager] Phase: MapNavigation → ShopVisit
[GameManager] Phase: ShopVisit → MapNavigation
[GameManager] MoveToNode: r3_l2 (phase=MapNavigation)
[GameManager] タイル起動: 戦闘 (r3_l2)
[GameManager] エンカウント: ハーピィ
[GameManager] Phase: MapNavigation → Combat
[GameManager] Phase: Combat → BattleResult
[GameManager] 戦闘結果: ハーピィ — 勝利 (7T) 残HP:19
[GameManager] 層デバフ: 戦闘後2ダメージ (HP:17)
[GameManager] Phase: BattleResult → Reward
[GameManager] Phase: Reward → MapNavigation
[GameManager] MoveToNode: r4_l2 (phase=MapNavigation)
[GameManager] タイル起動: 戦闘 (r4_l2)
[GameManager] エンカウント: ゴブリン王
[GameManager] Phase: MapNavigation → Combat
[GameManager] Phase: Combat → BattleResult
[GameManager] 戦闘結果: ゴブリン王 — 勝利 (9T) 残HP:15
[GameManager] 層デバフ: 戦闘後2ダメージ (HP:13)
[GameManager] Phase: BattleResult → Reward
[GameManager] Phase: Reward → MapNavigation
[GameManager] MoveToNode: r5_l2 (phase=MapNavigation)
[GameManager] タイル起動: 戦闘 (r5_l2)
[GameManager] エンカウント: 凍れる吟遊詩人
[GameManager] Phase: MapNavigation → Combat
[GameManager] Phase: Combat → BattleResult
[GameManager] 戦闘結果: 凍れる吟遊詩人 — 勝利 (9T) 残HP:13
[GameManager] 層デバフ: 戦闘後2ダメージ (HP:11)
[GameManager] Phase: BattleResult → Reward
[GameManager] Phase: Reward → MapNavigation
[GameManager] MoveToNode: r6_l2 (phase=MapNavigation)
[GameManager] タイル起動: ショップ (r6_l2)
[GameManager] EnterShop called
[GameManager] MapTransitionController.Instance = null
[GameManager] Phase: MapNavigation → ShopVisit
[GameManager] Phase: ShopVisit → MapNavigation
[GameManager] MoveToNode: r7_l1 (phase=MapNavigation)
[GameManager] タイル起動: ショップ (r7_l1)
[GameManager] EnterShop called
[GameManager] MapTransitionController.Instance = null
[GameManager] Phase: MapNavigation → ShopVisit
[GameManager] Phase: ShopVisit → MapNavigation
[GameManager] MoveToNode: r8_l1 (phase=MapNavigation)
[GameManager] タイル起動: 秘宝 (r8_l1)
[GameManager] 宝箱: ゴールド+6, 血のダイス
[GameManager] Phase: MapNavigation → TreasureOpen
[GameManager] Phase: TreasureOpen → MapNavigation
[GameManager] MoveToNode: r9_l1 (phase=MapNavigation)
[GameManager] タイル起動: 休憩 (r9_l1)
[GameManager] Phase: MapNavigation → RestStop
[GameManager] 休憩回復: +13HP (50%) (現在: 25/25)
[GameManager] Phase: RestStop → MapNavigation
[GameManager] MoveToNode: boss (phase=MapNavigation)
[GameManager] タイル起動: ボス (boss)
[GameManager] ボス戦: 凍れる吟遊詩人
[GameManager] Phase: MapNavigation → Combat
[GameManager] Phase: Combat → BattleResult
[GameManager] 戦闘結果: 凍れる吟遊詩人 — 勝利 (6T) 残HP:25
[GameManager] 層デバフ: 戦闘後2ダメージ (HP:23)
[GameManager] Phase: BattleResult → Reward
[GameManager] Phase: Reward → FloorClear
[GameManager] フロア3クリア → 次へ
[GameManager] Phase: FloorClear → FloorIntro
[GameManager] --- フロア 4 [煉獄の刻印] ---
[GameManager] Phase: FloorIntro → MapNavigation
[GameManager] MoveToNode: r1_l1 (phase=MapNavigation)
[GameManager] タイル起動: 戦闘 (r1_l1)
[GameManager] エンカウント: ミノタウロス
[GameManager] Phase: MapNavigation → Combat
[GameManager] Phase: Combat → BattleResult
[GameManager] 戦闘結果: ミノタウロス — 勝利 (6T) 残HP:19
[GameManager] Phase: BattleResult → Reward
[GameManager] Phase: Reward → MapNavigation
[GameManager] MoveToNode: r2_l1 (phase=MapNavigation)
[GameManager] タイル起動: 戦闘 (r2_l1)
[GameManager] エンカウント: ゴブリン
[GameManager] Phase: MapNavigation → Combat
[GameManager] Phase: Combat → BattleResult
[GameManager] 戦闘結果: ゴブリン — 勝利 (2T) 残HP:21
[GameManager] Phase: BattleResult → Reward
[GameManager] Phase: Reward → MapNavigation
[GameManager] MoveToNode: r3_l1 (phase=MapNavigation)
[GameManager] タイル起動: 戦闘 (r3_l1)
[GameManager] エンカウント: 鏡の双子
[GameManager] Phase: MapNavigation → Combat
[GameManager] Phase: Combat → BattleResult
[GameManager] 戦闘結果: 鏡の双子 — 勝利 (14T) 残HP:22
[GameManager] Phase: BattleResult → Reward
[GameManager] Phase: Reward → MapNavigation
[GameManager] MoveToNode: r4_l2 (phase=MapNavigation)
[GameManager] タイル起動: 秘宝 (r4_l2)
[GameManager] 宝箱: ゴールド+12, 灯心の鈴
[GameManager] Phase: MapNavigation → TreasureOpen
[GameManager] Phase: TreasureOpen → MapNavigation
[GameManager] MoveToNode: r5_l1 (phase=MapNavigation)
[AutoRunner] ラストスタンド発動 (Floor 5)
[AutoRunner] === RUN 38 終了: DEADLOCK (デッドロック) — 移動先なし(MapNavigation) ===

########## RUN 39  [R5 4Fで死亡]  敗北 cause=CombatLoss
# reached F4 HP 0/1 coins 103 combats 15/17 LS=True
[GameManager] Phase: MapNavigation → RunStart
[GameManager] === ラン開始 === HP:30
[GameManager] Phase: RunStart → FloorIntro
[GameManager] --- フロア 1 [残光の加護] ---
[GameManager] Phase: FloorIntro → MapNavigation
[GameManager] MoveToNode: r1_l0 (phase=MapNavigation)
[GameManager] タイル起動: イベント (r1_l0)
[GameManager] Phase: MapNavigation → EventEncounter
[GameManager] Phase: EventEncounter → MapNavigation
[GameManager] MoveToNode: r2_l0 (phase=MapNavigation)
[GameManager] タイル起動: 罠 (r2_l0)
[GameManager] Phase: MapNavigation → TrapTriggered
[GameManager] Phase: TrapTriggered → MapNavigation
[GameManager] MoveToNode: r3_l0 (phase=MapNavigation)
[GameManager] タイル起動: 戦闘 (r3_l0)
[GameManager] エンカウント: ゴブリン
[GameManager] Phase: MapNavigation → Combat
[GameManager] Phase: Combat → BattleResult
[GameManager] 戦闘結果: ゴブリン — 勝利 (3T) 残HP:27
[GameManager] Phase: BattleResult → Reward
[GameManager] Phase: Reward → MapNavigation
[GameManager] MoveToNode: r4_l0 (phase=MapNavigation)
[GameManager] タイル起動: 戦闘 (r4_l0)
[GameManager] エンカウント: ゴブリン
[GameManager] Phase: MapNavigation → Combat
[GameManager] Phase: Combat → BattleResult
[GameManager] 戦闘結果: ゴブリン — 勝利 (3T) 残HP:27
[GameManager] Phase: BattleResult → Reward
[GameManager] Phase: Reward → MapNavigation
[GameManager] MoveToNode: r5_l1 (phase=MapNavigation)
[GameManager] タイル起動: 戦闘 (r5_l1)
[GameManager] エンカウント: ゴブリン
[GameManager] Phase: MapNavigation → Combat
[GameManager] Phase: Combat → BattleResult
[GameManager] 戦闘結果: ゴブリン — 勝利 (2T) 残HP:26
[GameManager] Phase: BattleResult → Reward
[GameManager] Phase: Reward → MapNavigation
[GameManager] MoveToNode: r6_l1 (phase=MapNavigation)
[GameManager] タイル起動: 戦闘 (r6_l1)
[GameManager] エンカウント: スライム
[GameManager] Phase: MapNavigation → Combat
[GameManager] Phase: Combat → BattleResult
[GameManager] 戦闘結果: スライム — 勝利 (2T) 残HP:26
[GameManager] Phase: BattleResult → Reward
[GameManager] Phase: Reward → MapNavigation
[GameManager] MoveToNode: r7_l2 (phase=MapNavigation)
[GameManager] タイル起動: 秘宝 (r7_l2)
[GameManager] 宝箱: ゴールド+7, 革の胸当て
[GameManager] Phase: MapNavigation → TreasureOpen
[GameManager] Phase: TreasureOpen → MapNavigation
[GameManager] MoveToNode: r8_l2 (phase=MapNavigation)
[GameManager] タイル起動: 秘宝 (r8_l2)
[GameManager] 宝箱: ゴールド+2, 癒しの靴
[GameManager] Phase: MapNavigation → TreasureOpen
[GameManager] Phase: TreasureOpen → MapNavigation
[GameManager] MoveToNode: r9_l2 (phase=MapNavigation)
[GameManager] タイル起動: 休憩 (r9_l2)
[GameManager] Phase: MapNavigation → RestStop
[GameManager] 休憩回復: +9HP (30%) (現在: 30/30)
[GameManager] Phase: RestStop → MapNavigation
[GameManager] MoveToNode: boss (phase=MapNavigation)
[GameManager] タイル起動: ボス (boss)
[GameManager] ボス 'boss_layer1' 未定義 — フロア1のプールから抽選
[GameManager] ボス戦: ゴブリン
[GameManager] Phase: MapNavigation → Combat
[GameManager] Phase: Combat → BattleResult
[GameManager] 戦闘結果: ゴブリン — 勝利 (2T) 残HP:30
[GameManager] Phase: BattleResult → Reward
[GameManager] Phase: Reward → FloorClear
[GameManager] フロア1クリア → 次へ
[GameManager] 層デバフ: MaxHP-5 → 25
[GameManager] Phase: FloorClear → FloorIntro
[GameManager] --- フロア 2 [嘆きの共鳴] ---
[GameManager] Phase: FloorIntro → MapNavigation
[GameManager] MoveToNode: r1_l0 (phase=MapNavigation)
[GameManager] タイル起動: 戦闘 (r1_l0)
[GameManager] エンカウント: ゴブリン王
[GameManager] Phase: MapNavigation → Combat
[GameManager] Phase: Combat → BattleResult
[GameManager] 戦闘結果: ゴブリン王 — 勝利 (12T) 残HP:21
[GameManager] Phase: BattleResult → Reward
[GameManager] Phase: Reward → MapNavigation
[GameManager] MoveToNode: r2_l0 (phase=MapNavigation)
[GameManager] タイル起動: 戦闘 (r2_l0)
[GameManager] エンカウント: ゴブリン王
[GameManager] Phase: MapNavigation → Combat
[GameManager] Phase: Combat → BattleResult
[GameManager] 戦闘結果: ゴブリン王 — 勝利 (8T) 残HP:17
[GameManager] Phase: BattleResult → Reward
[GameManager] Phase: Reward → MapNavigation
[GameManager] MoveToNode: r3_l0 (phase=MapNavigation)
[GameManager] タイル起動: 戦闘 (r3_l0)
[GameManager] エンカウント: ダイアウルフ
[GameManager] Phase: MapNavigation → Combat
[GameManager] Phase: Combat → BattleResult
[GameManager] 戦闘結果: ダイアウルフ — 勝利 (8T) 残HP:12
[GameManager] Phase: BattleResult → Reward
[GameManager] Phase: Reward → MapNavigation
[GameManager] MoveToNode: r4_l0 (phase=MapNavigation)
[GameManager] タイル起動: 秘宝 (r4_l0)
[GameManager] 宝箱: ゴールド+14, 鷹の眼
[GameManager] Phase: MapNavigation → TreasureOpen
[GameManager] Phase: TreasureOpen → MapNavigation
[GameManager] MoveToNode: r5_l1 (phase=MapNavigation)
[GameManager] タイル起動: 戦闘 (r5_l1)
[GameManager] エンカウント: コボルド
[GameManager] Phase: MapNavigation → Combat
[GameManager] Phase: Combat → BattleResult
[GameManager] 戦闘結果: コボルド — 勝利 (2T) 残HP:16
[GameManager] Phase: BattleResult → Reward
[GameManager] Phase: Reward → MapNavigation
[GameManager] MoveToNode: r6_l0 (phase=MapNavigation)
[GameManager] タイル起動: ショップ (r6_l0)
[GameManager] EnterShop called
[GameManager] MapTransitionController.Instance = null
[GameManager] Phase: MapNavigation → ShopVisit
[GameManager] Phase: ShopVisit → MapNavigation
[GameManager] MoveToNode: r7_l1 (phase=MapNavigation)
[GameManager] タイル起動: 戦闘 (r7_l1)
[GameManager] エンカウント: ダイアウルフ
[GameManager] Phase: MapNavigation → Combat
[GameManager] Phase: Combat → BattleResult
[GameManager] 戦闘結果: ダイアウルフ — 勝利 (7T) 残HP:17
[GameManager] Phase: BattleResult → Reward
[GameManager] Phase: Reward → MapNavigation
[GameManager] MoveToNode: r8_l1 (phase=MapNavigation)
[GameManager] タイル起動: 秘宝 (r8_l1)
[GameManager] 宝箱: ゴールド+12, 小回復ポーション
[GameManager] Phase: MapNavigation → TreasureOpen
[GameManager] Phase: TreasureOpen → MapNavigation
[GameManager] MoveToNode: r9_l1 (phase=MapNavigation)
[GameManager] タイル起動: 休憩 (r9_l1)
[GameManager] Phase: MapNavigation → RestStop
[GameManager] 休憩回復: +8HP (30%) (現在: 25/25)
[GameManager] Phase: RestStop → MapNavigation
[GameManager] MoveToNode: boss (phase=MapNavigation)
[GameManager] タイル起動: ボス (boss)
[GameManager] ボス戦: ゴブリン王
[GameManager] Phase: MapNavigation → Combat
[GameManager] Phase: Combat → BattleResult
[GameManager] 戦闘結果: ゴブリン王 — 勝利 (6T) 残HP:25
[GameManager] Phase: BattleResult → Reward
[GameManager] Phase: Reward → FloorClear
[GameManager] フロア2クリア → 次へ
[GameManager] Phase: FloorClear → FloorIntro
[GameManager] --- フロア 3 [瘴気侵蝕] ---
[GameManager] Phase: FloorIntro → MapNavigation
[GameManager] MoveToNode: r1_l2 (phase=MapNavigation)
[GameManager] タイル起動: ショップ (r1_l2)
[GameManager] EnterShop called
[GameManager] MapTransitionController.Instance = null
[GameManager] Phase: MapNavigation → ShopVisit
[GameManager] Phase: ShopVisit → MapNavigation
[GameManager] MoveToNode: r2_l2 (phase=MapNavigation)
[GameManager] タイル起動: 激戦 (r2_l2)
[GameManager] エンカウント: オーク
[GameManager] Phase: MapNavigation → Combat
[GameManager] Phase: Combat → BattleResult
[GameManager] 戦闘結果: オーク — 勝利 (8T) 残HP:13
[GameManager] 層デバフ: 戦闘後2ダメージ (HP:11)
[GameManager] 激戦2戦目: 凍れる吟遊詩人
[GameManager] Phase: BattleResult → Combat
[GameManager] Phase: Combat → BattleResult
[GameManager] 戦闘結果: 凍れる吟遊詩人 — 勝利 (11T) 残HP:10
[GameManager] 層デバフ: 戦闘後2ダメージ (HP:8)
[GameManager] Phase: BattleResult → Reward
[GameManager] Phase: Reward → MapNavigation
[GameManager] MoveToNode: r3_l2 (phase=MapNavigation)
[GameManager] タイル起動: 休憩 (r3_l2)
[GameManager] Phase: MapNavigation → RestStop
[GameManager] 休憩回復: +13HP (50%) (現在: 23/25)
[GameManager] Phase: RestStop → MapNavigation
[GameManager] MoveToNode: r4_l1 (phase=MapNavigation)
[GameManager] タイル起動: ショップ (r4_l1)
[GameManager] EnterShop called
[GameManager] MapTransitionController.Instance = null
[GameManager] Phase: MapNavigation → ShopVisit
[GameManager] Phase: ShopVisit → MapNavigation
[GameManager] MoveToNode: r5_l1 (phase=MapNavigation)
[GameManager] タイル起動: ショップ (r5_l1)
[GameManager] EnterShop called
[GameManager] MapTransitionController.Instance = null
[GameManager] Phase: MapNavigation → ShopVisit
[GameManager] Phase: ShopVisit → MapNavigation
[GameManager] MoveToNode: r6_l1 (phase=MapNavigation)
[GameManager] タイル起動: 戦闘 (r6_l1)
[GameManager] エンカウント: オーク
[GameManager] Phase: MapNavigation → Combat
[GameManager] Phase: Combat → BattleResult
[GameManager] 戦闘結果: オーク — 勝利 (14T) 残HP:19
[GameManager] 層デバフ: 戦闘後2ダメージ (HP:17)
[GameManager] Phase: BattleResult → Reward
[GameManager] Phase: Reward → MapNavigation
[GameManager] MoveToNode: r7_l1 (phase=MapNavigation)
[GameManager] タイル起動: ショップ (r7_l1)
[GameManager] EnterShop called
[GameManager] MapTransitionController.Instance = null
[GameManager] Phase: MapNavigation → ShopVisit
[GameManager] Phase: ShopVisit → MapNavigation
[GameManager] MoveToNode: r8_l1 (phase=MapNavigation)
[GameManager] タイル起動: 秘宝 (r8_l1)
[GameManager] 宝箱: ゴールド+6, 小回復ポーション
[GameManager] Phase: MapNavigation → TreasureOpen
[GameManager] Phase: TreasureOpen → MapNavigation
[GameManager] MoveToNode: r9_l1 (phase=MapNavigation)
[GameManager] タイル起動: 休憩 (r9_l1)
[GameManager] Phase: MapNavigation → RestStop
[GameManager] 休憩回復: +13HP (50%) (現在: 25/25)
[GameManager] Phase: RestStop → MapNavigation
[GameManager] MoveToNode: boss (phase=MapNavigation)
[GameManager] タイル起動: ボス (boss)
[GameManager] ボス戦: 凍れる吟遊詩人
[GameManager] Phase: MapNavigation → Combat
[GameManager] Phase: Combat → BattleResult
[GameManager] 戦闘結果: 凍れる吟遊詩人 — 勝利 (6T) 残HP:23
[GameManager] 層デバフ: 戦闘後2ダメージ (HP:21)
[GameManager] Phase: BattleResult → Reward
[GameManager] Phase: Reward → FloorClear
[GameManager] フロア3クリア → 次へ
[GameManager] Phase: FloorClear → FloorIntro
[GameManager] --- フロア 4 [煉獄の刻印] ---
[GameManager] Phase: FloorIntro → MapNavigation
[GameManager] MoveToNode: r1_l0 (phase=MapNavigation)
[GameManager] タイル起動: イベント (r1_l0)
[GameManager] Phase: MapNavigation → EventEncounter
[GameManager] Phase: EventEncounter → MapNavigation
[GameManager] MoveToNode: r2_l1 (phase=MapNavigation)
[GameManager] タイル起動: 戦闘 (r2_l1)
[GameManager] エンカウント: ミノタウロス
[GameManager] Phase: MapNavigation → Combat
[GameManager] Phase: Combat → BattleResult
[GameManager] 戦闘結果: ミノタウロス — 敗北 (7T) 残HP:0
[GameManager] 救済発動: マップへ戻る
[GameManager] Phase: BattleResult → MapNavigation
[AutoRunner] ラストスタンド発動 (Floor 4)
[GameManager] MoveToNode: r3_l1 (phase=MapNavigation)
[GameManager] タイル起動: 秘宝 (r3_l1)
[GameManager] 宝箱: ゴールド+0, 黒煙の符
[GameManager] Phase: MapNavigation → TreasureOpen
[GameManager] Phase: TreasureOpen → MapNavigation
[GameManager] MoveToNode: r4_l1 (phase=MapNavigation)
[GameManager] タイル起動: 秘宝 (r4_l1)
[GameManager] 宝箱: ゴールド+0, 革の胸当て
[GameManager] Phase: MapNavigation → TreasureOpen
[GameManager] Phase: TreasureOpen → MapNavigation
[GameManager] MoveToNode: r5_l0 (phase=MapNavigation)
[GameManager] タイル起動: 戦闘 (r5_l0)
[GameManager] エンカウント: ミノタウロス
[GameManager] Phase: MapNavigation → Combat
[GameManager] Phase: Combat → BattleResult
[AutoRunner] === RUN 39 終了: R5 (4Fで死亡) — 敗北 cause=CombatLoss ===

########## RUN 40  [R5 4Fで死亡]  敗北 cause=Starvation
# reached F4 HP 0/1 coins 79 combats 16/17 LS=True
[GameManager] Phase: GameOver → Title
[GameManager] Phase: Title → RunStart
[GameManager] === ラン開始 === HP:30
[GameManager] Phase: RunStart → FloorIntro
[GameManager] --- フロア 1 [残光の加護] ---
[GameManager] Phase: FloorIntro → MapNavigation
[GameManager] MoveToNode: r1_l1 (phase=MapNavigation)
[GameManager] タイル起動: 戦闘 (r1_l1)
[GameManager] エンカウント: ゴブリン
[GameManager] Phase: MapNavigation → Combat
[GameManager] Phase: Combat → BattleResult
[GameManager] 戦闘結果: ゴブリン — 勝利 (1T) 残HP:30
[GameManager] Phase: BattleResult → Reward
[GameManager] Phase: Reward → MapNavigation
[GameManager] MoveToNode: r2_l1 (phase=MapNavigation)
[GameManager] タイル起動: ショップ (r2_l1)
[GameManager] EnterShop called
[GameManager] MapTransitionController.Instance = null
[GameManager] Phase: MapNavigation → ShopVisit
[GameManager] Phase: ShopVisit → MapNavigation
[GameManager] MoveToNode: r3_l1 (phase=MapNavigation)
[GameManager] タイル起動: 戦闘 (r3_l1)
[GameManager] エンカウント: スライム
[GameManager] Phase: MapNavigation → Combat
[GameManager] Phase: Combat → BattleResult
[GameManager] 戦闘結果: スライム — 勝利 (1T) 残HP:30
[GameManager] Phase: BattleResult → Reward
[GameManager] Phase: Reward → MapNavigation
[GameManager] MoveToNode: r4_l2 (phase=MapNavigation)
[GameManager] タイル起動: 戦闘 (r4_l2)
[GameManager] エンカウント: スライム
[GameManager] Phase: MapNavigation → Combat
[GameManager] Phase: Combat → BattleResult
[GameManager] 戦闘結果: スライム — 勝利 (1T) 残HP:30
[GameManager] Phase: BattleResult → Reward
[GameManager] Phase: Reward → MapNavigation
[GameManager] MoveToNode: r5_l2 (phase=MapNavigation)
[GameManager] タイル起動: イベント (r5_l2)
[GameManager] Phase: MapNavigation → EventEncounter
[GameManager] Phase: EventEncounter → MapNavigation
[GameManager] MoveToNode: r6_l2 (phase=MapNavigation)
[GameManager] タイル起動: 激戦 (r6_l2)
[GameManager] エンカウント: ゴブリン
[GameManager] Phase: MapNavigation → Combat
[GameManager] Phase: Combat → BattleResult
[GameManager] 戦闘結果: ゴブリン — 勝利 (2T) 残HP:30
[GameManager] 激戦2戦目: スライム
[GameManager] Phase: BattleResult → Combat
[GameManager] Phase: Combat → BattleResult
[GameManager] 戦闘結果: スライム — 勝利 (1T) 残HP:30
[GameManager] Phase: BattleResult → Reward
[GameManager] Phase: Reward → MapNavigation
[GameManager] MoveToNode: r7_l2 (phase=MapNavigation)
[GameManager] タイル起動: 休憩 (r7_l2)
[GameManager] Phase: MapNavigation → RestStop
[GameManager] 休憩回復: +9HP (30%) (現在: 30/30)
[GameManager] Phase: RestStop → MapNavigation
[GameManager] MoveToNode: r8_l2 (phase=MapNavigation)
[GameManager] タイル起動: 秘宝 (r8_l2)
[GameManager] 宝箱: ゴールド+2, 鉄のダイス
[GameManager] Phase: MapNavigation → TreasureOpen
[GameManager] Phase: TreasureOpen → MapNavigation
[GameManager] MoveToNode: r9_l2 (phase=MapNavigation)
[GameManager] タイル起動: 休憩 (r9_l2)
[GameManager] Phase: MapNavigation → RestStop
[GameManager] 休憩回復: +9HP (30%) (現在: 30/30)
[GameManager] Phase: RestStop → MapNavigation
[GameManager] MoveToNode: boss (phase=MapNavigation)
[GameManager] タイル起動: ボス (boss)
[GameManager] ボス 'boss_layer1' 未定義 — フロア1のプールから抽選
[GameManager] ボス戦: スライム
[GameManager] Phase: MapNavigation → Combat
[GameManager] Phase: Combat → BattleResult
[GameManager] 戦闘結果: スライム — 勝利 (2T) 残HP:30
[GameManager] Phase: BattleResult → Reward
[GameManager] Phase: Reward → FloorClear
[GameManager] フロア1クリア → 次へ
[GameManager] 層デバフ: MaxHP-5 → 25
[GameManager] Phase: FloorClear → FloorIntro
[GameManager] --- フロア 2 [嘆きの共鳴] ---
[GameManager] Phase: FloorIntro → MapNavigation
[GameManager] MoveToNode: r1_l0 (phase=MapNavigation)
[GameManager] タイル起動: 戦闘 (r1_l0)
[GameManager] エンカウント: 13番目の死
[GameManager] Phase: MapNavigation → Combat
[GameManager] Phase: Combat → BattleResult
[GameManager] 戦闘結果: 13番目の死 — 勝利 (3T) 残HP:25
[GameManager] Phase: BattleResult → Reward
[GameManager] Phase: Reward → MapNavigation
[GameManager] MoveToNode: r2_l0 (phase=MapNavigation)
[GameManager] タイル起動: 休憩 (r2_l0)
[GameManager] Phase: MapNavigation → RestStop
[GameManager] 休憩回復: +8HP (30%) (現在: 25/25)
[GameManager] Phase: RestStop → MapNavigation
[GameManager] MoveToNode: r3_l0 (phase=MapNavigation)
[GameManager] タイル起動: イベント (r3_l0)
[GameManager] Phase: MapNavigation → EventEncounter
[GameManager] Phase: EventEncounter → MapNavigation
[GameManager] MoveToNode: r4_l0 (phase=MapNavigation)
[GameManager] タイル起動: 秘宝 (r4_l0)
[GameManager] 宝箱: ゴールド+4, 鋼の籠手
[GameManager] Phase: MapNavigation → TreasureOpen
[GameManager] Phase: TreasureOpen → MapNavigation
[GameManager] MoveToNode: r5_l0 (phase=MapNavigation)
[GameManager] タイル起動: ショップ (r5_l0)
[GameManager] EnterShop called
[GameManager] MapTransitionController.Instance = null
[GameManager] Phase: MapNavigation → ShopVisit
[GameManager] Phase: ShopVisit → MapNavigation
[GameManager] MoveToNode: r6_l1 (phase=MapNavigation)
[GameManager] タイル起動: 戦闘 (r6_l1)
[GameManager] エンカウント: スケルトン
[GameManager] Phase: MapNavigation → Combat
[GameManager] Phase: Combat → BattleResult
[GameManager] 戦闘結果: スケルトン — 勝利 (3T) 残HP:25
[GameManager] Phase: BattleResult → Reward
[GameManager] Phase: Reward → MapNavigation
[GameManager] MoveToNode: r7_l1 (phase=MapNavigation)
[GameManager] タイル起動: 戦闘 (r7_l1)
[GameManager] エンカウント: スケルトン
[GameManager] Phase: MapNavigation → Combat
[GameManager] Phase: Combat → BattleResult
[GameManager] 戦闘結果: スケルトン — 勝利 (1T) 残HP:25
[GameManager] Phase: BattleResult → Reward
[GameManager] Phase: Reward → MapNavigation
[GameManager] MoveToNode: r8_l1 (phase=MapNavigation)
[GameManager] タイル起動: 秘宝 (r8_l1)
[GameManager] 宝箱: ゴールド+4, 運命のダイス
[GameManager] Phase: MapNavigation → TreasureOpen
[GameManager] Phase: TreasureOpen → MapNavigation
[GameManager] MoveToNode: r9_l1 (phase=MapNavigation)
[GameManager] タイル起動: 休憩 (r9_l1)
[GameManager] Phase: MapNavigation → RestStop
[GameManager] 休憩回復: +8HP (30%) (現在: 25/25)
[GameManager] Phase: RestStop → MapNavigation
[GameManager] MoveToNode: boss (phase=MapNavigation)
[GameManager] タイル起動: ボス (boss)
[GameManager] ボス戦: ゴブリン王
[GameManager] Phase: MapNavigation → Combat
[GameManager] Phase: Combat → BattleResult
[GameManager] 戦闘結果: ゴブリン王 — 勝利 (8T) 残HP:23
[GameManager] Phase: BattleResult → Reward
[GameManager] Phase: Reward → FloorClear
[GameManager] フロア2クリア → 次へ
[GameManager] Phase: FloorClear → FloorIntro
[GameManager] --- フロア 3 [瘴気侵蝕] ---
[GameManager] Phase: FloorIntro → MapNavigation
[GameManager] MoveToNode: r1_l0 (phase=MapNavigation)
[GameManager] タイル起動: イベント (r1_l0)
[GameManager] Phase: MapNavigation → EventEncounter
[GameManager] Phase: EventEncounter → MapNavigation
[GameManager] MoveToNode: r2_l0 (phase=MapNavigation)
[GameManager] タイル起動: ショップ (r2_l0)
[GameManager] EnterShop called
[GameManager] MapTransitionController.Instance = null
[GameManager] Phase: MapNavigation → ShopVisit
[GameManager] Phase: ShopVisit → MapNavigation
[GameManager] MoveToNode: r3_l1 (phase=MapNavigation)
[GameManager] タイル起動: 戦闘 (r3_l1)
[GameManager] エンカウント: オーク
[GameManager] Phase: MapNavigation → Combat
[GameManager] Phase: Combat → BattleResult
[GameManager] 戦闘結果: オーク — 勝利 (6T) 残HP:25
[GameManager] 層デバフ: 戦闘後2ダメージ (HP:23)
[GameManager] Phase: BattleResult → Reward
[GameManager] Phase: Reward → MapNavigation
[GameManager] MoveToNode: r4_l1 (phase=MapNavigation)
[GameManager] タイル起動: イベント (r4_l1)
[GameManager] Phase: MapNavigation → EventEncounter
[GameManager] Phase: EventEncounter → MapNavigation
[GameManager] MoveToNode: r5_l2 (phase=MapNavigation)
[GameManager] タイル起動: ショップ (r5_l2)
[GameManager] EnterShop called
[GameManager] MapTransitionController.Instance = null
[GameManager] Phase: MapNavigation → ShopVisit
[GameManager] Phase: ShopVisit → MapNavigation
[GameManager] MoveToNode: r6_l2 (phase=MapNavigation)
[GameManager] タイル起動: 戦闘 (r6_l2)
[GameManager] エンカウント: ダイアウルフ
[GameManager] Phase: MapNavigation → Combat
[GameManager] Phase: Combat → BattleResult
[GameManager] 戦闘結果: ダイアウルフ — 勝利 (3T) 残HP:23
[GameManager] 層デバフ: 戦闘後2ダメージ (HP:21)
[GameManager] Phase: BattleResult → Reward
[GameManager] Phase: Reward → MapNavigation
[GameManager] MoveToNode: r7_l2 (phase=MapNavigation)
[GameManager] タイル起動: 戦闘 (r7_l2)
[GameManager] エンカウント: ゴブリン
[GameManager] Phase: MapNavigation → Combat
[GameManager] Phase: Combat → BattleResult
[GameManager] 戦闘結果: ゴブリン — 勝利 (2T) 残HP:21
[GameManager] 層デバフ: 戦闘後2ダメージ (HP:19)
[GameManager] Phase: BattleResult → Reward
[GameManager] Phase: Reward → MapNavigation
[GameManager] MoveToNode: r8_l2 (phase=MapNavigation)
[GameManager] タイル起動: 秘宝 (r8_l2)
[GameManager] 宝箱: ゴールド+9, 鋼の籠手
[GameManager] Phase: MapNavigation → TreasureOpen
[GameManager] Phase: TreasureOpen → MapNavigation
[GameManager] MoveToNode: r9_l2 (phase=MapNavigation)
[GameManager] タイル起動: 休憩 (r9_l2)
[GameManager] Phase: MapNavigation → RestStop
[GameManager] 休憩回復: +13HP (50%) (現在: 25/25)
[GameManager] Phase: RestStop → MapNavigation
[GameManager] MoveToNode: boss (phase=MapNavigation)
[GameManager] 空腹ダメージ: 1 (HP: 24/25)
[GameManager] タイル起動: ボス (boss)
[GameManager] ボス戦: 凍れる吟遊詩人
[GameManager] Phase: MapNavigation → Combat
[GameManager] Phase: Combat → BattleResult
[GameManager] 戦闘結果: 凍れる吟遊詩人 — 勝利 (7T) 残HP:24
[GameManager] 層デバフ: 戦闘後2ダメージ (HP:22)
[GameManager] Phase: BattleResult → Reward
[GameManager] Phase: Reward → FloorClear
[GameManager] フロア3クリア → 次へ
[GameManager] Phase: FloorClear → FloorIntro
[GameManager] --- フロア 4 [煉獄の刻印] ---
[GameManager] Phase: FloorIntro → MapNavigation
[GameManager] MoveToNode: r1_l1 (phase=MapNavigation)
[GameManager] タイル起動: 戦闘 (r1_l1)
[GameManager] エンカウント: 13番目の死
[GameManager] Phase: MapNavigation → Combat
[GameManager] Phase: Combat → BattleResult
[GameManager] 戦闘結果: 13番目の死 — 勝利 (2T) 残HP:25
[GameManager] Phase: BattleResult → Reward
[GameManager] Phase: Reward → MapNavigation
[GameManager] MoveToNode: r2_l0 (phase=MapNavigation)
[GameManager] タイル起動: ショップ (r2_l0)
[GameManager] EnterShop called
[GameManager] MapTransitionController.Instance = null
[GameManager] Phase: MapNavigation → ShopVisit
[GameManager] Phase: ShopVisit → MapNavigation
[GameManager] MoveToNode: r3_l1 (phase=MapNavigation)
[GameManager] タイル起動: 戦闘 (r3_l1)
[GameManager] エンカウント: リザードマン
[GameManager] Phase: MapNavigation → Combat
[GameManager] Phase: Combat → BattleResult
[GameManager] 戦闘結果: リザードマン — 勝利 (7T) 残HP:19
[GameManager] Phase: BattleResult → Reward
[GameManager] Phase: Reward → MapNavigation
[GameManager] MoveToNode: r4_l1 (phase=MapNavigation)
[GameManager] タイル起動: イベント (r4_l1)
[GameManager] Phase: MapNavigation → EventEncounter
[GameManager] Phase: EventEncounter → MapNavigation
[GameManager] MoveToNode: r5_l1 (phase=MapNavigation)
[GameManager] タイル起動: 罠 (r5_l1)
[GameManager] Phase: MapNavigation → TrapTriggered
[GameManager] Phase: TrapTriggered → MapNavigation
[GameManager] MoveToNode: r6_l0 (phase=MapNavigation)
[GameManager] タイル起動: 戦闘 (r6_l0)
[AutoRunner] ラストスタンド発動 (Floor 4)
[AutoRunner] === RUN 40 終了: R5 (4Fで死亡) — 敗北 cause=Starvation ===

########## RUN 41  [DEADLOCK デッドロック]  ストール phase=EventEncounter node=r3_l1 floor=4
# reached F4 HP 20/25 coins 93 combats 15/15 LS=False
[GameManager] Phase: GameOver → Title
[GameManager] Phase: Title → RunStart
[GameManager] === ラン開始 === HP:30
[GameManager] Phase: RunStart → FloorIntro
[GameManager] --- フロア 1 [残光の加護] ---
[GameManager] Phase: FloorIntro → MapNavigation
[GameManager] MoveToNode: r1_l2 (phase=MapNavigation)
[GameManager] タイル起動: 戦闘 (r1_l2)
[GameManager] エンカウント: ゴブリン
[GameManager] Phase: MapNavigation → Combat
[GameManager] Phase: Combat → BattleResult
[GameManager] 戦闘結果: ゴブリン — 勝利 (3T) 残HP:30
[GameManager] Phase: BattleResult → Reward
[GameManager] Phase: Reward → MapNavigation
[GameManager] MoveToNode: r2_l2 (phase=MapNavigation)
[GameManager] タイル起動: 休憩 (r2_l2)
[GameManager] Phase: MapNavigation → RestStop
[GameManager] 休憩回復: +9HP (30%) (現在: 30/30)
[GameManager] Phase: RestStop → MapNavigation
[GameManager] MoveToNode: r3_l1 (phase=MapNavigation)
[GameManager] タイル起動: 戦闘 (r3_l1)
[GameManager] エンカウント: ゴブリン
[GameManager] Phase: MapNavigation → Combat
[GameManager] Phase: Combat → BattleResult
[GameManager] 戦闘結果: ゴブリン — 勝利 (2T) 残HP:30
[GameManager] Phase: BattleResult → Reward
[GameManager] Phase: Reward → MapNavigation
[GameManager] MoveToNode: r4_l0 (phase=MapNavigation)
[GameManager] タイル起動: 戦闘 (r4_l0)
[GameManager] エンカウント: ゴブリン
[GameManager] Phase: MapNavigation → Combat
[GameManager] Phase: Combat → BattleResult
[GameManager] 戦闘結果: ゴブリン — 勝利 (4T) 残HP:30
[GameManager] Phase: BattleResult → Reward
[GameManager] Phase: Reward → MapNavigation
[GameManager] MoveToNode: r5_l0 (phase=MapNavigation)
[GameManager] タイル起動: イベント (r5_l0)
[GameManager] Phase: MapNavigation → EventEncounter
[GameManager] イベント戦闘: スライム (elite=True)
[GameManager] Phase: EventEncounter → Combat
[GameManager] Phase: Combat → BattleResult
[GameManager] 戦闘結果: スライム — 勝利 (1T) 残HP:30
[GameManager] Phase: BattleResult → MapNavigation
[GameManager] MoveToNode: r6_l0 (phase=MapNavigation)
[GameManager] タイル起動: イベント (r6_l0)
[GameManager] Phase: MapNavigation → EventEncounter
[GameManager] Phase: EventEncounter → MapNavigation
[GameManager] MoveToNode: r7_l0 (phase=MapNavigation)
[GameManager] タイル起動: ショップ (r7_l0)
[GameManager] EnterShop called
[GameManager] MapTransitionController.Instance = null
[GameManager] Phase: MapNavigation → ShopVisit
[GameManager] Phase: ShopVisit → MapNavigation
[GameManager] MoveToNode: r8_l0 (phase=MapNavigation)
[GameManager] タイル起動: 秘宝 (r8_l0)
[GameManager] 宝箱: ゴールド+6, 革の胸当て
[GameManager] Phase: MapNavigation → TreasureOpen
[GameManager] Phase: TreasureOpen → MapNavigation
[GameManager] MoveToNode: r9_l0 (phase=MapNavigation)
[GameManager] タイル起動: 休憩 (r9_l0)
[GameManager] Phase: MapNavigation → RestStop
[GameManager] 休憩回復: +9HP (30%) (現在: 30/30)
[GameManager] Phase: RestStop → MapNavigation
[GameManager] MoveToNode: boss (phase=MapNavigation)
[GameManager] タイル起動: ボス (boss)
[GameManager] ボス 'boss_layer1' 未定義 — フロア1のプールから抽選
[GameManager] ボス戦: ゴブリン
[GameManager] Phase: MapNavigation → Combat
[GameManager] Phase: Combat → BattleResult
[GameManager] 戦闘結果: ゴブリン — 勝利 (2T) 残HP:30
[GameManager] Phase: BattleResult → Reward
[GameManager] Phase: Reward → FloorClear
[GameManager] フロア1クリア → 次へ
[GameManager] 層デバフ: MaxHP-5 → 25
[GameManager] Phase: FloorClear → FloorIntro
[GameManager] --- フロア 2 [嘆きの共鳴] ---
[GameManager] Phase: FloorIntro → MapNavigation
[GameManager] MoveToNode: r1_l0 (phase=MapNavigation)
[GameManager] タイル起動: 戦闘 (r1_l0)
[GameManager] エンカウント: コボルド
[GameManager] Phase: MapNavigation → Combat
[GameManager] Phase: Combat → BattleResult
[GameManager] 戦闘結果: コボルド — 勝利 (4T) 残HP:23
[GameManager] Phase: BattleResult → Reward
[GameManager] Phase: Reward → MapNavigation
[GameManager] MoveToNode: r2_l0 (phase=MapNavigation)
[GameManager] タイル起動: 戦闘 (r2_l0)
[GameManager] エンカウント: ダイアウルフ
[GameManager] Phase: MapNavigation → Combat
[GameManager] Phase: Combat → BattleResult
[GameManager] 戦闘結果: ダイアウルフ — 勝利 (6T) 残HP:20
[GameManager] Phase: BattleResult → Reward
[GameManager] Phase: Reward → MapNavigation
[GameManager] MoveToNode: r3_l0 (phase=MapNavigation)
[GameManager] タイル起動: 激戦 (r3_l0)
[GameManager] エンカウント: ダイアウルフ
[GameManager] Phase: MapNavigation → Combat
[GameManager] Phase: Combat → BattleResult
[GameManager] 戦闘結果: ダイアウルフ — 勝利 (6T) 残HP:17
[GameManager] 激戦2戦目: コボルド
[GameManager] Phase: BattleResult → Combat
[GameManager] Phase: Combat → BattleResult
[GameManager] 戦闘結果: コボルド — 勝利 (3T) 残HP:17
[GameManager] Phase: BattleResult → Reward
[GameManager] Phase: Reward → MapNavigation
[GameManager] MoveToNode: r4_l0 (phase=MapNavigation)
[GameManager] タイル起動: 戦闘 (r4_l0)
[GameManager] エンカウント: ダイアウルフ
[GameManager] Phase: MapNavigation → Combat
[GameManager] Phase: Combat → BattleResult
[GameManager] 戦闘結果: ダイアウルフ — 勝利 (2T) 残HP:17
[GameManager] Phase: BattleResult → Reward
[GameManager] Phase: Reward → MapNavigation
[GameManager] MoveToNode: r5_l0 (phase=MapNavigation)
[GameManager] タイル起動: 戦闘 (r5_l0)
[GameManager] エンカウント: コボルド
[GameManager] Phase: MapNavigation → Combat
[GameManager] Phase: Combat → BattleResult
[GameManager] 戦闘結果: コボルド — 勝利 (3T) 残HP:17
[GameManager] Phase: BattleResult → Reward
[GameManager] Phase: Reward → MapNavigation
[GameManager] MoveToNode: r6_l1 (phase=MapNavigation)
[GameManager] タイル起動: ショップ (r6_l1)
[GameManager] EnterShop called
[GameManager] MapTransitionController.Instance = null
[GameManager] Phase: MapNavigation → ShopVisit
[GameManager] Phase: ShopVisit → MapNavigation
[GameManager] MoveToNode: r7_l1 (phase=MapNavigation)
[GameManager] タイル起動: イベント (r7_l1)
[GameManager] Phase: MapNavigation → EventEncounter
[GameManager] Phase: EventEncounter → MapNavigation
[GameManager] MoveToNode: r8_l1 (phase=MapNavigation)
[GameManager] タイル起動: 秘宝 (r8_l1)
[GameManager] 宝箱: ゴールド+14, 鋼の籠手
[GameManager] Phase: MapNavigation → TreasureOpen
[GameManager] Phase: TreasureOpen → MapNavigation
[GameManager] MoveToNode: r9_l1 (phase=MapNavigation)
[GameManager] タイル起動: 休憩 (r9_l1)
[GameManager] Phase: MapNavigation → RestStop
[GameManager] 休憩回復: +8HP (30%) (現在: 25/25)
[GameManager] Phase: RestStop → MapNavigation
[GameManager] MoveToNode: boss (phase=MapNavigation)
[GameManager] タイル起動: ボス (boss)
[GameManager] ボス戦: ゴブリン王
[GameManager] Phase: MapNavigation → Combat
[GameManager] Phase: Combat → BattleResult
[GameManager] 戦闘結果: ゴブリン王 — 勝利 (9T) 残HP:15
[GameManager] Phase: BattleResult → Reward
[GameManager] Phase: Reward → FloorClear
[GameManager] フロア2クリア → 次へ
[GameManager] Phase: FloorClear → FloorIntro
[GameManager] --- フロア 3 [瘴気侵蝕] ---
[GameManager] Phase: FloorIntro → MapNavigation
[GameManager] MoveToNode: r1_l0 (phase=MapNavigation)
[GameManager] タイル起動: 秘宝 (r1_l0)
[GameManager] 宝箱: ゴールド+12, 回復ポーション
[GameManager] Phase: MapNavigation → TreasureOpen
[GameManager] Phase: TreasureOpen → MapNavigation
[GameManager] MoveToNode: r2_l0 (phase=MapNavigation)
[GameManager] タイル起動: 休憩 (r2_l0)
[GameManager] Phase: MapNavigation → RestStop
[GameManager] 休憩回復: +13HP (50%) (現在: 25/25)
[GameManager] Phase: RestStop → MapNavigation
[GameManager] MoveToNode: r3_l1 (phase=MapNavigation)
[GameManager] タイル起動: 戦闘 (r3_l1)
[GameManager] エンカウント: ハーピィ
[GameManager] Phase: MapNavigation → Combat
[GameManager] Phase: Combat → BattleResult
[GameManager] 戦闘結果: ハーピィ — 勝利 (6T) 残HP:15
[GameManager] 層デバフ: 戦闘後2ダメージ (HP:13)
[GameManager] Phase: BattleResult → Reward
[GameManager] Phase: Reward → MapNavigation
[GameManager] MoveToNode: r4_l1 (phase=MapNavigation)
[GameManager] タイル起動: 戦闘 (r4_l1)
[GameManager] エンカウント: スライム
[GameManager] Phase: MapNavigation → Combat
[GameManager] Phase: Combat → BattleResult
[GameManager] 戦闘結果: スライム — 勝利 (1T) 残HP:13
[GameManager] 層デバフ: 戦闘後2ダメージ (HP:11)
[GameManager] Phase: BattleResult → Reward
[GameManager] Phase: Reward → MapNavigation
[GameManager] MoveToNode: r5_l1 (phase=MapNavigation)
[GameManager] タイル起動: 罠 (r5_l1)
[GameManager] Phase: MapNavigation → TrapTriggered
[GameManager] Phase: TrapTriggered → MapNavigation
[GameManager] MoveToNode: r6_l0 (phase=MapNavigation)
[GameManager] タイル起動: イベント (r6_l0)
[GameManager] Phase: MapNavigation → EventEncounter
[GameManager] Phase: EventEncounter → MapNavigation
[GameManager] MoveToNode: r7_l0 (phase=MapNavigation)
[GameManager] タイル起動: 罠 (r7_l0)
[GameManager] 翼の恩寵発動: トラップ無効化
[GameManager] Phase: MapNavigation → MapNavigation
[GameManager] MoveToNode: r8_l0 (phase=MapNavigation)
[GameManager] タイル起動: 秘宝 (r8_l0)
[GameManager] 宝箱: ゴールド+9, 生命の宝玉
[GameManager] Phase: MapNavigation → TreasureOpen
[GameManager] Phase: TreasureOpen → MapNavigation
[GameManager] MoveToNode: r9_l0 (phase=MapNavigation)
[GameManager] タイル起動: 休憩 (r9_l0)
[GameManager] Phase: MapNavigation → RestStop
[GameManager] 休憩回復: +13HP (50%) (現在: 24/25)
[GameManager] Phase: RestStop → MapNavigation
[GameManager] MoveToNode: boss (phase=MapNavigation)
[GameManager] タイル起動: ボス (boss)
[GameManager] ボス戦: 凍れる吟遊詩人
[GameManager] Phase: MapNavigation → Combat
[GameManager] Phase: Combat → BattleResult
[GameManager] 戦闘結果: 凍れる吟遊詩人 — 勝利 (7T) 残HP:24
[GameManager] 層デバフ: 戦闘後2ダメージ (HP:22)
[GameManager] Phase: BattleResult → Reward
[GameManager] Phase: Reward → FloorClear
[GameManager] フロア3クリア → 次へ
[GameManager] Phase: FloorClear → FloorIntro
[GameManager] --- フロア 4 [煉獄の刻印] ---
[GameManager] Phase: FloorIntro → MapNavigation
[GameManager] MoveToNode: r1_l0 (phase=MapNavigation)
[GameManager] タイル起動: イベント (r1_l0)
[GameManager] Phase: MapNavigation → EventEncounter
[GameManager] Phase: EventEncounter → MapNavigation
[GameManager] MoveToNode: r2_l0 (phase=MapNavigation)
[GameManager] タイル起動: ショップ (r2_l0)
[GameManager] EnterShop called
[GameManager] MapTransitionController.Instance = null
[GameManager] Phase: MapNavigation → ShopVisit
[GameManager] Phase: ShopVisit → MapNavigation
[GameManager] MoveToNode: r3_l1 (phase=MapNavigation)
[GameManager] タイル起動: イベント (r3_l1)
[GameManager] Phase: MapNavigation → EventEncounter
[AutoRunner] === RUN 41 終了: DEADLOCK (デッドロック) — ストール phase=EventEncounter node=r3_l1 floor=4 ===

########## RUN 42  [R2 2F道中で死亡]  敗北 cause=CombatLoss
# reached F2 HP 0/1 coins 24 combats 5/7 LS=True
[GameManager] Phase: EventEncounter → RunStart
[GameManager] === ラン開始 === HP:30
[GameManager] Phase: RunStart → FloorIntro
[GameManager] --- フロア 1 [残光の加護] ---
[GameManager] Phase: FloorIntro → MapNavigation
[GameManager] MoveToNode: r1_l2 (phase=MapNavigation)
[GameManager] タイル起動: イベント (r1_l2)
[GameManager] Phase: MapNavigation → EventEncounter
[GameManager] Phase: EventEncounter → MapNavigation
[GameManager] MoveToNode: r2_l2 (phase=MapNavigation)
[GameManager] タイル起動: イベント (r2_l2)
[GameManager] Phase: MapNavigation → EventEncounter
[GameManager] Phase: EventEncounter → MapNavigation
[GameManager] MoveToNode: r3_l2 (phase=MapNavigation)
[GameManager] タイル起動: 戦闘 (r3_l2)
[GameManager] エンカウント: スライム
[GameManager] Phase: MapNavigation → Combat
[GameManager] Phase: Combat → BattleResult
[GameManager] 戦闘結果: スライム — 勝利 (2T) 残HP:25
[GameManager] Phase: BattleResult → Reward
[GameManager] Phase: Reward → MapNavigation
[GameManager] MoveToNode: r4_l2 (phase=MapNavigation)
[GameManager] タイル起動: イベント (r4_l2)
[GameManager] Phase: MapNavigation → EventEncounter
[GameManager] イベント戦闘: スライム (elite=True)
[GameManager] Phase: EventEncounter → Combat
[GameManager] Phase: Combat → BattleResult
[GameManager] 戦闘結果: スライム — 勝利 (2T) 残HP:25
[GameManager] Phase: BattleResult → MapNavigation
[GameManager] MoveToNode: r5_l2 (phase=MapNavigation)
[GameManager] タイル起動: ショップ (r5_l2)
[GameManager] EnterShop called
[GameManager] MapTransitionController.Instance = null
[GameManager] Phase: MapNavigation → ShopVisit
[GameManager] Phase: ShopVisit → MapNavigation
[GameManager] MoveToNode: r6_l2 (phase=MapNavigation)
[GameManager] タイル起動: 戦闘 (r6_l2)
[GameManager] エンカウント: スライム
[GameManager] Phase: MapNavigation → Combat
[GameManager] Phase: Combat → BattleResult
[GameManager] 戦闘結果: スライム — 勝利 (1T) 残HP:25
[GameManager] Phase: BattleResult → Reward
[GameManager] Phase: Reward → MapNavigation
[GameManager] MoveToNode: r7_l2 (phase=MapNavigation)
[GameManager] タイル起動: 戦闘 (r7_l2)
[GameManager] エンカウント: スライム
[GameManager] Phase: MapNavigation → Combat
[GameManager] Phase: Combat → BattleResult
[GameManager] 戦闘結果: スライム — 勝利 (2T) 残HP:25
[GameManager] Phase: BattleResult → Reward
[GameManager] Phase: Reward → MapNavigation
[GameManager] MoveToNode: r8_l2 (phase=MapNavigation)
[GameManager] タイル起動: 秘宝 (r8_l2)
[GameManager] 宝箱: ゴールド+4, 観察者の眼鏡
[GameManager] Phase: MapNavigation → TreasureOpen
[GameManager] Phase: TreasureOpen → MapNavigation
[GameManager] MoveToNode: r9_l2 (phase=MapNavigation)
[GameManager] タイル起動: 休憩 (r9_l2)
[GameManager] Phase: MapNavigation → RestStop
[GameManager] 休憩回復: +9HP (30%) (現在: 30/30)
[GameManager] Phase: RestStop → MapNavigation
[GameManager] MoveToNode: boss (phase=MapNavigation)
[GameManager] タイル起動: ボス (boss)
[GameManager] ボス 'boss_layer1' 未定義 — フロア1のプールから抽選
[GameManager] ボス戦: スライム
[GameManager] Phase: MapNavigation → Combat
[GameManager] Phase: Combat → BattleResult
[GameManager] 戦闘結果: スライム — 勝利 (3T) 残HP:30
[GameManager] Phase: BattleResult → Reward
[GameManager] Phase: Reward → FloorClear
[GameManager] フロア1クリア → 次へ
[GameManager] 層デバフ: MaxHP-5 → 25
[GameManager] Phase: FloorClear → FloorIntro
[GameManager] --- フロア 2 [嘆きの共鳴] ---
[GameManager] Phase: FloorIntro → MapNavigation
[GameManager] MoveToNode: r1_l0 (phase=MapNavigation)
[GameManager] タイル起動: ショップ (r1_l0)
[GameManager] EnterShop called
[GameManager] MapTransitionController.Instance = null
[GameManager] Phase: MapNavigation → ShopVisit
[GameManager] Phase: ShopVisit → MapNavigation
[GameManager] MoveToNode: r2_l0 (phase=MapNavigation)
[GameManager] タイル起動: 戦闘 (r2_l0)
[GameManager] エンカウント: ダイアウルフ
[GameManager] Phase: MapNavigation → Combat
[GameManager] Phase: Combat → BattleResult
[GameManager] 戦闘結果: ダイアウルフ — 敗北 (4T) 残HP:0
[GameManager] 救済発動: マップへ戻る
[GameManager] Phase: BattleResult → MapNavigation
[AutoRunner] ラストスタンド発動 (Floor 2)
[GameManager] MoveToNode: r3_l0 (phase=MapNavigation)
[GameManager] タイル起動: 休憩 (r3_l0)
[GameManager] Phase: MapNavigation → RestStop
[GameManager] 休憩回復: +1HP (30%) (現在: 1/1)
[GameManager] Phase: RestStop → MapNavigation
[GameManager] MoveToNode: r4_l0 (phase=MapNavigation)
[GameManager] タイル起動: ショップ (r4_l0)
[GameManager] EnterShop called
[GameManager] MapTransitionController.Instance = null
[GameManager] Phase: MapNavigation → ShopVisit
[GameManager] Phase: ShopVisit → MapNavigation
[GameManager] MoveToNode: r5_l0 (phase=MapNavigation)
[GameManager] タイル起動: 秘宝 (r5_l0)
[GameManager] 宝箱: ゴールド+0, 灯心の鈴
[GameManager] Phase: MapNavigation → TreasureOpen
[GameManager] Phase: TreasureOpen → MapNavigation
[GameManager] MoveToNode: r6_l0 (phase=MapNavigation)
[GameManager] タイル起動: 戦闘 (r6_l0)
[GameManager] エンカウント: ダイアウルフ
[GameManager] Phase: MapNavigation → Combat
[GameManager] Phase: Combat → BattleResult
[GameManager] 戦闘結果: ダイアウルフ — 敗北 (1T) 残HP:0
[GameManager] Phase: BattleResult → GameOver
[AutoRunner] === RUN 42 終了: R2 (2F道中で死亡) — 敗北 cause=CombatLoss ===

########## RUN 43  [R4 3Fで死亡]  敗北 cause=CombatLoss
# reached F3 HP 0/1 coins 53 combats 11/13 LS=True
[GameManager] Phase: GameOver → Title
[GameManager] Phase: Title → RunStart
[GameManager] === ラン開始 === HP:30
[GameManager] Phase: RunStart → FloorIntro
[GameManager] --- フロア 1 [残光の加護] ---
[GameManager] Phase: FloorIntro → MapNavigation
[GameManager] MoveToNode: r1_l1 (phase=MapNavigation)
[GameManager] タイル起動: 戦闘 (r1_l1)
[GameManager] エンカウント: スライム
[GameManager] Phase: MapNavigation → Combat
[GameManager] Phase: Combat → BattleResult
[GameManager] 戦闘結果: スライム — 勝利 (1T) 残HP:30
[GameManager] Phase: BattleResult → Reward
[GameManager] Phase: Reward → MapNavigation
[GameManager] MoveToNode: r2_l1 (phase=MapNavigation)
[GameManager] タイル起動: イベント (r2_l1)
[GameManager] Phase: MapNavigation → EventEncounter
[GameManager] Phase: EventEncounter → MapNavigation
[GameManager] MoveToNode: r3_l1 (phase=MapNavigation)
[GameManager] タイル起動: 戦闘 (r3_l1)
[GameManager] エンカウント: スライム
[GameManager] Phase: MapNavigation → Combat
[GameManager] Phase: Combat → BattleResult
[GameManager] 戦闘結果: スライム — 勝利 (3T) 残HP:20
[GameManager] Phase: BattleResult → Reward
[GameManager] Phase: Reward → MapNavigation
[GameManager] MoveToNode: r4_l2 (phase=MapNavigation)
[GameManager] タイル起動: 戦闘 (r4_l2)
[GameManager] エンカウント: ゴブリン
[GameManager] Phase: MapNavigation → Combat
[GameManager] Phase: Combat → BattleResult
[GameManager] 戦闘結果: ゴブリン — 勝利 (1T) 残HP:20
[GameManager] Phase: BattleResult → Reward
[GameManager] Phase: Reward → MapNavigation
[GameManager] MoveToNode: r5_l1 (phase=MapNavigation)
[GameManager] タイル起動: 戦闘 (r5_l1)
[GameManager] エンカウント: ゴブリン
[GameManager] Phase: MapNavigation → Combat
[GameManager] Phase: Combat → BattleResult
[GameManager] 戦闘結果: ゴブリン — 勝利 (2T) 残HP:20
[GameManager] Phase: BattleResult → Reward
[GameManager] Phase: Reward → MapNavigation
[GameManager] MoveToNode: r6_l1 (phase=MapNavigation)
[GameManager] タイル起動: ショップ (r6_l1)
[GameManager] EnterShop called
[GameManager] MapTransitionController.Instance = null
[GameManager] Phase: MapNavigation → ShopVisit
[GameManager] Phase: ShopVisit → MapNavigation
[GameManager] MoveToNode: r7_l2 (phase=MapNavigation)
[GameManager] タイル起動: 戦闘 (r7_l2)
[GameManager] エンカウント: スライム
[GameManager] Phase: MapNavigation → Combat
[GameManager] Phase: Combat → BattleResult
[GameManager] 戦闘結果: スライム — 勝利 (2T) 残HP:20
[GameManager] Phase: BattleResult → Reward
[GameManager] Phase: Reward → MapNavigation
[GameManager] MoveToNode: r8_l2 (phase=MapNavigation)
[GameManager] タイル起動: 秘宝 (r8_l2)
[GameManager] 宝箱: ゴールド+5, 偏りのダイス
[GameManager] Phase: MapNavigation → TreasureOpen
[GameManager] Phase: TreasureOpen → MapNavigation
[GameManager] MoveToNode: r9_l2 (phase=MapNavigation)
[GameManager] タイル起動: 休憩 (r9_l2)
[GameManager] Phase: MapNavigation → RestStop
[GameManager] 休憩回復: +9HP (30%) (現在: 29/30)
[GameManager] Phase: RestStop → MapNavigation
[GameManager] MoveToNode: boss (phase=MapNavigation)
[GameManager] タイル起動: ボス (boss)
[GameManager] ボス 'boss_layer1' 未定義 — フロア1のプールから抽選
[GameManager] ボス戦: スライム
[GameManager] Phase: MapNavigation → Combat
[GameManager] Phase: Combat → BattleResult
[GameManager] 戦闘結果: スライム — 勝利 (2T) 残HP:29
[GameManager] Phase: BattleResult → Reward
[GameManager] Phase: Reward → FloorClear
[GameManager] フロア1クリア → 次へ
[GameManager] 層デバフ: MaxHP-5 → 25
[GameManager] Phase: FloorClear → FloorIntro
[GameManager] --- フロア 2 [嘆きの共鳴] ---
[GameManager] Phase: FloorIntro → MapNavigation
[GameManager] MoveToNode: r1_l0 (phase=MapNavigation)
[GameManager] タイル起動: イベント (r1_l0)
[GameManager] Phase: MapNavigation → EventEncounter
[GameManager] Phase: EventEncounter → MapNavigation
[GameManager] MoveToNode: r2_l0 (phase=MapNavigation)
[GameManager] タイル起動: イベント (r2_l0)
[GameManager] Phase: MapNavigation → EventEncounter
[GameManager] Phase: EventEncounter → MapNavigation
[GameManager] MoveToNode: r3_l0 (phase=MapNavigation)
[GameManager] タイル起動: 戦闘 (r3_l0)
[GameManager] エンカウント: 13番目の死
[GameManager] Phase: MapNavigation → Combat
[GameManager] Phase: Combat → BattleResult
[GameManager] 戦闘結果: 13番目の死 — 勝利 (1T) 残HP:25
[GameManager] Phase: BattleResult → Reward
[GameManager] Phase: Reward → MapNavigation
[GameManager] MoveToNode: r4_l0 (phase=MapNavigation)
[GameManager] タイル起動: 戦闘 (r4_l0)
[GameManager] エンカウント: ダイアウルフ
[GameManager] Phase: MapNavigation → Combat
[GameManager] Phase: Combat → BattleResult
[GameManager] 戦闘結果: ダイアウルフ — 勝利 (5T) 残HP:13
[GameManager] Phase: BattleResult → Reward
[GameManager] Phase: Reward → MapNavigation
[GameManager] MoveToNode: r5_l0 (phase=MapNavigation)
[GameManager] タイル起動: 戦闘 (r5_l0)
[GameManager] エンカウント: コボルド
[GameManager] Phase: MapNavigation → Combat
[GameManager] Phase: Combat → BattleResult
[GameManager] 戦闘結果: コボルド — 勝利 (1T) 残HP:13
[GameManager] Phase: BattleResult → Reward
[GameManager] Phase: Reward → MapNavigation
[GameManager] MoveToNode: r6_l0 (phase=MapNavigation)
[GameManager] タイル起動: 戦闘 (r6_l0)
[GameManager] エンカウント: 13番目の死
[GameManager] Phase: MapNavigation → Combat
[GameManager] Phase: Combat → BattleResult
[GameManager] 戦闘結果: 13番目の死 — 勝利 (3T) 残HP:13
[GameManager] Phase: BattleResult → Reward
[GameManager] Phase: Reward → MapNavigation
[GameManager] MoveToNode: r7_l0 (phase=MapNavigation)
[GameManager] タイル起動: 戦闘 (r7_l0)
[GameManager] エンカウント: 13番目の死
[GameManager] Phase: MapNavigation → Combat
[GameManager] Phase: Combat → BattleResult
[GameManager] 戦闘結果: 13番目の死 — 敗北 (1T) 残HP:0
[GameManager] 救済発動: マップへ戻る
[GameManager] Phase: BattleResult → MapNavigation
[AutoRunner] ラストスタンド発動 (Floor 2)
[GameManager] MoveToNode: r8_l0 (phase=MapNavigation)
[GameManager] タイル起動: 秘宝 (r8_l0)
[GameManager] 宝箱: ゴールド+0, 革の手甲
[GameManager] Phase: MapNavigation → TreasureOpen
[GameManager] Phase: TreasureOpen → MapNavigation
[GameManager] MoveToNode: r9_l0 (phase=MapNavigation)
[GameManager] タイル起動: 休憩 (r9_l0)
[GameManager] Phase: MapNavigation → RestStop
[GameManager] 休憩回復: +1HP (30%) (現在: 1/1)
[GameManager] Phase: RestStop → MapNavigation
[GameManager] MoveToNode: boss (phase=MapNavigation)
[GameManager] タイル起動: ボス (boss)
[GameManager] ボス戦: ゴブリン王
[GameManager] Phase: MapNavigation → Combat
[GameManager] Phase: Combat → BattleResult
[GameManager] 戦闘結果: ゴブリン王 — 勝利 (6T) 残HP:1
[GameManager] Phase: BattleResult → Reward
[GameManager] Phase: Reward → FloorClear
[GameManager] フロア2クリア → 次へ
[GameManager] Phase: FloorClear → FloorIntro
[GameManager] --- フロア 3 [瘴気侵蝕] ---
[GameManager] Phase: FloorIntro → MapNavigation
[GameManager] MoveToNode: r1_l1 (phase=MapNavigation)
[GameManager] タイル起動: ショップ (r1_l1)
[GameManager] EnterShop called
[GameManager] MapTransitionController.Instance = null
[GameManager] Phase: MapNavigation → ShopVisit
[GameManager] Phase: ShopVisit → MapNavigation
[GameManager] MoveToNode: r2_l0 (phase=MapNavigation)
[GameManager] タイル起動: 戦闘 (r2_l0)
[GameManager] エンカウント: 凍れる吟遊詩人
[GameManager] Phase: MapNavigation → Combat
[GameManager] Phase: Combat → BattleResult
[GameManager] 戦闘結果: 凍れる吟遊詩人 — 敗北 (3T) 残HP:0
[GameManager] Phase: BattleResult → GameOver
[AutoRunner] === RUN 43 終了: R4 (3Fで死亡) — 敗北 cause=CombatLoss ===

########## RUN 44  [R5 4Fで死亡]  敗北 cause=CombatLoss
# reached F4 HP 0/1 coins 133 combats 15/17 LS=True
[GameManager] Phase: GameOver → Title
[GameManager] Phase: Title → RunStart
[GameManager] === ラン開始 === HP:30
[GameManager] Phase: RunStart → FloorIntro
[GameManager] --- フロア 1 [残光の加護] ---
[GameManager] Phase: FloorIntro → MapNavigation
[GameManager] MoveToNode: r1_l1 (phase=MapNavigation)
[GameManager] タイル起動: 戦闘 (r1_l1)
[GameManager] エンカウント: ゴブリン
[GameManager] Phase: MapNavigation → Combat
[GameManager] Phase: Combat → BattleResult
[GameManager] 戦闘結果: ゴブリン — 勝利 (2T) 残HP:30
[GameManager] Phase: BattleResult → Reward
[GameManager] Phase: Reward → MapNavigation
[GameManager] MoveToNode: r2_l1 (phase=MapNavigation)
[GameManager] タイル起動: イベント (r2_l1)
[GameManager] Phase: MapNavigation → EventEncounter
[GameManager] Phase: EventEncounter → MapNavigation
[GameManager] MoveToNode: r3_l0 (phase=MapNavigation)
[GameManager] タイル起動: 戦闘 (r3_l0)
[GameManager] エンカウント: スライム
[GameManager] Phase: MapNavigation → Combat
[GameManager] Phase: Combat → BattleResult
[GameManager] 戦闘結果: スライム — 勝利 (2T) 残HP:30
[GameManager] Phase: BattleResult → Reward
[GameManager] Phase: Reward → MapNavigation
[GameManager] MoveToNode: r4_l1 (phase=MapNavigation)
[GameManager] タイル起動: 秘宝 (r4_l1)
[GameManager] 宝箱: ゴールド+7, 苦難の刻印
[GameManager] Phase: MapNavigation → TreasureOpen
[GameManager] Phase: TreasureOpen → MapNavigation
[GameManager] MoveToNode: r5_l1 (phase=MapNavigation)
[GameManager] タイル起動: 秘宝 (r5_l1)
[GameManager] 宝箱: ゴールド+2, 革の胸当て
[GameManager] Phase: MapNavigation → TreasureOpen
[GameManager] Phase: TreasureOpen → MapNavigation
[GameManager] MoveToNode: r6_l2 (phase=MapNavigation)
[GameManager] タイル起動: 戦闘 (r6_l2)
[GameManager] エンカウント: スライム
[GameManager] Phase: MapNavigation → Combat
[GameManager] Phase: Combat → BattleResult
[GameManager] 戦闘結果: スライム — 勝利 (1T) 残HP:30
[GameManager] Phase: BattleResult → Reward
[GameManager] Phase: Reward → MapNavigation
[GameManager] MoveToNode: r7_l2 (phase=MapNavigation)
[GameManager] タイル起動: 秘宝 (r7_l2)
[GameManager] 宝箱: ゴールド+7, 木のダイス
[GameManager] Phase: MapNavigation → TreasureOpen
[GameManager] Phase: TreasureOpen → MapNavigation
[GameManager] MoveToNode: r8_l2 (phase=MapNavigation)
[GameManager] タイル起動: 秘宝 (r8_l2)
[GameManager] 宝箱: ゴールド+7, 観察者の眼鏡
[GameManager] Phase: MapNavigation → TreasureOpen
[GameManager] Phase: TreasureOpen → MapNavigation
[GameManager] MoveToNode: r9_l2 (phase=MapNavigation)
[GameManager] タイル起動: 休憩 (r9_l2)
[GameManager] Phase: MapNavigation → RestStop
[GameManager] 休憩回復: +9HP (30%) (現在: 30/30)
[GameManager] Phase: RestStop → MapNavigation
[GameManager] MoveToNode: boss (phase=MapNavigation)
[GameManager] タイル起動: ボス (boss)
[GameManager] ボス 'boss_layer1' 未定義 — フロア1のプールから抽選
[GameManager] ボス戦: スライム
[GameManager] Phase: MapNavigation → Combat
[GameManager] Phase: Combat → BattleResult
[GameManager] 戦闘結果: スライム — 勝利 (1T) 残HP:30
[GameManager] Phase: BattleResult → Reward
[GameManager] Phase: Reward → FloorClear
[GameManager] フロア1クリア → 次へ
[GameManager] 層デバフ: MaxHP-5 → 25
[GameManager] Phase: FloorClear → FloorIntro
[GameManager] --- フロア 2 [嘆きの共鳴] ---
[GameManager] Phase: FloorIntro → MapNavigation
[GameManager] MoveToNode: r1_l1 (phase=MapNavigation)
[GameManager] タイル起動: 戦闘 (r1_l1)
[GameManager] エンカウント: ダイアウルフ
[GameManager] Phase: MapNavigation → Combat
[GameManager] Phase: Combat → BattleResult
[GameManager] 戦闘結果: ダイアウルフ — 勝利 (4T) 残HP:24
[GameManager] Phase: BattleResult → Reward
[GameManager] Phase: Reward → MapNavigation
[GameManager] MoveToNode: r2_l1 (phase=MapNavigation)
[GameManager] タイル起動: 戦闘 (r2_l1)
[GameManager] エンカウント: コボルド
[GameManager] Phase: MapNavigation → Combat
[GameManager] Phase: Combat → BattleResult
[GameManager] 戦闘結果: コボルド — 勝利 (4T) 残HP:24
[GameManager] Phase: BattleResult → Reward
[GameManager] Phase: Reward → MapNavigation
[GameManager] MoveToNode: r3_l1 (phase=MapNavigation)
[GameManager] タイル起動: 戦闘 (r3_l1)
[GameManager] エンカウント: ゴブリン王
[GameManager] Phase: MapNavigation → Combat
[GameManager] Phase: Combat → BattleResult
[GameManager] 戦闘結果: ゴブリン王 — 勝利 (7T) 残HP:23
[GameManager] Phase: BattleResult → Reward
[GameManager] Phase: Reward → MapNavigation
[GameManager] MoveToNode: r4_l1 (phase=MapNavigation)
[GameManager] タイル起動: イベント (r4_l1)
[GameManager] Phase: MapNavigation → EventEncounter
[GameManager] Phase: EventEncounter → MapNavigation
[GameManager] MoveToNode: r5_l0 (phase=MapNavigation)
[GameManager] タイル起動: ショップ (r5_l0)
[GameManager] EnterShop called
[GameManager] MapTransitionController.Instance = null
[GameManager] Phase: MapNavigation → ShopVisit
[GameManager] Phase: ShopVisit → MapNavigation
[GameManager] MoveToNode: r6_l1 (phase=MapNavigation)
[GameManager] タイル起動: 激戦 (r6_l1)
[GameManager] エンカウント: ダイアウルフ
[GameManager] Phase: MapNavigation → Combat
[GameManager] Phase: Combat → BattleResult
[GameManager] 戦闘結果: ダイアウルフ — 勝利 (8T) 残HP:22
[GameManager] 激戦2戦目: 13番目の死
[GameManager] Phase: BattleResult → Combat
[GameManager] Phase: Combat → BattleResult
[GameManager] 戦闘結果: 13番目の死 — 勝利 (2T) 残HP:22
[GameManager] Phase: BattleResult → Reward
[GameManager] Phase: Reward → MapNavigation
[GameManager] MoveToNode: r7_l1 (phase=MapNavigation)
[GameManager] タイル起動: イベント (r7_l1)
[GameManager] Phase: MapNavigation → EventEncounter
[GameManager] Phase: EventEncounter → MapNavigation
[GameManager] MoveToNode: r8_l1 (phase=MapNavigation)
[GameManager] タイル起動: 秘宝 (r8_l1)
[GameManager] 宝箱: ゴールド+8, 治癒の指輪
[GameManager] Phase: MapNavigation → TreasureOpen
[GameManager] Phase: TreasureOpen → MapNavigation
[GameManager] MoveToNode: r9_l1 (phase=MapNavigation)
[GameManager] タイル起動: 休憩 (r9_l1)
[GameManager] Phase: MapNavigation → RestStop
[GameManager] 休憩回復: +8HP (30%) (現在: 25/25)
[GameManager] Phase: RestStop → MapNavigation
[GameManager] MoveToNode: boss (phase=MapNavigation)
[GameManager] タイル起動: ボス (boss)
[GameManager] ボス戦: ゴブリン王
[GameManager] Phase: MapNavigation → Combat
[GameManager] Phase: Combat → BattleResult
[GameManager] 戦闘結果: ゴブリン王 — 勝利 (6T) 残HP:25
[GameManager] Phase: BattleResult → Reward
[GameManager] Phase: Reward → FloorClear
[GameManager] フロア2クリア → 次へ
[GameManager] Phase: FloorClear → FloorIntro
[GameManager] --- フロア 3 [瘴気侵蝕] ---
[GameManager] Phase: FloorIntro → MapNavigation
[GameManager] MoveToNode: r1_l0 (phase=MapNavigation)
[GameManager] タイル起動: イベント (r1_l0)
[GameManager] Phase: MapNavigation → EventEncounter
[GameManager] Phase: EventEncounter → MapNavigation
[GameManager] MoveToNode: r2_l0 (phase=MapNavigation)
[GameManager] タイル起動: 戦闘 (r2_l0)
[GameManager] エンカウント: スライム
[GameManager] Phase: MapNavigation → Combat
[GameManager] Phase: Combat → BattleResult
[GameManager] 戦闘結果: スライム — 勝利 (2T) 残HP:25
[GameManager] 層デバフ: 戦闘後2ダメージ (HP:23)
[GameManager] Phase: BattleResult → Reward
[GameManager] Phase: Reward → MapNavigation
[GameManager] MoveToNode: r3_l0 (phase=MapNavigation)
[GameManager] タイル起動: イベント (r3_l0)
[GameManager] Phase: MapNavigation → EventEncounter
[GameManager] Phase: EventEncounter → MapNavigation
[GameManager] MoveToNode: r4_l1 (phase=MapNavigation)
[GameManager] タイル起動: 戦闘 (r4_l1)
[GameManager] エンカウント: 凍れる吟遊詩人
[GameManager] Phase: MapNavigation → Combat
[GameManager] Phase: Combat → BattleResult
[GameManager] 戦闘結果: 凍れる吟遊詩人 — 勝利 (10T) 残HP:23
[GameManager] 層デバフ: 戦闘後2ダメージ (HP:21)
[GameManager] Phase: BattleResult → Reward
[GameManager] Phase: Reward → MapNavigation
[GameManager] MoveToNode: r5_l1 (phase=MapNavigation)
[GameManager] タイル起動: イベント (r5_l1)
[GameManager] Phase: MapNavigation → EventEncounter
[GameManager] Phase: EventEncounter → MapNavigation
[GameManager] MoveToNode: r6_l1 (phase=MapNavigation)
[GameManager] タイル起動: 罠 (r6_l1)
[GameManager] Phase: MapNavigation → TrapTriggered
[GameManager] Phase: TrapTriggered → MapNavigation
[GameManager] MoveToNode: r7_l2 (phase=MapNavigation)
[GameManager] タイル起動: 戦闘 (r7_l2)
[GameManager] エンカウント: 凍れる吟遊詩人
[GameManager] Phase: MapNavigation → Combat
[GameManager] Phase: Combat → BattleResult
[GameManager] 戦闘結果: 凍れる吟遊詩人 — 勝利 (11T) 残HP:21
[GameManager] 層デバフ: 戦闘後2ダメージ (HP:19)
[GameManager] Phase: BattleResult → Reward
[GameManager] Phase: Reward → MapNavigation
[GameManager] MoveToNode: r8_l2 (phase=MapNavigation)
[GameManager] タイル起動: 秘宝 (r8_l2)
[GameManager] 宝箱: ゴールド+6, 投げ短剣の鞘
[GameManager] Phase: MapNavigation → TreasureOpen
[GameManager] Phase: TreasureOpen → MapNavigation
[GameManager] MoveToNode: r9_l2 (phase=MapNavigation)
[GameManager] タイル起動: 休憩 (r9_l2)
[GameManager] Phase: MapNavigation → RestStop
[GameManager] 休憩回復: +13HP (50%) (現在: 25/25)
[GameManager] Phase: RestStop → MapNavigation
[GameManager] MoveToNode: boss (phase=MapNavigation)
[GameManager] タイル起動: ボス (boss)
[GameManager] ボス戦: 凍れる吟遊詩人
[GameManager] Phase: MapNavigation → Combat
[GameManager] Phase: Combat → BattleResult
[GameManager] 戦闘結果: 凍れる吟遊詩人 — 勝利 (6T) 残HP:25
[GameManager] 層デバフ: 戦闘後2ダメージ (HP:23)
[GameManager] Phase: BattleResult → Reward
[GameManager] Phase: Reward → FloorClear
[GameManager] フロア3クリア → 次へ
[GameManager] Phase: FloorClear → FloorIntro
[GameManager] --- フロア 4 [煉獄の刻印] ---
[GameManager] Phase: FloorIntro → MapNavigation
[GameManager] MoveToNode: r1_l1 (phase=MapNavigation)
[GameManager] タイル起動: イベント (r1_l1)
[GameManager] Phase: MapNavigation → EventEncounter
[GameManager] Phase: EventEncounter → MapNavigation
[GameManager] MoveToNode: r2_l0 (phase=MapNavigation)
[GameManager] タイル起動: 激戦 (r2_l0)
[GameManager] エンカウント: 鏡の双子
[GameManager] Phase: MapNavigation → Combat
[GameManager] Phase: Combat → BattleResult
[GameManager] 戦闘結果: 鏡の双子 — 勝利 (10T) 残HP:19
[GameManager] 激戦2戦目: ミノタウロス
[GameManager] Phase: BattleResult → Combat
[GameManager] Phase: Combat → BattleResult
[GameManager] 戦闘結果: ミノタウロス — 敗北 (5T) 残HP:0
[GameManager] 救済発動: マップへ戻る
[GameManager] Phase: BattleResult → MapNavigation
[AutoRunner] ラストスタンド発動 (Floor 4)
[GameManager] MoveToNode: r3_l0 (phase=MapNavigation)
[GameManager] タイル起動: 激戦 (r3_l0)
[GameManager] エンカウント: リザードマン
[GameManager] Phase: MapNavigation → Combat
[GameManager] Phase: Combat → BattleResult
[GameManager] 戦闘結果: リザードマン — 敗北 (1T) 残HP:0
[GameManager] Phase: BattleResult → GameOver
[AutoRunner] === RUN 44 終了: R5 (4Fで死亡) — 敗北 cause=CombatLoss ===

########## RUN 45  [DEADLOCK デッドロック]  移動先なし(MapNavigation)
# reached F4 HP 1/1 coins 138 combats 22/23 LS=True
[GameManager] Phase: GameOver → Title
[GameManager] Phase: Title → RunStart
[GameManager] === ラン開始 === HP:30
[GameManager] Phase: RunStart → FloorIntro
[GameManager] --- フロア 1 [残光の加護] ---
[GameManager] Phase: FloorIntro → MapNavigation
[GameManager] MoveToNode: r1_l0 (phase=MapNavigation)
[GameManager] タイル起動: 戦闘 (r1_l0)
[GameManager] エンカウント: ゴブリン
[GameManager] Phase: MapNavigation → Combat
[GameManager] Phase: Combat → BattleResult
[GameManager] 戦闘結果: ゴブリン — 勝利 (1T) 残HP:30
[GameManager] Phase: BattleResult → Reward
[GameManager] Phase: Reward → MapNavigation
[GameManager] MoveToNode: r2_l0 (phase=MapNavigation)
[GameManager] タイル起動: 戦闘 (r2_l0)
[GameManager] エンカウント: スライム
[GameManager] Phase: MapNavigation → Combat
[GameManager] Phase: Combat → BattleResult
[GameManager] 戦闘結果: スライム — 勝利 (1T) 残HP:30
[GameManager] Phase: BattleResult → Reward
[GameManager] Phase: Reward → MapNavigation
[GameManager] MoveToNode: r3_l0 (phase=MapNavigation)
[GameManager] タイル起動: 戦闘 (r3_l0)
[GameManager] エンカウント: スライム
[GameManager] Phase: MapNavigation → Combat
[GameManager] Phase: Combat → BattleResult
[GameManager] 戦闘結果: スライム — 勝利 (2T) 残HP:30
[GameManager] Phase: BattleResult → Reward
[GameManager] Phase: Reward → MapNavigation
[GameManager] MoveToNode: r4_l0 (phase=MapNavigation)
[GameManager] タイル起動: 罠 (r4_l0)
[GameManager] Phase: MapNavigation → TrapTriggered
[GameManager] Phase: TrapTriggered → MapNavigation
[GameManager] MoveToNode: r5_l0 (phase=MapNavigation)
[GameManager] タイル起動: ショップ (r5_l0)
[GameManager] EnterShop called
[GameManager] MapTransitionController.Instance = null
[GameManager] Phase: MapNavigation → ShopVisit
[GameManager] Phase: ShopVisit → MapNavigation
[GameManager] MoveToNode: r6_l0 (phase=MapNavigation)
[GameManager] タイル起動: 戦闘 (r6_l0)
[GameManager] エンカウント: スライム
[GameManager] Phase: MapNavigation → Combat
[GameManager] Phase: Combat → BattleResult
[GameManager] 戦闘結果: スライム — 勝利 (3T) 残HP:30
[GameManager] Phase: BattleResult → Reward
[GameManager] Phase: Reward → MapNavigation
[GameManager] MoveToNode: r7_l0 (phase=MapNavigation)
[GameManager] タイル起動: ショップ (r7_l0)
[GameManager] EnterShop called
[GameManager] MapTransitionController.Instance = null
[GameManager] Phase: MapNavigation → ShopVisit
[GameManager] Phase: ShopVisit → MapNavigation
[GameManager] MoveToNode: r8_l0 (phase=MapNavigation)
[GameManager] タイル起動: 秘宝 (r8_l0)
[GameManager] 宝箱: ゴールド+7, 骨のダイス
[GameManager] Phase: MapNavigation → TreasureOpen
[GameManager] Phase: TreasureOpen → MapNavigation
[GameManager] MoveToNode: r9_l0 (phase=MapNavigation)
[GameManager] タイル起動: 休憩 (r9_l0)
[GameManager] Phase: MapNavigation → RestStop
[GameManager] 休憩回復: +9HP (30%) (現在: 30/30)
[GameManager] Phase: RestStop → MapNavigation
[GameManager] MoveToNode: boss (phase=MapNavigation)
[GameManager] タイル起動: ボス (boss)
[GameManager] ボス 'boss_layer1' 未定義 — フロア1のプールから抽選
[GameManager] ボス戦: ゴブリン
[GameManager] Phase: MapNavigation → Combat
[GameManager] Phase: Combat → BattleResult
[GameManager] 戦闘結果: ゴブリン — 勝利 (2T) 残HP:30
[GameManager] Phase: BattleResult → Reward
[GameManager] Phase: Reward → FloorClear
[GameManager] フロア1クリア → 次へ
[GameManager] 層デバフ: MaxHP-5 → 25
[GameManager] Phase: FloorClear → FloorIntro
[GameManager] --- フロア 2 [嘆きの共鳴] ---
[GameManager] Phase: FloorIntro → MapNavigation
[GameManager] MoveToNode: r1_l2 (phase=MapNavigation)
[GameManager] タイル起動: 戦闘 (r1_l2)
[GameManager] エンカウント: ダイアウルフ
[GameManager] Phase: MapNavigation → Combat
[GameManager] Phase: Combat → BattleResult
[GameManager] 戦闘結果: ダイアウルフ — 勝利 (8T) 残HP:22
[GameManager] Phase: BattleResult → Reward
[GameManager] Phase: Reward → MapNavigation
[GameManager] MoveToNode: r2_l1 (phase=MapNavigation)
[GameManager] タイル起動: ショップ (r2_l1)
[GameManager] EnterShop called
[GameManager] MapTransitionController.Instance = null
[GameManager] Phase: MapNavigation → ShopVisit
[GameManager] Phase: ShopVisit → MapNavigation
[GameManager] MoveToNode: r3_l1 (phase=MapNavigation)
[GameManager] タイル起動: 戦闘 (r3_l1)
[GameManager] エンカウント: スケルトン
[GameManager] Phase: MapNavigation → Combat
[GameManager] Phase: Combat → BattleResult
[GameManager] 戦闘結果: スケルトン — 勝利 (4T) 残HP:19
[GameManager] Phase: BattleResult → Reward
[GameManager] Phase: Reward → MapNavigation
[GameManager] MoveToNode: r4_l0 (phase=MapNavigation)
[GameManager] タイル起動: 秘宝 (r4_l0)
[GameManager] 宝箱: ゴールド+12, 鋼鉄の腕輪
[GameManager] Phase: MapNavigation → TreasureOpen
[GameManager] Phase: TreasureOpen → MapNavigation
[GameManager] MoveToNode: r5_l0 (phase=MapNavigation)
[GameManager] タイル起動: 戦闘 (r5_l0)
[GameManager] エンカウント: 13番目の死
[GameManager] Phase: MapNavigation → Combat
[GameManager] Phase: Combat → BattleResult
[GameManager] 戦闘結果: 13番目の死 — 勝利 (2T) 残HP:19
[GameManager] Phase: BattleResult → Reward
[GameManager] Phase: Reward → MapNavigation
[GameManager] MoveToNode: r6_l0 (phase=MapNavigation)
[GameManager] タイル起動: ショップ (r6_l0)
[GameManager] EnterShop called
[GameManager] MapTransitionController.Instance = null
[GameManager] Phase: MapNavigation → ShopVisit
[GameManager] Phase: ShopVisit → MapNavigation
[GameManager] MoveToNode: r7_l0 (phase=MapNavigation)
[GameManager] タイル起動: 戦闘 (r7_l0)
[GameManager] エンカウント: ダイアウルフ
[GameManager] Phase: MapNavigation → Combat
[GameManager] Phase: Combat → BattleResult
[GameManager] 戦闘結果: ダイアウルフ — 勝利 (2T) 残HP:19
[GameManager] Phase: BattleResult → Reward
[GameManager] Phase: Reward → MapNavigation
[GameManager] MoveToNode: r8_l0 (phase=MapNavigation)
[GameManager] タイル起動: 秘宝 (r8_l0)
[GameManager] 宝箱: ゴールド+14, 鋼の籠手
[GameManager] Phase: MapNavigation → TreasureOpen
[GameManager] Phase: TreasureOpen → MapNavigation
[GameManager] MoveToNode: r9_l0 (phase=MapNavigation)
[GameManager] タイル起動: 休憩 (r9_l0)
[GameManager] Phase: MapNavigation → RestStop
[GameManager] 休憩回復: +8HP (30%) (現在: 25/25)
[GameManager] Phase: RestStop → MapNavigation
[GameManager] MoveToNode: boss (phase=MapNavigation)
[GameManager] タイル起動: ボス (boss)
[GameManager] ボス戦: ゴブリン王
[GameManager] Phase: MapNavigation → Combat
[GameManager] Phase: Combat → BattleResult
[GameManager] 戦闘結果: ゴブリン王 — 勝利 (2T) 残HP:25
[GameManager] Phase: BattleResult → Reward
[GameManager] Phase: Reward → FloorClear
[GameManager] フロア2クリア → 次へ
[GameManager] Phase: FloorClear → FloorIntro
[GameManager] --- フロア 3 [瘴気侵蝕] ---
[GameManager] Phase: FloorIntro → MapNavigation
[GameManager] MoveToNode: r1_l0 (phase=MapNavigation)
[GameManager] タイル起動: 戦闘 (r1_l0)
[GameManager] エンカウント: スケルトン
[GameManager] Phase: MapNavigation → Combat
[GameManager] Phase: Combat → BattleResult
[GameManager] 戦闘結果: スケルトン — 勝利 (3T) 残HP:25
[GameManager] 層デバフ: 戦闘後2ダメージ (HP:23)
[GameManager] Phase: BattleResult → Reward
[GameManager] Phase: Reward → MapNavigation
[GameManager] MoveToNode: r2_l0 (phase=MapNavigation)
[GameManager] タイル起動: 戦闘 (r2_l0)
[GameManager] エンカウント: ハーピィ
[GameManager] Phase: MapNavigation → Combat
[GameManager] Phase: Combat → BattleResult
[GameManager] 戦闘結果: ハーピィ — 勝利 (3T) 残HP:23
[GameManager] 層デバフ: 戦闘後2ダメージ (HP:21)
[GameManager] Phase: BattleResult → Reward
[GameManager] Phase: Reward → MapNavigation
[GameManager] MoveToNode: r3_l0 (phase=MapNavigation)
[GameManager] タイル起動: 戦闘 (r3_l0)
[GameManager] エンカウント: 凍れる吟遊詩人
[GameManager] Phase: MapNavigation → Combat
[GameManager] Phase: Combat → BattleResult
[GameManager] 戦闘結果: 凍れる吟遊詩人 — 勝利 (6T) 残HP:21
[GameManager] 層デバフ: 戦闘後2ダメージ (HP:19)
[GameManager] Phase: BattleResult → Reward
[GameManager] Phase: Reward → MapNavigation
[GameManager] MoveToNode: r4_l0 (phase=MapNavigation)
[GameManager] タイル起動: イベント (r4_l0)
[GameManager] Phase: MapNavigation → EventEncounter
[GameManager] Phase: EventEncounter → MapNavigation
[GameManager] MoveToNode: r5_l0 (phase=MapNavigation)
[GameManager] タイル起動: 戦闘 (r5_l0)
[GameManager] エンカウント: ダイアウルフ
[GameManager] Phase: MapNavigation → Combat
[GameManager] Phase: Combat → BattleResult
[GameManager] 戦闘結果: ダイアウルフ — 勝利 (2T) 残HP:19
[GameManager] 層デバフ: 戦闘後2ダメージ (HP:17)
[GameManager] Phase: BattleResult → Reward
[GameManager] Phase: Reward → MapNavigation
[GameManager] MoveToNode: r6_l0 (phase=MapNavigation)
[GameManager] タイル起動: イベント (r6_l0)
[GameManager] Phase: MapNavigation → EventEncounter
[GameManager] Phase: EventEncounter → MapNavigation
[GameManager] MoveToNode: r7_l0 (phase=MapNavigation)
[GameManager] タイル起動: 激戦 (r7_l0)
[GameManager] エンカウント: オーク
[GameManager] Phase: MapNavigation → Combat
[GameManager] Phase: Combat → BattleResult
[GameManager] 戦闘結果: オーク — 勝利 (4T) 残HP:17
[GameManager] 層デバフ: 戦闘後2ダメージ (HP:15)
[GameManager] 激戦2戦目: スライム
[GameManager] Phase: BattleResult → Combat
[GameManager] Phase: Combat → BattleResult
[GameManager] 戦闘結果: スライム — 勝利 (1T) 残HP:15
[GameManager] 層デバフ: 戦闘後2ダメージ (HP:13)
[GameManager] Phase: BattleResult → Reward
[GameManager] Phase: Reward → MapNavigation
[GameManager] MoveToNode: r8_l0 (phase=MapNavigation)
[GameManager] タイル起動: 秘宝 (r8_l0)
[GameManager] 宝箱: ゴールド+12, 木のダイス
[GameManager] Phase: MapNavigation → TreasureOpen
[GameManager] Phase: TreasureOpen → MapNavigation
[GameManager] MoveToNode: r9_l0 (phase=MapNavigation)
[GameManager] タイル起動: 休憩 (r9_l0)
[GameManager] Phase: MapNavigation → RestStop
[GameManager] 休憩回復: +13HP (50%) (現在: 25/25)
[GameManager] Phase: RestStop → MapNavigation
[GameManager] MoveToNode: boss (phase=MapNavigation)
[GameManager] タイル起動: ボス (boss)
[GameManager] ボス戦: 凍れる吟遊詩人
[GameManager] Phase: MapNavigation → Combat
[GameManager] Phase: Combat → BattleResult
[GameManager] 戦闘結果: 凍れる吟遊詩人 — 勝利 (3T) 残HP:25
[GameManager] 層デバフ: 戦闘後2ダメージ (HP:23)
[GameManager] Phase: BattleResult → Reward
[GameManager] Phase: Reward → FloorClear
[GameManager] フロア3クリア → 次へ
[GameManager] Phase: FloorClear → FloorIntro
[GameManager] --- フロア 4 [煉獄の刻印] ---
[GameManager] Phase: FloorIntro → MapNavigation
[GameManager] MoveToNode: r1_l2 (phase=MapNavigation)
[GameManager] タイル起動: 戦闘 (r1_l2)
[GameManager] エンカウント: スライム
[GameManager] Phase: MapNavigation → Combat
[GameManager] Phase: Combat → BattleResult
[GameManager] 戦闘結果: スライム — 勝利 (1T) 残HP:25
[GameManager] Phase: BattleResult → Reward
[GameManager] Phase: Reward → MapNavigation
[GameManager] MoveToNode: r2_l2 (phase=MapNavigation)
[GameManager] タイル起動: 戦闘 (r2_l2)
[GameManager] エンカウント: リザードマン
[GameManager] Phase: MapNavigation → Combat
[GameManager] Phase: Combat → BattleResult
[GameManager] 戦闘結果: リザードマン — 勝利 (5T) 残HP:18
[GameManager] Phase: BattleResult → Reward
[GameManager] Phase: Reward → MapNavigation
[GameManager] MoveToNode: r3_l2 (phase=MapNavigation)
[GameManager] タイル起動: 罠 (r3_l2)
[GameManager] Phase: MapNavigation → TrapTriggered
[GameManager] Phase: TrapTriggered → MapNavigation
[AutoRunner] ラストスタンド発動 (Floor 4)
[AutoRunner] === RUN 45 終了: DEADLOCK (デッドロック) — 移動先なし(MapNavigation) ===

########## RUN 46  [R4 3Fで死亡]  敗北 cause=CombatLoss
# reached F3 HP 0/1 coins 111 combats 14/16 LS=True
[GameManager] Phase: MapNavigation → RunStart
[GameManager] === ラン開始 === HP:30
[GameManager] Phase: RunStart → FloorIntro
[GameManager] --- フロア 1 [残光の加護] ---
[GameManager] Phase: FloorIntro → MapNavigation
[GameManager] MoveToNode: r1_l1 (phase=MapNavigation)
[GameManager] タイル起動: イベント (r1_l1)
[GameManager] Phase: MapNavigation → EventEncounter
[GameManager] Phase: EventEncounter → MapNavigation
[GameManager] MoveToNode: r2_l0 (phase=MapNavigation)
[GameManager] タイル起動: イベント (r2_l0)
[GameManager] Phase: MapNavigation → EventEncounter
[GameManager] Phase: EventEncounter → MapNavigation
[GameManager] MoveToNode: r3_l0 (phase=MapNavigation)
[GameManager] タイル起動: 罠 (r3_l0)
[GameManager] Phase: MapNavigation → TrapTriggered
[GameManager] Phase: TrapTriggered → MapNavigation
[GameManager] MoveToNode: r4_l0 (phase=MapNavigation)
[GameManager] タイル起動: 激戦 (r4_l0)
[GameManager] エンカウント: スライム
[GameManager] Phase: MapNavigation → Combat
[GameManager] Phase: Combat → BattleResult
[GameManager] 戦闘結果: スライム — 勝利 (1T) 残HP:30
[GameManager] 激戦2戦目: ゴブリン
[GameManager] Phase: BattleResult → Combat
[GameManager] Phase: Combat → BattleResult
[GameManager] 戦闘結果: ゴブリン — 勝利 (4T) 残HP:29
[GameManager] Phase: BattleResult → Reward
[GameManager] Phase: Reward → MapNavigation
[GameManager] MoveToNode: r5_l0 (phase=MapNavigation)
[GameManager] タイル起動: 戦闘 (r5_l0)
[GameManager] エンカウント: スライム
[GameManager] Phase: MapNavigation → Combat
[GameManager] Phase: Combat → BattleResult
[GameManager] 戦闘結果: スライム — 勝利 (2T) 残HP:29
[GameManager] Phase: BattleResult → Reward
[GameManager] Phase: Reward → MapNavigation
[GameManager] MoveToNode: r6_l0 (phase=MapNavigation)
[GameManager] タイル起動: 戦闘 (r6_l0)
[GameManager] エンカウント: スライム
[GameManager] Phase: MapNavigation → Combat
[GameManager] Phase: Combat → BattleResult
[GameManager] 戦闘結果: スライム — 勝利 (1T) 残HP:29
[GameManager] Phase: BattleResult → Reward
[GameManager] Phase: Reward → MapNavigation
[GameManager] MoveToNode: r7_l0 (phase=MapNavigation)
[GameManager] タイル起動: イベント (r7_l0)
[GameManager] Phase: MapNavigation → EventEncounter
[GameManager] Phase: EventEncounter → MapNavigation
[GameManager] MoveToNode: r8_l0 (phase=MapNavigation)
[GameManager] タイル起動: 秘宝 (r8_l0)
[GameManager] 宝箱: ゴールド+2, 死神の数珠
[GameManager] Phase: MapNavigation → TreasureOpen
[GameManager] Phase: TreasureOpen → MapNavigation
[GameManager] MoveToNode: r9_l0 (phase=MapNavigation)
[GameManager] タイル起動: 休憩 (r9_l0)
[GameManager] Phase: MapNavigation → RestStop
[GameManager] 休憩回復: +9HP (30%) (現在: 30/30)
[GameManager] Phase: RestStop → MapNavigation
[GameManager] MoveToNode: boss (phase=MapNavigation)
[GameManager] タイル起動: ボス (boss)
[GameManager] ボス 'boss_layer1' 未定義 — フロア1のプールから抽選
[GameManager] ボス戦: ゴブリン
[GameManager] Phase: MapNavigation → Combat
[GameManager] Phase: Combat → BattleResult
[GameManager] 戦闘結果: ゴブリン — 勝利 (2T) 残HP:30
[GameManager] Phase: BattleResult → Reward
[GameManager] Phase: Reward → FloorClear
[GameManager] フロア1クリア → 次へ
[GameManager] 層デバフ: MaxHP-5 → 25
[GameManager] Phase: FloorClear → FloorIntro
[GameManager] --- フロア 2 [嘆きの共鳴] ---
[GameManager] Phase: FloorIntro → MapNavigation
[GameManager] MoveToNode: r1_l1 (phase=MapNavigation)
[GameManager] タイル起動: ショップ (r1_l1)
[GameManager] EnterShop called
[GameManager] MapTransitionController.Instance = null
[GameManager] Phase: MapNavigation → ShopVisit
[GameManager] Phase: ShopVisit → MapNavigation
[GameManager] MoveToNode: r2_l1 (phase=MapNavigation)
[GameManager] タイル起動: 激戦 (r2_l1)
[GameManager] エンカウント: コボルド
[GameManager] Phase: MapNavigation → Combat
[GameManager] Phase: Combat → BattleResult
[GameManager] 戦闘結果: コボルド — 勝利 (2T) 残HP:25
[GameManager] 激戦2戦目: ダイアウルフ
[GameManager] Phase: BattleResult → Combat
[GameManager] Phase: Combat → BattleResult
[GameManager] 戦闘結果: ダイアウルフ — 勝利 (3T) 残HP:22
[GameManager] Phase: BattleResult → Reward
[GameManager] Phase: Reward → MapNavigation
[GameManager] MoveToNode: r3_l1 (phase=MapNavigation)
[GameManager] タイル起動: イベント (r3_l1)
[GameManager] Phase: MapNavigation → EventEncounter
[GameManager] Phase: EventEncounter → MapNavigation
[GameManager] MoveToNode: r4_l2 (phase=MapNavigation)
[GameManager] タイル起動: 戦闘 (r4_l2)
[GameManager] エンカウント: スケルトン
[GameManager] Phase: MapNavigation → Combat
[GameManager] Phase: Combat → BattleResult
[GameManager] 戦闘結果: スケルトン — 勝利 (9T) 残HP:19
[GameManager] Phase: BattleResult → Reward
[GameManager] Phase: Reward → MapNavigation
[GameManager] MoveToNode: r5_l2 (phase=MapNavigation)
[GameManager] タイル起動: イベント (r5_l2)
[GameManager] Phase: MapNavigation → EventEncounter
[GameManager] Phase: EventEncounter → MapNavigation
[GameManager] MoveToNode: r6_l2 (phase=MapNavigation)
[GameManager] タイル起動: 罠 (r6_l2)
[GameManager] Phase: MapNavigation → TrapTriggered
[GameManager] Phase: TrapTriggered → MapNavigation
[GameManager] MoveToNode: r7_l2 (phase=MapNavigation)
[GameManager] タイル起動: ショップ (r7_l2)
[GameManager] EnterShop called
[GameManager] MapTransitionController.Instance = null
[GameManager] Phase: MapNavigation → ShopVisit
[GameManager] Phase: ShopVisit → MapNavigation
[GameManager] MoveToNode: r8_l2 (phase=MapNavigation)
[GameManager] タイル起動: 秘宝 (r8_l2)
[GameManager] 宝箱: ゴールド+12, 血のダイス
[GameManager] Phase: MapNavigation → TreasureOpen
[GameManager] Phase: TreasureOpen → MapNavigation
[GameManager] MoveToNode: r9_l2 (phase=MapNavigation)
[GameManager] タイル起動: 休憩 (r9_l2)
[GameManager] Phase: MapNavigation → RestStop
[GameManager] 休憩回復: +8HP (30%) (現在: 25/25)
[GameManager] Phase: RestStop → MapNavigation
[GameManager] MoveToNode: boss (phase=MapNavigation)
[GameManager] タイル起動: ボス (boss)
[GameManager] ボス戦: ゴブリン王
[GameManager] Phase: MapNavigation → Combat
[GameManager] Phase: Combat → BattleResult
[GameManager] 戦闘結果: ゴブリン王 — 勝利 (7T) 残HP:24
[GameManager] Phase: BattleResult → Reward
[GameManager] Phase: Reward → FloorClear
[GameManager] フロア2クリア → 次へ
[GameManager] Phase: FloorClear → FloorIntro
[GameManager] --- フロア 3 [瘴気侵蝕] ---
[GameManager] Phase: FloorIntro → MapNavigation
[GameManager] MoveToNode: r1_l0 (phase=MapNavigation)
[GameManager] タイル起動: ショップ (r1_l0)
[GameManager] EnterShop called
[GameManager] MapTransitionController.Instance = null
[GameManager] Phase: MapNavigation → ShopVisit
[GameManager] Phase: ShopVisit → MapNavigation
[GameManager] MoveToNode: r2_l1 (phase=MapNavigation)
[GameManager] タイル起動: 戦闘 (r2_l1)
[GameManager] エンカウント: オーク
[GameManager] Phase: MapNavigation → Combat
[GameManager] Phase: Combat → BattleResult
[GameManager] 戦闘結果: オーク — 勝利 (12T) 残HP:16
[GameManager] 層デバフ: 戦闘後2ダメージ (HP:14)
[GameManager] Phase: BattleResult → Reward
[GameManager] Phase: Reward → MapNavigation
[GameManager] MoveToNode: r3_l0 (phase=MapNavigation)
[GameManager] タイル起動: 戦闘 (r3_l0)
[GameManager] エンカウント: ハーピィ
[GameManager] Phase: MapNavigation → Combat
[GameManager] Phase: Combat → BattleResult
[GameManager] 戦闘結果: ハーピィ — 勝利 (5T) 残HP:12
[GameManager] 層デバフ: 戦闘後2ダメージ (HP:10)
[GameManager] Phase: BattleResult → Reward
[GameManager] Phase: Reward → MapNavigation
[GameManager] MoveToNode: r4_l0 (phase=MapNavigation)
[GameManager] タイル起動: 戦闘 (r4_l0)
[GameManager] エンカウント: ゴブリン王
[GameManager] Phase: MapNavigation → Combat
[GameManager] Phase: Combat → BattleResult
[GameManager] 戦闘結果: ゴブリン王 — 勝利 (10T) 残HP:8
[GameManager] 層デバフ: 戦闘後2ダメージ (HP:6)
[GameManager] Phase: BattleResult → Reward
[GameManager] Phase: Reward → MapNavigation
[GameManager] MoveToNode: r5_l0 (phase=MapNavigation)
[GameManager] タイル起動: 激戦 (r5_l0)
[GameManager] エンカウント: ゴブリン
[GameManager] Phase: MapNavigation → Combat
[GameManager] Phase: Combat → BattleResult
[GameManager] 戦闘結果: ゴブリン — 勝利 (5T) 残HP:5
[GameManager] 層デバフ: 戦闘後2ダメージ (HP:3)
[GameManager] 激戦2戦目: ダイアウルフ
[GameManager] Phase: BattleResult → Combat
[GameManager] Phase: Combat → BattleResult
[GameManager] 戦闘結果: ダイアウルフ — 勝利 (2T) 残HP:3
[GameManager] 層デバフ: 戦闘後2ダメージ (HP:1)
[GameManager] Phase: BattleResult → Reward
[GameManager] Phase: Reward → MapNavigation
[GameManager] MoveToNode: r6_l0 (phase=MapNavigation)
[GameManager] タイル起動: 激戦 (r6_l0)
[GameManager] エンカウント: スケルトン
[GameManager] Phase: MapNavigation → Combat
[GameManager] Phase: Combat → BattleResult
[GameManager] 戦闘結果: スケルトン — 敗北 (1T) 残HP:0
[GameManager] 救済発動: マップへ戻る
[GameManager] Phase: BattleResult → MapNavigation
[AutoRunner] ラストスタンド発動 (Floor 3)
[GameManager] MoveToNode: r7_l0 (phase=MapNavigation)
[GameManager] タイル起動: 戦闘 (r7_l0)
[GameManager] エンカウント: ハーピィ
[GameManager] Phase: MapNavigation → Combat
[GameManager] Phase: Combat → BattleResult
[GameManager] 戦闘結果: ハーピィ — 敗北 (1T) 残HP:0
[GameManager] Phase: BattleResult → GameOver
[AutoRunner] === RUN 46 終了: R4 (3Fで死亡) — 敗北 cause=CombatLoss ===

########## RUN 47  [DEADLOCK デッドロック]  移動先なし(MapNavigation)
# reached F4 HP 25/25 coins 100 combats 18/19 LS=False
[GameManager] Phase: GameOver → Title
[GameManager] Phase: Title → RunStart
[GameManager] === ラン開始 === HP:30
[GameManager] Phase: RunStart → FloorIntro
[GameManager] --- フロア 1 [残光の加護] ---
[GameManager] Phase: FloorIntro → MapNavigation
[GameManager] MoveToNode: r1_l0 (phase=MapNavigation)
[GameManager] タイル起動: 戦闘 (r1_l0)
[GameManager] エンカウント: スライム
[GameManager] Phase: MapNavigation → Combat
[GameManager] Phase: Combat → BattleResult
[GameManager] 戦闘結果: スライム — 勝利 (2T) 残HP:30
[GameManager] Phase: BattleResult → Reward
[GameManager] Phase: Reward → MapNavigation
[GameManager] MoveToNode: r2_l0 (phase=MapNavigation)
[GameManager] タイル起動: ショップ (r2_l0)
[GameManager] EnterShop called
[GameManager] MapTransitionController.Instance = null
[GameManager] Phase: MapNavigation → ShopVisit
[GameManager] Phase: ShopVisit → MapNavigation
[GameManager] MoveToNode: r3_l0 (phase=MapNavigation)
[GameManager] タイル起動: 戦闘 (r3_l0)
[GameManager] エンカウント: スライム
[GameManager] Phase: MapNavigation → Combat
[GameManager] Phase: Combat → BattleResult
[GameManager] 戦闘結果: スライム — 勝利 (1T) 残HP:30
[GameManager] Phase: BattleResult → Reward
[GameManager] Phase: Reward → MapNavigation
[GameManager] MoveToNode: r4_l1 (phase=MapNavigation)
[GameManager] タイル起動: 激戦 (r4_l1)
[GameManager] エンカウント: スライム
[GameManager] Phase: MapNavigation → Combat
[GameManager] Phase: Combat → BattleResult
[GameManager] 戦闘結果: スライム — 勝利 (2T) 残HP:30
[GameManager] 激戦2戦目: ゴブリン
[GameManager] Phase: BattleResult → Combat
[GameManager] Phase: Combat → BattleResult
[GameManager] 戦闘結果: ゴブリン — 勝利 (1T) 残HP:30
[GameManager] Phase: BattleResult → Reward
[GameManager] Phase: Reward → MapNavigation
[GameManager] MoveToNode: r5_l1 (phase=MapNavigation)
[GameManager] タイル起動: 秘宝 (r5_l1)
[GameManager] 宝箱: ゴールド+4, 回復ポーション
[GameManager] Phase: MapNavigation → TreasureOpen
[GameManager] Phase: TreasureOpen → MapNavigation
[GameManager] MoveToNode: r6_l1 (phase=MapNavigation)
[GameManager] タイル起動: イベント (r6_l1)
[GameManager] Phase: MapNavigation → EventEncounter
[GameManager] Phase: EventEncounter → MapNavigation
[GameManager] MoveToNode: r7_l1 (phase=MapNavigation)
[GameManager] タイル起動: 戦闘 (r7_l1)
[GameManager] エンカウント: ゴブリン
[GameManager] Phase: MapNavigation → Combat
[GameManager] Phase: Combat → BattleResult
[GameManager] 戦闘結果: ゴブリン — 勝利 (3T) 残HP:26
[GameManager] Phase: BattleResult → Reward
[GameManager] Phase: Reward → MapNavigation
[GameManager] MoveToNode: r8_l1 (phase=MapNavigation)
[GameManager] タイル起動: 秘宝 (r8_l1)
[GameManager] 宝箱: ゴールド+3, 静寂のローブ
[GameManager] Phase: MapNavigation → TreasureOpen
[GameManager] Phase: TreasureOpen → MapNavigation
[GameManager] MoveToNode: r9_l1 (phase=MapNavigation)
[GameManager] タイル起動: 休憩 (r9_l1)
[GameManager] Phase: MapNavigation → RestStop
[GameManager] 休憩回復: +9HP (30%) (現在: 30/30)
[GameManager] Phase: RestStop → MapNavigation
[GameManager] MoveToNode: boss (phase=MapNavigation)
[GameManager] タイル起動: ボス (boss)
[GameManager] ボス 'boss_layer1' 未定義 — フロア1のプールから抽選
[GameManager] ボス戦: スライム
[GameManager] Phase: MapNavigation → Combat
[GameManager] Phase: Combat → BattleResult
[GameManager] 戦闘結果: スライム — 勝利 (2T) 残HP:30
[GameManager] Phase: BattleResult → Reward
[GameManager] Phase: Reward → FloorClear
[GameManager] フロア1クリア → 次へ
[GameManager] 層デバフ: MaxHP-5 → 25
[GameManager] Phase: FloorClear → FloorIntro
[GameManager] --- フロア 2 [嘆きの共鳴] ---
[GameManager] Phase: FloorIntro → MapNavigation
[GameManager] MoveToNode: r1_l1 (phase=MapNavigation)
[GameManager] タイル起動: 戦闘 (r1_l1)
[GameManager] エンカウント: スライム
[GameManager] Phase: MapNavigation → Combat
[GameManager] Phase: Combat → BattleResult
[GameManager] 戦闘結果: スライム — 勝利 (1T) 残HP:25
[GameManager] Phase: BattleResult → Reward
[GameManager] Phase: Reward → MapNavigation
[GameManager] MoveToNode: r2_l1 (phase=MapNavigation)
[GameManager] タイル起動: イベント (r2_l1)
[GameManager] Phase: MapNavigation → EventEncounter
[GameManager] Phase: EventEncounter → MapNavigation
[GameManager] MoveToNode: r3_l1 (phase=MapNavigation)
[GameManager] タイル起動: 戦闘 (r3_l1)
[GameManager] エンカウント: スライム
[GameManager] Phase: MapNavigation → Combat
[GameManager] Phase: Combat → BattleResult
[GameManager] 戦闘結果: スライム — 勝利 (1T) 残HP:25
[GameManager] Phase: BattleResult → Reward
[GameManager] Phase: Reward → MapNavigation
[GameManager] MoveToNode: r4_l2 (phase=MapNavigation)
[GameManager] タイル起動: 秘宝 (r4_l2)
[GameManager] 宝箱: ゴールド+12, 観察者の眼鏡
[GameManager] Phase: MapNavigation → TreasureOpen
[GameManager] Phase: TreasureOpen → MapNavigation
[GameManager] MoveToNode: r5_l2 (phase=MapNavigation)
[GameManager] タイル起動: 罠 (r5_l2)
[GameManager] Phase: MapNavigation → TrapTriggered
[GameManager] Phase: TrapTriggered → MapNavigation
[GameManager] MoveToNode: r6_l2 (phase=MapNavigation)
[GameManager] タイル起動: イベント (r6_l2)
[GameManager] Phase: MapNavigation → EventEncounter
[GameManager] Phase: EventEncounter → MapNavigation
[GameManager] MoveToNode: r7_l2 (phase=MapNavigation)
[GameManager] タイル起動: イベント (r7_l2)
[GameManager] Phase: MapNavigation → EventEncounter
[GameManager] Phase: EventEncounter → MapNavigation
[GameManager] MoveToNode: r8_l2 (phase=MapNavigation)
[GameManager] タイル起動: 秘宝 (r8_l2)
[GameManager] 宝箱: ゴールド+4, 生命の宝玉
[GameManager] Phase: MapNavigation → TreasureOpen
[GameManager] Phase: TreasureOpen → MapNavigation
[GameManager] MoveToNode: r9_l2 (phase=MapNavigation)
[GameManager] タイル起動: 休憩 (r9_l2)
[GameManager] Phase: MapNavigation → RestStop
[GameManager] 休憩回復: +8HP (30%) (現在: 9/25)
[GameManager] Phase: RestStop → MapNavigation
[GameManager] MoveToNode: boss (phase=MapNavigation)
[GameManager] タイル起動: ボス (boss)
[GameManager] ボス戦: ゴブリン王
[GameManager] Phase: MapNavigation → Combat
[GameManager] Phase: Combat → BattleResult
[GameManager] 戦闘結果: ゴブリン王 — 勝利 (6T) 残HP:9
[GameManager] Phase: BattleResult → Reward
[GameManager] Phase: Reward → FloorClear
[GameManager] フロア2クリア → 次へ
[GameManager] Phase: FloorClear → FloorIntro
[GameManager] --- フロア 3 [瘴気侵蝕] ---
[GameManager] Phase: FloorIntro → MapNavigation
[GameManager] MoveToNode: r1_l0 (phase=MapNavigation)
[GameManager] タイル起動: イベント (r1_l0)
[GameManager] Phase: MapNavigation → EventEncounter
[GameManager] Phase: EventEncounter → MapNavigation
[GameManager] MoveToNode: r2_l0 (phase=MapNavigation)
[GameManager] タイル起動: イベント (r2_l0)
[GameManager] Phase: MapNavigation → EventEncounter
[GameManager] Phase: EventEncounter → MapNavigation
[GameManager] MoveToNode: r3_l0 (phase=MapNavigation)
[GameManager] タイル起動: ショップ (r3_l0)
[GameManager] EnterShop called
[GameManager] MapTransitionController.Instance = null
[GameManager] Phase: MapNavigation → ShopVisit
[GameManager] Phase: ShopVisit → MapNavigation
[GameManager] MoveToNode: r4_l0 (phase=MapNavigation)
[GameManager] タイル起動: 戦闘 (r4_l0)
[GameManager] エンカウント: ゴブリン王
[GameManager] Phase: MapNavigation → Combat
[GameManager] Phase: Combat → BattleResult
[GameManager] 戦闘結果: ゴブリン王 — 勝利 (7T) 残HP:22
[GameManager] 層デバフ: 戦闘後2ダメージ (HP:20)
[GameManager] Phase: BattleResult → Reward
[GameManager] Phase: Reward → MapNavigation
[GameManager] MoveToNode: r5_l0 (phase=MapNavigation)
[GameManager] タイル起動: イベント (r5_l0)
[GameManager] Phase: MapNavigation → EventEncounter
[GameManager] Phase: EventEncounter → MapNavigation
[GameManager] MoveToNode: r6_l1 (phase=MapNavigation)
[GameManager] タイル起動: 戦闘 (r6_l1)
[GameManager] エンカウント: 凍れる吟遊詩人
[GameManager] Phase: MapNavigation → Combat
[GameManager] Phase: Combat → BattleResult
[GameManager] 戦闘結果: 凍れる吟遊詩人 — 勝利 (8T) 残HP:20
[GameManager] 層デバフ: 戦闘後2ダメージ (HP:18)
[GameManager] Phase: BattleResult → Reward
[GameManager] Phase: Reward → MapNavigation
[GameManager] MoveToNode: r7_l1 (phase=MapNavigation)
[GameManager] タイル起動: 戦闘 (r7_l1)
[GameManager] エンカウント: オーク
[GameManager] Phase: MapNavigation → Combat
[GameManager] Phase: Combat → BattleResult
[GameManager] 戦闘結果: オーク — 勝利 (6T) 残HP:17
[GameManager] 層デバフ: 戦闘後2ダメージ (HP:15)
[GameManager] Phase: BattleResult → Reward
[GameManager] Phase: Reward → MapNavigation
[GameManager] MoveToNode: r8_l1 (phase=MapNavigation)
[GameManager] タイル起動: 秘宝 (r8_l1)
[GameManager] 宝箱: ゴールド+12, 安らぎの靴
[GameManager] Phase: MapNavigation → TreasureOpen
[GameManager] Phase: TreasureOpen → MapNavigation
[GameManager] MoveToNode: r9_l1 (phase=MapNavigation)
[GameManager] タイル起動: 休憩 (r9_l1)
[GameManager] Phase: MapNavigation → RestStop
[GameManager] 休憩回復: +13HP (50%) (現在: 25/25)
[GameManager] Phase: RestStop → MapNavigation
[GameManager] MoveToNode: boss (phase=MapNavigation)
[GameManager] タイル起動: ボス (boss)
[GameManager] ボス戦: 凍れる吟遊詩人
[GameManager] Phase: MapNavigation → Combat
[GameManager] Phase: Combat → BattleResult
[GameManager] 戦闘結果: 凍れる吟遊詩人 — 勝利 (6T) 残HP:25
[GameManager] 層デバフ: 戦闘後2ダメージ (HP:23)
[GameManager] Phase: BattleResult → Reward
[GameManager] Phase: Reward → FloorClear
[GameManager] フロア3クリア → 次へ
[GameManager] Phase: FloorClear → FloorIntro
[GameManager] --- フロア 4 [煉獄の刻印] ---
[GameManager] Phase: FloorIntro → MapNavigation
[GameManager] MoveToNode: r1_l2 (phase=MapNavigation)
[GameManager] タイル起動: 戦闘 (r1_l2)
[GameManager] エンカウント: リザードマン
[GameManager] Phase: MapNavigation → Combat
[GameManager] Phase: Combat → BattleResult
[GameManager] 戦闘結果: リザードマン — 勝利 (7T) 残HP:24
[GameManager] Phase: BattleResult → Reward
[GameManager] Phase: Reward → MapNavigation
[GameManager] MoveToNode: r2_l2 (phase=MapNavigation)
[GameManager] タイル起動: 戦闘 (r2_l2)
[GameManager] エンカウント: スライム
[GameManager] Phase: MapNavigation → Combat
[GameManager] Phase: Combat → BattleResult
[GameManager] 戦闘結果: スライム — 勝利 (2T) 残HP:25
[GameManager] Phase: BattleResult → Reward
[GameManager] Phase: Reward → MapNavigation
[GameManager] MoveToNode: r3_l2 (phase=MapNavigation)
[GameManager] タイル起動: ショップ (r3_l2)
[GameManager] EnterShop called
[GameManager] MapTransitionController.Instance = null
[GameManager] Phase: MapNavigation → ShopVisit
[GameManager] Phase: ShopVisit → MapNavigation
[GameManager] MoveToNode: r4_l2 (phase=MapNavigation)
[GameManager] タイル起動: 戦闘 (r4_l2)
[GameManager] エンカウント: スライム
[GameManager] Phase: MapNavigation → Combat
[GameManager] Phase: Combat → BattleResult
[GameManager] 戦闘結果: スライム — 勝利 (2T) 残HP:25
[GameManager] Phase: BattleResult → Reward
[GameManager] Phase: Reward → MapNavigation
[GameManager] MoveToNode: r5_l2 (phase=MapNavigation)
[GameManager] タイル起動: ショップ (r5_l2)
[GameManager] EnterShop called
[GameManager] MapTransitionController.Instance = null
[GameManager] Phase: MapNavigation → ShopVisit
[GameManager] Phase: ShopVisit → MapNavigation
[GameManager] MoveToNode: r6_l1 (phase=MapNavigation)
[GameManager] タイル起動: 戦闘 (r6_l1)
[GameManager] エンカウント: 鏡の双子
[GameManager] Phase: MapNavigation → Combat
[GameManager] Phase: Combat → BattleResult
[GameManager] 戦闘結果: 鏡の双子 — 勝利 (6T) 残HP:13
[AutoRunner] === RUN 47 終了: DEADLOCK (デッドロック) — 移動先なし(MapNavigation) ===

########## RUN 48  [R5 4Fで死亡]  敗北 cause=Starvation
# reached F4 HP 0/1 coins 112 combats 20/21 LS=True
[GameManager] Phase: MapNavigation → RunStart
[GameManager] === ラン開始 === HP:30
[GameManager] Phase: RunStart → FloorIntro
[GameManager] --- フロア 1 [残光の加護] ---
[GameManager] Phase: FloorIntro → MapNavigation
[GameManager] MoveToNode: r1_l1 (phase=MapNavigation)
[GameManager] タイル起動: 秘宝 (r1_l1)
[GameManager] 宝箱: ゴールド+2, 鋼鉄の腕輪
[GameManager] Phase: MapNavigation → TreasureOpen
[GameManager] Phase: TreasureOpen → MapNavigation
[GameManager] MoveToNode: r2_l2 (phase=MapNavigation)
[GameManager] タイル起動: ショップ (r2_l2)
[GameManager] EnterShop called
[GameManager] MapTransitionController.Instance = null
[GameManager] Phase: MapNavigation → ShopVisit
[GameManager] Phase: ShopVisit → MapNavigation
[GameManager] MoveToNode: r3_l1 (phase=MapNavigation)
[GameManager] タイル起動: 秘宝 (r3_l1)
[GameManager] 宝箱: ゴールド+5, 観察者の眼鏡
[GameManager] Phase: MapNavigation → TreasureOpen
[GameManager] Phase: TreasureOpen → MapNavigation
[GameManager] MoveToNode: r4_l0 (phase=MapNavigation)
[GameManager] タイル起動: 戦闘 (r4_l0)
[GameManager] エンカウント: ゴブリン
[GameManager] Phase: MapNavigation → Combat
[GameManager] Phase: Combat → BattleResult
[GameManager] 戦闘結果: ゴブリン — 勝利 (2T) 残HP:30
[GameManager] Phase: BattleResult → Reward
[GameManager] Phase: Reward → MapNavigation
[GameManager] MoveToNode: r5_l0 (phase=MapNavigation)
[GameManager] タイル起動: 激戦 (r5_l0)
[GameManager] エンカウント: スライム
[GameManager] Phase: MapNavigation → Combat
[GameManager] Phase: Combat → BattleResult
[GameManager] 戦闘結果: スライム — 勝利 (1T) 残HP:30
[GameManager] 激戦2戦目: ゴブリン
[GameManager] Phase: BattleResult → Combat
[GameManager] Phase: Combat → BattleResult
[GameManager] 戦闘結果: ゴブリン — 勝利 (1T) 残HP:30
[GameManager] Phase: BattleResult → Reward
[GameManager] Phase: Reward → MapNavigation
[GameManager] MoveToNode: r6_l0 (phase=MapNavigation)
[GameManager] タイル起動: 罠 (r6_l0)
[GameManager] Phase: MapNavigation → TrapTriggered
[GameManager] Phase: TrapTriggered → MapNavigation
[GameManager] MoveToNode: r7_l1 (phase=MapNavigation)
[GameManager] タイル起動: 戦闘 (r7_l1)
[GameManager] エンカウント: ゴブリン
[GameManager] Phase: MapNavigation → Combat
[GameManager] Phase: Combat → BattleResult
[GameManager] 戦闘結果: ゴブリン — 勝利 (2T) 残HP:30
[GameManager] Phase: BattleResult → Reward
[GameManager] Phase: Reward → MapNavigation
[GameManager] MoveToNode: r8_l1 (phase=MapNavigation)
[GameManager] タイル起動: 秘宝 (r8_l1)
[GameManager] 宝箱: ゴールド+6, 黄昏の懐中時計
[GameManager] Phase: MapNavigation → TreasureOpen
[GameManager] Phase: TreasureOpen → MapNavigation
[GameManager] MoveToNode: r9_l1 (phase=MapNavigation)
[GameManager] タイル起動: 休憩 (r9_l1)
[GameManager] Phase: MapNavigation → RestStop
[GameManager] 休憩回復: +9HP (30%) (現在: 30/30)
[GameManager] Phase: RestStop → MapNavigation
[GameManager] MoveToNode: boss (phase=MapNavigation)
[GameManager] タイル起動: ボス (boss)
[GameManager] ボス 'boss_layer1' 未定義 — フロア1のプールから抽選
[GameManager] ボス戦: スライム
[GameManager] Phase: MapNavigation → Combat
[GameManager] Phase: Combat → BattleResult
[GameManager] 戦闘結果: スライム — 勝利 (1T) 残HP:30
[GameManager] Phase: BattleResult → Reward
[GameManager] Phase: Reward → FloorClear
[GameManager] フロア1クリア → 次へ
[GameManager] 層デバフ: MaxHP-5 → 25
[GameManager] Phase: FloorClear → FloorIntro
[GameManager] --- フロア 2 [嘆きの共鳴] ---
[GameManager] Phase: FloorIntro → MapNavigation
[GameManager] MoveToNode: r1_l2 (phase=MapNavigation)
[GameManager] タイル起動: ショップ (r1_l2)
[GameManager] EnterShop called
[GameManager] MapTransitionController.Instance = null
[GameManager] Phase: MapNavigation → ShopVisit
[GameManager] Phase: ShopVisit → MapNavigation
[GameManager] MoveToNode: r2_l2 (phase=MapNavigation)
[GameManager] タイル起動: 戦闘 (r2_l2)
[GameManager] エンカウント: コボルド
[GameManager] Phase: MapNavigation → Combat
[GameManager] Phase: Combat → BattleResult
[GameManager] 戦闘結果: コボルド — 勝利 (2T) 残HP:25
[GameManager] Phase: BattleResult → Reward
[GameManager] Phase: Reward → MapNavigation
[GameManager] MoveToNode: r3_l1 (phase=MapNavigation)
[GameManager] タイル起動: イベント (r3_l1)
[GameManager] Phase: MapNavigation → EventEncounter
[GameManager] Phase: EventEncounter → MapNavigation
[GameManager] MoveToNode: r4_l2 (phase=MapNavigation)
[GameManager] タイル起動: 戦闘 (r4_l2)
[GameManager] エンカウント: ダイアウルフ
[GameManager] Phase: MapNavigation → Combat
[GameManager] Phase: Combat → BattleResult
[GameManager] 戦闘結果: ダイアウルフ — 勝利 (2T) 残HP:25
[GameManager] Phase: BattleResult → Reward
[GameManager] Phase: Reward → MapNavigation
[GameManager] MoveToNode: r5_l2 (phase=MapNavigation)
[GameManager] タイル起動: イベント (r5_l2)
[GameManager] Phase: MapNavigation → EventEncounter
[GameManager] Phase: EventEncounter → MapNavigation
[GameManager] MoveToNode: r6_l2 (phase=MapNavigation)
[GameManager] タイル起動: 激戦 (r6_l2)
[GameManager] エンカウント: スケルトン
[GameManager] Phase: MapNavigation → Combat
[GameManager] Phase: Combat → BattleResult
[GameManager] 戦闘結果: スケルトン — 勝利 (3T) 残HP:25
[GameManager] 激戦2戦目: ゴブリン
[GameManager] Phase: BattleResult → Combat
[GameManager] Phase: Combat → BattleResult
[GameManager] 戦闘結果: ゴブリン — 勝利 (1T) 残HP:25
[GameManager] Phase: BattleResult → Reward
[GameManager] Phase: Reward → MapNavigation
[GameManager] MoveToNode: r7_l2 (phase=MapNavigation)
[GameManager] タイル起動: 戦闘 (r7_l2)
[GameManager] エンカウント: スケルトン
[GameManager] Phase: MapNavigation → Combat
[GameManager] Phase: Combat → BattleResult
[GameManager] 戦闘結果: スケルトン — 勝利 (1T) 残HP:25
[GameManager] Phase: BattleResult → Reward
[GameManager] Phase: Reward → MapNavigation
[GameManager] MoveToNode: r8_l2 (phase=MapNavigation)
[GameManager] タイル起動: 秘宝 (r8_l2)
[GameManager] 宝箱: ゴールド+6, 神の見識
[GameManager] Phase: MapNavigation → TreasureOpen
[GameManager] Phase: TreasureOpen → MapNavigation
[GameManager] MoveToNode: r9_l2 (phase=MapNavigation)
[GameManager] タイル起動: 休憩 (r9_l2)
[GameManager] Phase: MapNavigation → RestStop
[GameManager] 休憩回復: +8HP (30%) (現在: 25/25)
[GameManager] Phase: RestStop → MapNavigation
[GameManager] MoveToNode: boss (phase=MapNavigation)
[GameManager] タイル起動: ボス (boss)
[GameManager] ボス戦: ゴブリン王
[GameManager] Phase: MapNavigation → Combat
[GameManager] Phase: Combat → BattleResult
[GameManager] 戦闘結果: ゴブリン王 — 勝利 (2T) 残HP:25
[GameManager] Phase: BattleResult → Reward
[GameManager] Phase: Reward → FloorClear
[GameManager] フロア2クリア → 次へ
[GameManager] Phase: FloorClear → FloorIntro
[GameManager] --- フロア 3 [瘴気侵蝕] ---
[GameManager] Phase: FloorIntro → MapNavigation
[GameManager] MoveToNode: r1_l2 (phase=MapNavigation)
[GameManager] タイル起動: ショップ (r1_l2)
[GameManager] EnterShop called
[GameManager] MapTransitionController.Instance = null
[GameManager] Phase: MapNavigation → ShopVisit
[GameManager] Phase: ShopVisit → MapNavigation
[GameManager] MoveToNode: r2_l2 (phase=MapNavigation)
[GameManager] タイル起動: ショップ (r2_l2)
[GameManager] EnterShop called
[GameManager] MapTransitionController.Instance = null
[GameManager] Phase: MapNavigation → ShopVisit
[GameManager] Phase: ShopVisit → MapNavigation
[GameManager] MoveToNode: r3_l2 (phase=MapNavigation)
[GameManager] タイル起動: 戦闘 (r3_l2)
[GameManager] エンカウント: オーク
[GameManager] Phase: MapNavigation → Combat
[GameManager] Phase: Combat → BattleResult
[GameManager] 戦闘結果: オーク — 勝利 (3T) 残HP:25
[GameManager] 層デバフ: 戦闘後2ダメージ (HP:23)
[GameManager] Phase: BattleResult → Reward
[GameManager] Phase: Reward → MapNavigation
[GameManager] MoveToNode: r4_l1 (phase=MapNavigation)
[GameManager] タイル起動: 激戦 (r4_l1)
[GameManager] エンカウント: スケルトン
[GameManager] Phase: MapNavigation → Combat
[GameManager] Phase: Combat → BattleResult
[GameManager] 戦闘結果: スケルトン — 勝利 (2T) 残HP:23
[GameManager] 層デバフ: 戦闘後2ダメージ (HP:21)
[GameManager] 激戦2戦目: ゴブリン王
[GameManager] Phase: BattleResult → Combat
[GameManager] Phase: Combat → BattleResult
[GameManager] 戦闘結果: ゴブリン王 — 勝利 (5T) 残HP:21
[GameManager] 層デバフ: 戦闘後2ダメージ (HP:19)
[GameManager] Phase: BattleResult → Reward
[GameManager] Phase: Reward → MapNavigation
[GameManager] MoveToNode: r5_l1 (phase=MapNavigation)
[GameManager] タイル起動: 戦闘 (r5_l1)
[GameManager] エンカウント: 凍れる吟遊詩人
[GameManager] Phase: MapNavigation → Combat
[GameManager] Phase: Combat → BattleResult
[GameManager] 戦闘結果: 凍れる吟遊詩人 — 勝利 (4T) 残HP:19
[GameManager] 層デバフ: 戦闘後2ダメージ (HP:17)
[GameManager] Phase: BattleResult → Reward
[GameManager] Phase: Reward → MapNavigation
[GameManager] MoveToNode: r6_l1 (phase=MapNavigation)
[GameManager] タイル起動: 戦闘 (r6_l1)
[GameManager] エンカウント: ハーピィ
[GameManager] Phase: MapNavigation → Combat
[GameManager] Phase: Combat → BattleResult
[GameManager] 戦闘結果: ハーピィ — 勝利 (2T) 残HP:17
[GameManager] 層デバフ: 戦闘後2ダメージ (HP:15)
[GameManager] Phase: BattleResult → Reward
[GameManager] Phase: Reward → MapNavigation
[GameManager] MoveToNode: r7_l0 (phase=MapNavigation)
[GameManager] タイル起動: 戦闘 (r7_l0)
[GameManager] エンカウント: ハーピィ
[GameManager] Phase: MapNavigation → Combat
[GameManager] Phase: Combat → BattleResult
[GameManager] 戦闘結果: ハーピィ — 勝利 (1T) 残HP:15
[GameManager] 層デバフ: 戦闘後2ダメージ (HP:13)
[GameManager] Phase: BattleResult → Reward
[GameManager] Phase: Reward → MapNavigation
[GameManager] MoveToNode: r8_l0 (phase=MapNavigation)
[GameManager] タイル起動: 秘宝 (r8_l0)
[GameManager] 宝箱: ゴールド+15, 生命の宝玉
[GameManager] Phase: MapNavigation → TreasureOpen
[GameManager] Phase: TreasureOpen → MapNavigation
[GameManager] MoveToNode: r9_l0 (phase=MapNavigation)
[GameManager] タイル起動: 休憩 (r9_l0)
[GameManager] Phase: MapNavigation → RestStop
[GameManager] 休憩回復: +13HP (50%) (現在: 25/25)
[GameManager] Phase: RestStop → MapNavigation
[GameManager] MoveToNode: boss (phase=MapNavigation)
[GameManager] タイル起動: ボス (boss)
[GameManager] ボス戦: 凍れる吟遊詩人
[GameManager] Phase: MapNavigation → Combat
[GameManager] Phase: Combat → BattleResult
[GameManager] 戦闘結果: 凍れる吟遊詩人 — 勝利 (3T) 残HP:25
[GameManager] 層デバフ: 戦闘後2ダメージ (HP:23)
[GameManager] Phase: BattleResult → Reward
[GameManager] Phase: Reward → FloorClear
[GameManager] フロア3クリア → 次へ
[GameManager] Phase: FloorClear → FloorIntro
[GameManager] --- フロア 4 [煉獄の刻印] ---
[GameManager] Phase: FloorIntro → MapNavigation
[GameManager] MoveToNode: r1_l0 (phase=MapNavigation)
[GameManager] タイル起動: ショップ (r1_l0)
[GameManager] EnterShop called
[GameManager] MapTransitionController.Instance = null
[GameManager] Phase: MapNavigation → ShopVisit
[GameManager] Phase: ShopVisit → MapNavigation
[GameManager] MoveToNode: r2_l0 (phase=MapNavigation)
[GameManager] タイル起動: 戦闘 (r2_l0)
[GameManager] エンカウント: 鏡の双子
[GameManager] Phase: MapNavigation → Combat
[GameManager] Phase: Combat → BattleResult
[GameManager] 戦闘結果: 鏡の双子 — 勝利 (4T) 残HP:7
[GameManager] Phase: BattleResult → Reward
[GameManager] Phase: Reward → MapNavigation
[GameManager] MoveToNode: r3_l1 (phase=MapNavigation)
[GameManager] タイル起動: イベント (r3_l1)
[AutoRunner] ラストスタンド発動 (Floor 4)
[AutoRunner] === RUN 48 終了: R5 (4Fで死亡) — 敗北 cause=Starvation ===

########## RUN 49  [DEADLOCK デッドロック]  移動先なし(MapNavigation)
# reached F4 HP 1/1 coins 141 combats 21/22 LS=True
[GameManager] Phase: GameOver → Title
[GameManager] Phase: Title → RunStart
[GameManager] === ラン開始 === HP:30
[GameManager] Phase: RunStart → FloorIntro
[GameManager] --- フロア 1 [残光の加護] ---
[GameManager] Phase: FloorIntro → MapNavigation
[GameManager] MoveToNode: r1_l1 (phase=MapNavigation)
[GameManager] タイル起動: 戦闘 (r1_l1)
[GameManager] エンカウント: ゴブリン
[GameManager] Phase: MapNavigation → Combat
[GameManager] Phase: Combat → BattleResult
[GameManager] 戦闘結果: ゴブリン — 勝利 (1T) 残HP:30
[GameManager] Phase: BattleResult → Reward
[GameManager] Phase: Reward → MapNavigation
[GameManager] MoveToNode: r2_l2 (phase=MapNavigation)
[GameManager] タイル起動: 激戦 (r2_l2)
[GameManager] エンカウント: ゴブリン
[GameManager] Phase: MapNavigation → Combat
[GameManager] Phase: Combat → BattleResult
[GameManager] 戦闘結果: ゴブリン — 勝利 (2T) 残HP:30
[GameManager] 激戦2戦目: スライム
[GameManager] Phase: BattleResult → Combat
[GameManager] Phase: Combat → BattleResult
[GameManager] 戦闘結果: スライム — 勝利 (1T) 残HP:30
[GameManager] Phase: BattleResult → Reward
[GameManager] Phase: Reward → MapNavigation
[GameManager] MoveToNode: r3_l2 (phase=MapNavigation)
[GameManager] タイル起動: 戦闘 (r3_l2)
[GameManager] エンカウント: スライム
[GameManager] Phase: MapNavigation → Combat
[GameManager] Phase: Combat → BattleResult
[GameManager] 戦闘結果: スライム — 勝利 (1T) 残HP:30
[GameManager] Phase: BattleResult → Reward
[GameManager] Phase: Reward → MapNavigation
[GameManager] MoveToNode: r4_l2 (phase=MapNavigation)
[GameManager] タイル起動: 戦闘 (r4_l2)
[GameManager] エンカウント: スライム
[GameManager] Phase: MapNavigation → Combat
[GameManager] Phase: Combat → BattleResult
[GameManager] 戦闘結果: スライム — 勝利 (4T) 残HP:29
[GameManager] Phase: BattleResult → Reward
[GameManager] Phase: Reward → MapNavigation
[GameManager] MoveToNode: r5_l1 (phase=MapNavigation)
[GameManager] タイル起動: 戦闘 (r5_l1)
[GameManager] エンカウント: ゴブリン
[GameManager] Phase: MapNavigation → Combat
[GameManager] Phase: Combat → BattleResult
[GameManager] 戦闘結果: ゴブリン — 勝利 (1T) 残HP:29
[GameManager] Phase: BattleResult → Reward
[GameManager] Phase: Reward → MapNavigation
[GameManager] MoveToNode: r6_l1 (phase=MapNavigation)
[GameManager] タイル起動: 秘宝 (r6_l1)
[GameManager] 宝箱: ゴールド+5, 治癒の指輪
[GameManager] Phase: MapNavigation → TreasureOpen
[GameManager] Phase: TreasureOpen → MapNavigation
[GameManager] MoveToNode: r7_l2 (phase=MapNavigation)
[GameManager] タイル起動: イベント (r7_l2)
[GameManager] Phase: MapNavigation → EventEncounter
[GameManager] Phase: EventEncounter → MapNavigation
[GameManager] MoveToNode: r8_l2 (phase=MapNavigation)
[GameManager] タイル起動: 秘宝 (r8_l2)
[GameManager] 宝箱: ゴールド+6, 鷹の眼
[GameManager] Phase: MapNavigation → TreasureOpen
[GameManager] Phase: TreasureOpen → MapNavigation
[GameManager] MoveToNode: r9_l2 (phase=MapNavigation)
[GameManager] タイル起動: 休憩 (r9_l2)
[GameManager] Phase: MapNavigation → RestStop
[GameManager] 休憩回復: +9HP (30%) (現在: 30/30)
[GameManager] Phase: RestStop → MapNavigation
[GameManager] MoveToNode: boss (phase=MapNavigation)
[GameManager] タイル起動: ボス (boss)
[GameManager] ボス 'boss_layer1' 未定義 — フロア1のプールから抽選
[GameManager] ボス戦: スライム
[GameManager] Phase: MapNavigation → Combat
[GameManager] Phase: Combat → BattleResult
[GameManager] 戦闘結果: スライム — 勝利 (2T) 残HP:30
[GameManager] Phase: BattleResult → Reward
[GameManager] Phase: Reward → FloorClear
[GameManager] フロア1クリア → 次へ
[GameManager] 層デバフ: MaxHP-5 → 25
[GameManager] Phase: FloorClear → FloorIntro
[GameManager] --- フロア 2 [嘆きの共鳴] ---
[GameManager] Phase: FloorIntro → MapNavigation
[GameManager] MoveToNode: r1_l0 (phase=MapNavigation)
[GameManager] タイル起動: 戦闘 (r1_l0)
[GameManager] エンカウント: スケルトン
[GameManager] Phase: MapNavigation → Combat
[GameManager] Phase: Combat → BattleResult
[GameManager] 戦闘結果: スケルトン — 勝利 (5T) 残HP:24
[GameManager] Phase: BattleResult → Reward
[GameManager] Phase: Reward → MapNavigation
[GameManager] MoveToNode: r2_l0 (phase=MapNavigation)
[GameManager] タイル起動: 秘宝 (r2_l0)
[GameManager] 宝箱: ゴールド+12, 鉄のダイス
[GameManager] Phase: MapNavigation → TreasureOpen
[GameManager] Phase: TreasureOpen → MapNavigation
[GameManager] MoveToNode: r3_l0 (phase=MapNavigation)
[GameManager] タイル起動: 戦闘 (r3_l0)
[GameManager] エンカウント: ゴブリン王
[GameManager] Phase: MapNavigation → Combat
[GameManager] Phase: Combat → BattleResult
[GameManager] 戦闘結果: ゴブリン王 — 勝利 (6T) 残HP:24
[GameManager] Phase: BattleResult → Reward
[GameManager] Phase: Reward → MapNavigation
[GameManager] MoveToNode: r4_l0 (phase=MapNavigation)
[GameManager] タイル起動: 戦闘 (r4_l0)
[GameManager] エンカウント: コボルド
[GameManager] Phase: MapNavigation → Combat
[GameManager] Phase: Combat → BattleResult
[GameManager] 戦闘結果: コボルド — 勝利 (2T) 残HP:24
[GameManager] Phase: BattleResult → Reward
[GameManager] Phase: Reward → MapNavigation
[GameManager] MoveToNode: r5_l0 (phase=MapNavigation)
[GameManager] タイル起動: ショップ (r5_l0)
[GameManager] EnterShop called
[GameManager] MapTransitionController.Instance = null
[GameManager] Phase: MapNavigation → ShopVisit
[GameManager] Phase: ShopVisit → MapNavigation
[GameManager] MoveToNode: r6_l0 (phase=MapNavigation)
[GameManager] タイル起動: ショップ (r6_l0)
[GameManager] EnterShop called
[GameManager] MapTransitionController.Instance = null
[GameManager] Phase: MapNavigation → ShopVisit
[GameManager] Phase: ShopVisit → MapNavigation
[GameManager] MoveToNode: r7_l0 (phase=MapNavigation)
[GameManager] タイル起動: イベント (r7_l0)
[GameManager] Phase: MapNavigation → EventEncounter
[GameManager] Phase: EventEncounter → MapNavigation
[GameManager] MoveToNode: r8_l0 (phase=MapNavigation)
[GameManager] タイル起動: 秘宝 (r8_l0)
[GameManager] 宝箱: ゴールド+8, 食通の懐刀
[GameManager] Phase: MapNavigation → TreasureOpen
[GameManager] Phase: TreasureOpen → MapNavigation
[GameManager] MoveToNode: r9_l0 (phase=MapNavigation)
[GameManager] タイル起動: 休憩 (r9_l0)
[GameManager] Phase: MapNavigation → RestStop
[GameManager] 休憩回復: +8HP (30%) (現在: 22/25)
[GameManager] Phase: RestStop → MapNavigation
[GameManager] MoveToNode: boss (phase=MapNavigation)
[GameManager] タイル起動: ボス (boss)
[GameManager] ボス戦: ゴブリン王
[GameManager] Phase: MapNavigation → Combat
[GameManager] Phase: Combat → BattleResult
[GameManager] 戦闘結果: ゴブリン王 — 勝利 (8T) 残HP:22
[GameManager] Phase: BattleResult → Reward
[GameManager] Phase: Reward → FloorClear
[GameManager] フロア2クリア → 次へ
[GameManager] Phase: FloorClear → FloorIntro
[GameManager] --- フロア 3 [瘴気侵蝕] ---
[GameManager] Phase: FloorIntro → MapNavigation
[GameManager] MoveToNode: r1_l2 (phase=MapNavigation)
[GameManager] タイル起動: 戦闘 (r1_l2)
[GameManager] エンカウント: オーク
[GameManager] Phase: MapNavigation → Combat
[GameManager] Phase: Combat → BattleResult
[GameManager] 戦闘結果: オーク — 勝利 (10T) 残HP:17
[GameManager] 層デバフ: 戦闘後2ダメージ (HP:15)
[GameManager] Phase: BattleResult → Reward
[GameManager] Phase: Reward → MapNavigation
[GameManager] MoveToNode: r2_l2 (phase=MapNavigation)
[GameManager] タイル起動: 戦闘 (r2_l2)
[GameManager] エンカウント: コボルド
[GameManager] Phase: MapNavigation → Combat
[GameManager] Phase: Combat → BattleResult
[GameManager] 戦闘結果: コボルド — 勝利 (2T) 残HP:13
[GameManager] 層デバフ: 戦闘後2ダメージ (HP:11)
[GameManager] Phase: BattleResult → Reward
[GameManager] Phase: Reward → MapNavigation
[GameManager] MoveToNode: r3_l1 (phase=MapNavigation)
[GameManager] タイル起動: ショップ (r3_l1)
[GameManager] EnterShop called
[GameManager] MapTransitionController.Instance = null
[GameManager] Phase: MapNavigation → ShopVisit
[GameManager] Phase: ShopVisit → MapNavigation
[GameManager] MoveToNode: r4_l1 (phase=MapNavigation)
[GameManager] タイル起動: 秘宝 (r4_l1)
[GameManager] 宝箱: ゴールド+18, 鋼鉄の腕輪
[GameManager] Phase: MapNavigation → TreasureOpen
[GameManager] Phase: TreasureOpen → MapNavigation
[GameManager] MoveToNode: r5_l1 (phase=MapNavigation)
[GameManager] タイル起動: 罠 (r5_l1)
[GameManager] Phase: MapNavigation → TrapTriggered
[GameManager] Phase: TrapTriggered → MapNavigation
[GameManager] MoveToNode: r6_l1 (phase=MapNavigation)
[GameManager] タイル起動: 戦闘 (r6_l1)
[GameManager] エンカウント: コボルド
[GameManager] Phase: MapNavigation → Combat
[GameManager] Phase: Combat → BattleResult
[GameManager] 戦闘結果: コボルド — 勝利 (2T) 残HP:14
[GameManager] 層デバフ: 戦闘後2ダメージ (HP:12)
[GameManager] Phase: BattleResult → Reward
[GameManager] Phase: Reward → MapNavigation
[GameManager] MoveToNode: r7_l1 (phase=MapNavigation)
[GameManager] タイル起動: 戦闘 (r7_l1)
[GameManager] エンカウント: 凍れる吟遊詩人
[GameManager] Phase: MapNavigation → Combat
[GameManager] Phase: Combat → BattleResult
[GameManager] 戦闘結果: 凍れる吟遊詩人 — 勝利 (3T) 残HP:13
[GameManager] 層デバフ: 戦闘後2ダメージ (HP:11)
[GameManager] Phase: BattleResult → Reward
[GameManager] Phase: Reward → MapNavigation
[GameManager] MoveToNode: r8_l1 (phase=MapNavigation)
[GameManager] タイル起動: 秘宝 (r8_l1)
[GameManager] 宝箱: ゴールド+18, 観察者の眼鏡
[GameManager] Phase: MapNavigation → TreasureOpen
[GameManager] Phase: TreasureOpen → MapNavigation
[GameManager] MoveToNode: r9_l1 (phase=MapNavigation)
[GameManager] タイル起動: 休憩 (r9_l1)
[GameManager] Phase: MapNavigation → RestStop
[GameManager] 休憩回復: +13HP (50%) (現在: 25/25)
[GameManager] Phase: RestStop → MapNavigation
[GameManager] MoveToNode: boss (phase=MapNavigation)
[GameManager] タイル起動: ボス (boss)
[GameManager] ボス戦: 凍れる吟遊詩人
[GameManager] Phase: MapNavigation → Combat
[GameManager] Phase: Combat → BattleResult
[GameManager] 戦闘結果: 凍れる吟遊詩人 — 勝利 (5T) 残HP:25
[GameManager] 層デバフ: 戦闘後2ダメージ (HP:23)
[GameManager] Phase: BattleResult → Reward
[GameManager] Phase: Reward → FloorClear
[GameManager] フロア3クリア → 次へ
[GameManager] Phase: FloorClear → FloorIntro
[GameManager] --- フロア 4 [煉獄の刻印] ---
[GameManager] Phase: FloorIntro → MapNavigation
[GameManager] MoveToNode: r1_l0 (phase=MapNavigation)
[GameManager] タイル起動: 戦闘 (r1_l0)
[GameManager] エンカウント: ゴブリン
[GameManager] Phase: MapNavigation → Combat
[GameManager] Phase: Combat → BattleResult
[GameManager] 戦闘結果: ゴブリン — 勝利 (1T) 残HP:25
[GameManager] Phase: BattleResult → Reward
[GameManager] Phase: Reward → MapNavigation
[GameManager] MoveToNode: r2_l0 (phase=MapNavigation)
[GameManager] タイル起動: ショップ (r2_l0)
[GameManager] EnterShop called
[GameManager] MapTransitionController.Instance = null
[GameManager] Phase: MapNavigation → ShopVisit
[GameManager] Phase: ShopVisit → MapNavigation
[GameManager] MoveToNode: r3_l0 (phase=MapNavigation)
[GameManager] タイル起動: 罠 (r3_l0)
[GameManager] Phase: MapNavigation → TrapTriggered
[GameManager] Phase: TrapTriggered → MapNavigation
[GameManager] MoveToNode: r4_l0 (phase=MapNavigation)
[GameManager] タイル起動: 戦闘 (r4_l0)
[GameManager] エンカウント: リザードマン
[GameManager] Phase: MapNavigation → Combat
[GameManager] Phase: Combat → BattleResult
[GameManager] 戦闘結果: リザードマン — 勝利 (2T) 残HP:24
[GameManager] Phase: BattleResult → Reward
[GameManager] Phase: Reward → MapNavigation
[AutoRunner] ラストスタンド発動 (Floor 4)
[AutoRunner] === RUN 49 終了: DEADLOCK (デッドロック) — 移動先なし(MapNavigation) ===

########## RUN 50  [R5 4Fで死亡]  敗北 cause=Starvation
# reached F4 HP 0/1 coins 81 combats 25/26 LS=True
[GameManager] Phase: MapNavigation → RunStart
[GameManager] === ラン開始 === HP:30
[GameManager] Phase: RunStart → FloorIntro
[GameManager] --- フロア 1 [残光の加護] ---
[GameManager] Phase: FloorIntro → MapNavigation
[GameManager] MoveToNode: r1_l1 (phase=MapNavigation)
[GameManager] タイル起動: ショップ (r1_l1)
[GameManager] EnterShop called
[GameManager] MapTransitionController.Instance = null
[GameManager] Phase: MapNavigation → ShopVisit
[GameManager] Phase: ShopVisit → MapNavigation
[GameManager] MoveToNode: r2_l0 (phase=MapNavigation)
[GameManager] タイル起動: ショップ (r2_l0)
[GameManager] EnterShop called
[GameManager] MapTransitionController.Instance = null
[GameManager] Phase: MapNavigation → ShopVisit
[GameManager] Phase: ShopVisit → MapNavigation
[GameManager] MoveToNode: r3_l0 (phase=MapNavigation)
[GameManager] タイル起動: 激戦 (r3_l0)
[GameManager] エンカウント: ゴブリン
[GameManager] Phase: MapNavigation → Combat
[GameManager] Phase: Combat → BattleResult
[GameManager] 戦闘結果: ゴブリン — 勝利 (3T) 残HP:30
[GameManager] 激戦2戦目: スライム
[GameManager] Phase: BattleResult → Combat
[GameManager] Phase: Combat → BattleResult
[GameManager] 戦闘結果: スライム — 勝利 (2T) 残HP:30
[GameManager] Phase: BattleResult → Reward
[GameManager] Phase: Reward → MapNavigation
[GameManager] MoveToNode: r4_l0 (phase=MapNavigation)
[GameManager] タイル起動: 戦闘 (r4_l0)
[GameManager] エンカウント: ゴブリン
[GameManager] Phase: MapNavigation → Combat
[GameManager] Phase: Combat → BattleResult
[GameManager] 戦闘結果: ゴブリン — 勝利 (3T) 残HP:30
[GameManager] Phase: BattleResult → Reward
[GameManager] Phase: Reward → MapNavigation
[GameManager] MoveToNode: r5_l0 (phase=MapNavigation)
[GameManager] タイル起動: 戦闘 (r5_l0)
[GameManager] エンカウント: ゴブリン
[GameManager] Phase: MapNavigation → Combat
[GameManager] Phase: Combat → BattleResult
[GameManager] 戦闘結果: ゴブリン — 勝利 (3T) 残HP:30
[GameManager] Phase: BattleResult → Reward
[GameManager] Phase: Reward → MapNavigation
[GameManager] MoveToNode: r6_l0 (phase=MapNavigation)
[GameManager] タイル起動: 戦闘 (r6_l0)
[GameManager] エンカウント: スライム
[GameManager] Phase: MapNavigation → Combat
[GameManager] Phase: Combat → BattleResult
[GameManager] 戦闘結果: スライム — 勝利 (2T) 残HP:30
[GameManager] Phase: BattleResult → Reward
[GameManager] Phase: Reward → MapNavigation
[GameManager] MoveToNode: r7_l0 (phase=MapNavigation)
[GameManager] タイル起動: 激戦 (r7_l0)
[GameManager] エンカウント: スライム
[GameManager] Phase: MapNavigation → Combat
[GameManager] Phase: Combat → BattleResult
[GameManager] 戦闘結果: スライム — 勝利 (1T) 残HP:30
[GameManager] 激戦2戦目: ゴブリン
[GameManager] Phase: BattleResult → Combat
[GameManager] Phase: Combat → BattleResult
[GameManager] 戦闘結果: ゴブリン — 勝利 (4T) 残HP:29
[GameManager] Phase: BattleResult → Reward
[GameManager] Phase: Reward → MapNavigation
[GameManager] MoveToNode: r8_l0 (phase=MapNavigation)
[GameManager] タイル起動: 秘宝 (r8_l0)
[GameManager] 宝箱: ゴールド+5, 大回復ポーション
[GameManager] Phase: MapNavigation → TreasureOpen
[GameManager] Phase: TreasureOpen → MapNavigation
[GameManager] MoveToNode: r9_l0 (phase=MapNavigation)
[GameManager] タイル起動: 休憩 (r9_l0)
[GameManager] Phase: MapNavigation → RestStop
[GameManager] 休憩回復: +9HP (30%) (現在: 30/30)
[GameManager] Phase: RestStop → MapNavigation
[GameManager] MoveToNode: boss (phase=MapNavigation)
[GameManager] タイル起動: ボス (boss)
[GameManager] ボス 'boss_layer1' 未定義 — フロア1のプールから抽選
[GameManager] ボス戦: ゴブリン
[GameManager] Phase: MapNavigation → Combat
[GameManager] Phase: Combat → BattleResult
[GameManager] 戦闘結果: ゴブリン — 勝利 (3T) 残HP:30
[GameManager] Phase: BattleResult → Reward
[GameManager] Phase: Reward → FloorClear
[GameManager] フロア1クリア → 次へ
[GameManager] 層デバフ: MaxHP-5 → 25
[GameManager] Phase: FloorClear → FloorIntro
[GameManager] --- フロア 2 [嘆きの共鳴] ---
[GameManager] Phase: FloorIntro → MapNavigation
[GameManager] MoveToNode: r1_l1 (phase=MapNavigation)
[GameManager] タイル起動: 戦闘 (r1_l1)
[GameManager] エンカウント: コボルド
[GameManager] Phase: MapNavigation → Combat
[GameManager] Phase: Combat → BattleResult
[GameManager] 戦闘結果: コボルド — 勝利 (3T) 残HP:25
[GameManager] Phase: BattleResult → Reward
[GameManager] Phase: Reward → MapNavigation
[GameManager] MoveToNode: r2_l2 (phase=MapNavigation)
[GameManager] タイル起動: 戦闘 (r2_l2)
[GameManager] エンカウント: ゴブリン王
[GameManager] Phase: MapNavigation → Combat
[GameManager] Phase: Combat → BattleResult
[GameManager] 戦闘結果: ゴブリン王 — 勝利 (5T) 残HP:23
[GameManager] Phase: BattleResult → Reward
[GameManager] Phase: Reward → MapNavigation
[GameManager] MoveToNode: r3_l1 (phase=MapNavigation)
[GameManager] タイル起動: 戦闘 (r3_l1)
[GameManager] エンカウント: スライム
[GameManager] Phase: MapNavigation → Combat
[GameManager] Phase: Combat → BattleResult
[GameManager] 戦闘結果: スライム — 勝利 (1T) 残HP:23
[GameManager] Phase: BattleResult → Reward
[GameManager] Phase: Reward → MapNavigation
[GameManager] MoveToNode: r4_l1 (phase=MapNavigation)
[GameManager] タイル起動: 戦闘 (r4_l1)
[GameManager] エンカウント: スライム
[GameManager] Phase: MapNavigation → Combat
[GameManager] Phase: Combat → BattleResult
[GameManager] 戦闘結果: スライム — 勝利 (1T) 残HP:23
[GameManager] Phase: BattleResult → Reward
[GameManager] Phase: Reward → MapNavigation
[GameManager] MoveToNode: r5_l1 (phase=MapNavigation)
[GameManager] タイル起動: 罠 (r5_l1)
[GameManager] Phase: MapNavigation → TrapTriggered
[GameManager] Phase: TrapTriggered → MapNavigation
[GameManager] MoveToNode: r6_l2 (phase=MapNavigation)
[GameManager] タイル起動: 激戦 (r6_l2)
[GameManager] エンカウント: スケルトン
[GameManager] Phase: MapNavigation → Combat
[GameManager] Phase: Combat → BattleResult
[GameManager] 戦闘結果: スケルトン — 勝利 (6T) 残HP:23
[GameManager] 激戦2戦目: スライム
[GameManager] Phase: BattleResult → Combat
[GameManager] Phase: Combat → BattleResult
[GameManager] 戦闘結果: スライム — 勝利 (1T) 残HP:23
[GameManager] Phase: BattleResult → Reward
[GameManager] Phase: Reward → MapNavigation
[GameManager] MoveToNode: r7_l2 (phase=MapNavigation)
[GameManager] タイル起動: 激戦 (r7_l2)
[GameManager] エンカウント: ダイアウルフ
[GameManager] Phase: MapNavigation → Combat
[GameManager] Phase: Combat → BattleResult
[GameManager] 戦闘結果: ダイアウルフ — 勝利 (5T) 残HP:22
[GameManager] 激戦2戦目: スケルトン
[GameManager] Phase: BattleResult → Combat
[GameManager] Phase: Combat → BattleResult
[GameManager] 戦闘結果: スケルトン — 勝利 (11T) 残HP:20
[GameManager] Phase: BattleResult → Reward
[GameManager] Phase: Reward → MapNavigation
[GameManager] MoveToNode: r8_l2 (phase=MapNavigation)
[GameManager] タイル起動: 秘宝 (r8_l2)
[GameManager] 宝箱: ゴールド+6, 商人の符牒
[GameManager] Phase: MapNavigation → TreasureOpen
[GameManager] Phase: TreasureOpen → MapNavigation
[GameManager] MoveToNode: r9_l2 (phase=MapNavigation)
[GameManager] タイル起動: 休憩 (r9_l2)
[GameManager] Phase: MapNavigation → RestStop
[GameManager] 休憩回復: +8HP (30%) (現在: 25/25)
[GameManager] Phase: RestStop → MapNavigation
[GameManager] MoveToNode: boss (phase=MapNavigation)
[GameManager] タイル起動: ボス (boss)
[GameManager] ボス戦: ゴブリン王
[GameManager] Phase: MapNavigation → Combat
[GameManager] Phase: Combat → BattleResult
[GameManager] 戦闘結果: ゴブリン王 — 勝利 (6T) 残HP:25
[GameManager] Phase: BattleResult → Reward
[GameManager] Phase: Reward → FloorClear
[GameManager] フロア2クリア → 次へ
[GameManager] Phase: FloorClear → FloorIntro
[GameManager] --- フロア 3 [瘴気侵蝕] ---
[GameManager] Phase: FloorIntro → MapNavigation
[GameManager] MoveToNode: r1_l1 (phase=MapNavigation)
[GameManager] タイル起動: 戦闘 (r1_l1)
[GameManager] エンカウント: ダイアウルフ
[GameManager] Phase: MapNavigation → Combat
[GameManager] Phase: Combat → BattleResult
[GameManager] 戦闘結果: ダイアウルフ — 勝利 (1T) 残HP:25
[GameManager] 層デバフ: 戦闘後2ダメージ (HP:23)
[GameManager] Phase: BattleResult → Reward
[GameManager] Phase: Reward → MapNavigation
[GameManager] MoveToNode: r2_l1 (phase=MapNavigation)
[GameManager] タイル起動: 戦闘 (r2_l1)
[GameManager] エンカウント: オーク
[GameManager] Phase: MapNavigation → Combat
[GameManager] Phase: Combat → BattleResult
[GameManager] 戦闘結果: オーク — 勝利 (9T) 残HP:8
[GameManager] 層デバフ: 戦闘後2ダメージ (HP:6)
[GameManager] Phase: BattleResult → Reward
[GameManager] Phase: Reward → MapNavigation
[GameManager] MoveToNode: r3_l1 (phase=MapNavigation)
[GameManager] タイル起動: 戦闘 (r3_l1)
[GameManager] エンカウント: ハーピィ
[GameManager] Phase: MapNavigation → Combat
[GameManager] Phase: Combat → BattleResult
[GameManager] 戦闘結果: ハーピィ — 敗北 (3T) 残HP:0
[GameManager] 救済発動: マップへ戻る
[GameManager] Phase: BattleResult → MapNavigation
[AutoRunner] ラストスタンド発動 (Floor 3)
[GameManager] MoveToNode: r4_l0 (phase=MapNavigation)
[GameManager] タイル起動: 戦闘 (r4_l0)
[GameManager] エンカウント: スライム
[GameManager] Phase: MapNavigation → Combat
[GameManager] Phase: Combat → BattleResult
[GameManager] 戦闘結果: スライム — 勝利 (2T) 残HP:1
[GameManager] 層デバフ: 戦闘後2ダメージ (HP:1)
[GameManager] Phase: BattleResult → Reward
[GameManager] Phase: Reward → MapNavigation
[GameManager] MoveToNode: r5_l0 (phase=MapNavigation)
[GameManager] タイル起動: 休憩 (r5_l0)
[GameManager] Phase: MapNavigation → RestStop
[GameManager] 休憩回復: +1HP (50%) (現在: 1/1)
[GameManager] Phase: RestStop → MapNavigation
[GameManager] MoveToNode: r6_l0 (phase=MapNavigation)
[GameManager] タイル起動: イベント (r6_l0)
[GameManager] Phase: MapNavigation → EventEncounter
[GameManager] Phase: EventEncounter → MapNavigation
[GameManager] MoveToNode: r7_l1 (phase=MapNavigation)
[GameManager] タイル起動: 戦闘 (r7_l1)
[GameManager] エンカウント: スケルトン
[GameManager] Phase: MapNavigation → Combat
[GameManager] Phase: Combat → BattleResult
[GameManager] 戦闘結果: スケルトン — 勝利 (12T) 残HP:1
[GameManager] 層デバフ: 戦闘後2ダメージ (HP:1)
[GameManager] Phase: BattleResult → Reward
[GameManager] Phase: Reward → MapNavigation
[GameManager] MoveToNode: r8_l1 (phase=MapNavigation)
[GameManager] タイル起動: 秘宝 (r8_l1)
[GameManager] 宝箱: ゴールド+0, 鋼鉄の腕輪
[GameManager] Phase: MapNavigation → TreasureOpen
[GameManager] Phase: TreasureOpen → MapNavigation
[GameManager] MoveToNode: r9_l1 (phase=MapNavigation)
[GameManager] タイル起動: 休憩 (r9_l1)
[GameManager] Phase: MapNavigation → RestStop
[GameManager] 休憩回復: +1HP (50%) (現在: 1/1)
[GameManager] Phase: RestStop → MapNavigation
[GameManager] MoveToNode: boss (phase=MapNavigation)
[GameManager] タイル起動: ボス (boss)
[GameManager] ボス戦: 凍れる吟遊詩人
[GameManager] Phase: MapNavigation → Combat
[GameManager] Phase: Combat → BattleResult
[GameManager] 戦闘結果: 凍れる吟遊詩人 — 勝利 (3T) 残HP:1
[GameManager] 層デバフ: 戦闘後2ダメージ (HP:1)
[GameManager] Phase: BattleResult → Reward
[GameManager] Phase: Reward → FloorClear
[GameManager] フロア3クリア → 次へ
[GameManager] Phase: FloorClear → FloorIntro
[GameManager] --- フロア 4 [煉獄の刻印] ---
[GameManager] Phase: FloorIntro → MapNavigation
[GameManager] MoveToNode: r1_l1 (phase=MapNavigation)
[GameManager] タイル起動: 戦闘 (r1_l1)
[AutoRunner] === RUN 50 終了: R5 (4Fで死亡) — 敗北 cause=Starvation ===

########## RUN 51  [R5 4Fで死亡]  敗北 cause=CombatLoss
# reached F4 HP 0/1 coins 121 combats 17/19 LS=True
[GameManager] Phase: GameOver → Title
[GameManager] Phase: Title → RunStart
[GameManager] === ラン開始 === HP:30
[GameManager] Phase: RunStart → FloorIntro
[GameManager] --- フロア 1 [残光の加護] ---
[GameManager] Phase: FloorIntro → MapNavigation
[GameManager] MoveToNode: r1_l1 (phase=MapNavigation)
[GameManager] タイル起動: ショップ (r1_l1)
[GameManager] EnterShop called
[GameManager] MapTransitionController.Instance = null
[GameManager] Phase: MapNavigation → ShopVisit
[GameManager] Phase: ShopVisit → MapNavigation
[GameManager] MoveToNode: r2_l2 (phase=MapNavigation)
[GameManager] タイル起動: 戦闘 (r2_l2)
[GameManager] エンカウント: ゴブリン
[GameManager] Phase: MapNavigation → Combat
[GameManager] Phase: Combat → BattleResult
[GameManager] 戦闘結果: ゴブリン — 勝利 (2T) 残HP:30
[GameManager] Phase: BattleResult → Reward
[GameManager] Phase: Reward → MapNavigation
[GameManager] MoveToNode: r3_l1 (phase=MapNavigation)
[GameManager] タイル起動: ショップ (r3_l1)
[GameManager] EnterShop called
[GameManager] MapTransitionController.Instance = null
[GameManager] Phase: MapNavigation → ShopVisit
[GameManager] Phase: ShopVisit → MapNavigation
[GameManager] MoveToNode: r4_l2 (phase=MapNavigation)
[GameManager] タイル起動: 戦闘 (r4_l2)
[GameManager] エンカウント: ゴブリン
[GameManager] Phase: MapNavigation → Combat
[GameManager] Phase: Combat → BattleResult
[GameManager] 戦闘結果: ゴブリン — 勝利 (4T) 残HP:28
[GameManager] Phase: BattleResult → Reward
[GameManager] Phase: Reward → MapNavigation
[GameManager] MoveToNode: r5_l2 (phase=MapNavigation)
[GameManager] タイル起動: 戦闘 (r5_l2)
[GameManager] エンカウント: ゴブリン
[GameManager] Phase: MapNavigation → Combat
[GameManager] Phase: Combat → BattleResult
[GameManager] 戦闘結果: ゴブリン — 勝利 (3T) 残HP:28
[GameManager] Phase: BattleResult → Reward
[GameManager] Phase: Reward → MapNavigation
[GameManager] MoveToNode: r6_l2 (phase=MapNavigation)
[GameManager] タイル起動: 戦闘 (r6_l2)
[GameManager] エンカウント: ゴブリン
[GameManager] Phase: MapNavigation → Combat
[GameManager] Phase: Combat → BattleResult
[GameManager] 戦闘結果: ゴブリン — 勝利 (1T) 残HP:28
[GameManager] Phase: BattleResult → Reward
[GameManager] Phase: Reward → MapNavigation
[GameManager] MoveToNode: r7_l1 (phase=MapNavigation)
[GameManager] タイル起動: イベント (r7_l1)
[GameManager] Phase: MapNavigation → EventEncounter
[GameManager] Phase: EventEncounter → MapNavigation
[GameManager] MoveToNode: r8_l1 (phase=MapNavigation)
[GameManager] タイル起動: 秘宝 (r8_l1)
[GameManager] 宝箱: ゴールド+7, 治癒の指輪
[GameManager] Phase: MapNavigation → TreasureOpen
[GameManager] Phase: TreasureOpen → MapNavigation
[GameManager] MoveToNode: r9_l1 (phase=MapNavigation)
[GameManager] タイル起動: 休憩 (r9_l1)
[GameManager] Phase: MapNavigation → RestStop
[GameManager] 休憩回復: +9HP (30%) (現在: 30/30)
[GameManager] Phase: RestStop → MapNavigation
[GameManager] MoveToNode: boss (phase=MapNavigation)
[GameManager] タイル起動: ボス (boss)
[GameManager] ボス 'boss_layer1' 未定義 — フロア1のプールから抽選
[GameManager] ボス戦: ゴブリン
[GameManager] Phase: MapNavigation → Combat
[GameManager] Phase: Combat → BattleResult
[GameManager] 戦闘結果: ゴブリン — 勝利 (3T) 残HP:30
[GameManager] Phase: BattleResult → Reward
[GameManager] Phase: Reward → FloorClear
[GameManager] フロア1クリア → 次へ
[GameManager] 層デバフ: MaxHP-5 → 25
[GameManager] Phase: FloorClear → FloorIntro
[GameManager] --- フロア 2 [嘆きの共鳴] ---
[GameManager] Phase: FloorIntro → MapNavigation
[GameManager] MoveToNode: r1_l1 (phase=MapNavigation)
[GameManager] タイル起動: ショップ (r1_l1)
[GameManager] EnterShop called
[GameManager] MapTransitionController.Instance = null
[GameManager] Phase: MapNavigation → ShopVisit
[GameManager] Phase: ShopVisit → MapNavigation
[GameManager] MoveToNode: r2_l1 (phase=MapNavigation)
[GameManager] タイル起動: 戦闘 (r2_l1)
[GameManager] エンカウント: ダイアウルフ
[GameManager] Phase: MapNavigation → Combat
[GameManager] Phase: Combat → BattleResult
[GameManager] 戦闘結果: ダイアウルフ — 勝利 (5T) 残HP:25
[GameManager] Phase: BattleResult → Reward
[GameManager] Phase: Reward → MapNavigation
[GameManager] MoveToNode: r3_l1 (phase=MapNavigation)
[GameManager] タイル起動: ショップ (r3_l1)
[GameManager] EnterShop called
[GameManager] MapTransitionController.Instance = null
[GameManager] Phase: MapNavigation → ShopVisit
[GameManager] Phase: ShopVisit → MapNavigation
[GameManager] MoveToNode: r4_l1 (phase=MapNavigation)
[GameManager] タイル起動: ショップ (r4_l1)
[GameManager] EnterShop called
[GameManager] MapTransitionController.Instance = null
[GameManager] Phase: MapNavigation → ShopVisit
[GameManager] Phase: ShopVisit → MapNavigation
[GameManager] MoveToNode: r5_l1 (phase=MapNavigation)
[GameManager] タイル起動: 戦闘 (r5_l1)
[GameManager] エンカウント: コボルド
[GameManager] Phase: MapNavigation → Combat
[GameManager] Phase: Combat → BattleResult
[GameManager] 戦闘結果: コボルド — 勝利 (3T) 残HP:25
[GameManager] Phase: BattleResult → Reward
[GameManager] Phase: Reward → MapNavigation
[GameManager] MoveToNode: r6_l1 (phase=MapNavigation)
[GameManager] タイル起動: 戦闘 (r6_l1)
[GameManager] エンカウント: ゴブリン
[GameManager] Phase: MapNavigation → Combat
[GameManager] Phase: Combat → BattleResult
[GameManager] 戦闘結果: ゴブリン — 勝利 (2T) 残HP:25
[GameManager] Phase: BattleResult → Reward
[GameManager] Phase: Reward → MapNavigation
[GameManager] MoveToNode: r7_l0 (phase=MapNavigation)
[GameManager] タイル起動: 戦闘 (r7_l0)
[GameManager] エンカウント: コボルド
[GameManager] Phase: MapNavigation → Combat
[GameManager] Phase: Combat → BattleResult
[GameManager] 戦闘結果: コボルド — 勝利 (2T) 残HP:25
[GameManager] Phase: BattleResult → Reward
[GameManager] Phase: Reward → MapNavigation
[GameManager] MoveToNode: r8_l0 (phase=MapNavigation)
[GameManager] タイル起動: 秘宝 (r8_l0)
[GameManager] 宝箱: ゴールド+10, 鎖帷子
[GameManager] Phase: MapNavigation → TreasureOpen
[GameManager] Phase: TreasureOpen → MapNavigation
[GameManager] MoveToNode: r9_l0 (phase=MapNavigation)
[GameManager] タイル起動: 休憩 (r9_l0)
[GameManager] Phase: MapNavigation → RestStop
[GameManager] 休憩回復: +8HP (30%) (現在: 25/25)
[GameManager] Phase: RestStop → MapNavigation
[GameManager] MoveToNode: boss (phase=MapNavigation)
[GameManager] タイル起動: ボス (boss)
[GameManager] ボス戦: ゴブリン王
[GameManager] Phase: MapNavigation → Combat
[GameManager] Phase: Combat → BattleResult
[GameManager] 戦闘結果: ゴブリン王 — 勝利 (7T) 残HP:25
[GameManager] Phase: BattleResult → Reward
[GameManager] Phase: Reward → FloorClear
[GameManager] フロア2クリア → 次へ
[GameManager] Phase: FloorClear → FloorIntro
[GameManager] --- フロア 3 [瘴気侵蝕] ---
[GameManager] Phase: FloorIntro → MapNavigation
[GameManager] MoveToNode: r1_l0 (phase=MapNavigation)
[GameManager] タイル起動: イベント (r1_l0)
[GameManager] Phase: MapNavigation → EventEncounter
[GameManager] Phase: EventEncounter → MapNavigation
[GameManager] MoveToNode: r2_l0 (phase=MapNavigation)
[GameManager] タイル起動: ショップ (r2_l0)
[GameManager] EnterShop called
[GameManager] MapTransitionController.Instance = null
[GameManager] Phase: MapNavigation → ShopVisit
[GameManager] Phase: ShopVisit → MapNavigation
[GameManager] MoveToNode: r3_l0 (phase=MapNavigation)
[GameManager] タイル起動: 戦闘 (r3_l0)
[GameManager] エンカウント: スライム
[GameManager] Phase: MapNavigation → Combat
[GameManager] Phase: Combat → BattleResult
[GameManager] 戦闘結果: スライム — 勝利 (1T) 残HP:15
[GameManager] 層デバフ: 戦闘後2ダメージ (HP:13)
[GameManager] Phase: BattleResult → Reward
[GameManager] Phase: Reward → MapNavigation
[GameManager] MoveToNode: r4_l1 (phase=MapNavigation)
[GameManager] タイル起動: 戦闘 (r4_l1)
[GameManager] エンカウント: 凍れる吟遊詩人
[GameManager] Phase: MapNavigation → Combat
[GameManager] Phase: Combat → BattleResult
[GameManager] 戦闘結果: 凍れる吟遊詩人 — 勝利 (11T) 残HP:13
[GameManager] 層デバフ: 戦闘後2ダメージ (HP:11)
[GameManager] Phase: BattleResult → Reward
[GameManager] Phase: Reward → MapNavigation
[GameManager] MoveToNode: r5_l1 (phase=MapNavigation)
[GameManager] タイル起動: 戦闘 (r5_l1)
[GameManager] エンカウント: 凍れる吟遊詩人
[GameManager] Phase: MapNavigation → Combat
[GameManager] Phase: Combat → BattleResult
[GameManager] 戦闘結果: 凍れる吟遊詩人 — 勝利 (6T) 残HP:11
[GameManager] 層デバフ: 戦闘後2ダメージ (HP:9)
[GameManager] Phase: BattleResult → Reward
[GameManager] Phase: Reward → MapNavigation
[GameManager] MoveToNode: r6_l0 (phase=MapNavigation)
[GameManager] タイル起動: 戦闘 (r6_l0)
[GameManager] エンカウント: 凍れる吟遊詩人
[GameManager] Phase: MapNavigation → Combat
[GameManager] Phase: Combat → BattleResult
[GameManager] 戦闘結果: 凍れる吟遊詩人 — 勝利 (11T) 残HP:9
[GameManager] 層デバフ: 戦闘後2ダメージ (HP:7)
[GameManager] Phase: BattleResult → Reward
[GameManager] Phase: Reward → MapNavigation
[GameManager] MoveToNode: r7_l0 (phase=MapNavigation)
[GameManager] タイル起動: 激戦 (r7_l0)
[GameManager] エンカウント: 13番目の死
[GameManager] Phase: MapNavigation → Combat
[GameManager] Phase: Combat → BattleResult
[GameManager] 戦闘結果: 13番目の死 — 勝利 (3T) 残HP:7
[GameManager] 層デバフ: 戦闘後2ダメージ (HP:5)
[GameManager] 激戦2戦目: コボルド
[GameManager] Phase: BattleResult → Combat
[GameManager] Phase: Combat → BattleResult
[GameManager] 戦闘結果: コボルド — 勝利 (2T) 残HP:5
[GameManager] 層デバフ: 戦闘後2ダメージ (HP:3)
[GameManager] Phase: BattleResult → Reward
[GameManager] Phase: Reward → MapNavigation
[GameManager] MoveToNode: r8_l0 (phase=MapNavigation)
[GameManager] タイル起動: 秘宝 (r8_l0)
[GameManager] 宝箱: ゴールド+6, 大回復ポーション
[GameManager] Phase: MapNavigation → TreasureOpen
[GameManager] Phase: TreasureOpen → MapNavigation
[GameManager] MoveToNode: r9_l0 (phase=MapNavigation)
[GameManager] タイル起動: 休憩 (r9_l0)
[GameManager] Phase: MapNavigation → RestStop
[GameManager] 休憩回復: +13HP (50%) (現在: 16/25)
[GameManager] Phase: RestStop → MapNavigation
[GameManager] MoveToNode: boss (phase=MapNavigation)
[GameManager] タイル起動: ボス (boss)
[GameManager] ボス戦: 凍れる吟遊詩人
[GameManager] Phase: MapNavigation → Combat
[GameManager] Phase: Combat → BattleResult
[GameManager] 戦闘結果: 凍れる吟遊詩人 — 勝利 (5T) 残HP:16
[GameManager] 層デバフ: 戦闘後2ダメージ (HP:14)
[GameManager] Phase: BattleResult → Reward
[GameManager] Phase: Reward → FloorClear
[GameManager] フロア3クリア → 次へ
[GameManager] Phase: FloorClear → FloorIntro
[GameManager] --- フロア 4 [煉獄の刻印] ---
[GameManager] Phase: FloorIntro → MapNavigation
[GameManager] MoveToNode: r1_l1 (phase=MapNavigation)
[GameManager] タイル起動: 秘宝 (r1_l1)
[GameManager] 宝箱: ゴールド+16, 治癒の指輪
[GameManager] Phase: MapNavigation → TreasureOpen
[GameManager] Phase: TreasureOpen → MapNavigation
[GameManager] MoveToNode: r2_l0 (phase=MapNavigation)
[GameManager] タイル起動: イベント (r2_l0)
[GameManager] Phase: MapNavigation → EventEncounter
[GameManager] Phase: EventEncounter → MapNavigation
[GameManager] MoveToNode: r3_l0 (phase=MapNavigation)
[GameManager] タイル起動: 戦闘 (r3_l0)
[GameManager] エンカウント: ミノタウロス
[GameManager] Phase: MapNavigation → Combat
[GameManager] Phase: Combat → BattleResult
[GameManager] 戦闘結果: ミノタウロス — 敗北 (19T) 残HP:0
[GameManager] 救済発動: マップへ戻る
[GameManager] Phase: BattleResult → MapNavigation
[AutoRunner] ラストスタンド発動 (Floor 4)
[AutoRunner] === RUN 51 終了: R5 (4Fで死亡) — 敗北 cause=CombatLoss ===

########## RUN 52  [R4 3Fで死亡]  敗北 cause=CombatLoss
# reached F3 HP 0/1 coins 7 combats 8/10 LS=True
[GameManager] Phase: GameOver → Title
[GameManager] Phase: Title → RunStart
[GameManager] === ラン開始 === HP:30
[GameManager] Phase: RunStart → FloorIntro
[GameManager] --- フロア 1 [残光の加護] ---
[GameManager] Phase: FloorIntro → MapNavigation
[GameManager] MoveToNode: r1_l2 (phase=MapNavigation)
[GameManager] タイル起動: ショップ (r1_l2)
[GameManager] EnterShop called
[GameManager] MapTransitionController.Instance = null
[GameManager] Phase: MapNavigation → ShopVisit
[GameManager] Phase: ShopVisit → MapNavigation
[GameManager] MoveToNode: r2_l1 (phase=MapNavigation)
[GameManager] タイル起動: 戦闘 (r2_l1)
[GameManager] エンカウント: スライム
[GameManager] Phase: MapNavigation → Combat
[GameManager] Phase: Combat → BattleResult
[GameManager] 戦闘結果: スライム — 勝利 (2T) 残HP:30
[GameManager] Phase: BattleResult → MapNavigation
[GameManager] MoveToNode: r3_l0 (phase=MapNavigation)
[GameManager] タイル起動: イベント (r3_l0)
[GameManager] Phase: MapNavigation → EventEncounter
[GameManager] Phase: EventEncounter → MapNavigation
[GameManager] MoveToNode: r4_l1 (phase=MapNavigation)
[GameManager] タイル起動: 戦闘 (r4_l1)
[GameManager] エンカウント: スライム
[GameManager] Phase: MapNavigation → Combat
[GameManager] Phase: Combat → BattleResult
[GameManager] 戦闘結果: スライム — 勝利 (1T) 残HP:30
[GameManager] Phase: BattleResult → Reward
[GameManager] Phase: Reward → MapNavigation
[GameManager] MoveToNode: r5_l1 (phase=MapNavigation)
[GameManager] タイル起動: ショップ (r5_l1)
[GameManager] EnterShop called
[GameManager] MapTransitionController.Instance = null
[GameManager] Phase: MapNavigation → ShopVisit
[GameManager] Phase: ShopVisit → MapNavigation
[GameManager] MoveToNode: r6_l1 (phase=MapNavigation)
[GameManager] タイル起動: 戦闘 (r6_l1)
[GameManager] エンカウント: スライム
[GameManager] Phase: MapNavigation → Combat
[GameManager] Phase: Combat → BattleResult
[GameManager] 戦闘結果: スライム — 勝利 (3T) 残HP:30
[GameManager] Phase: BattleResult → Reward
[GameManager] Phase: Reward → MapNavigation
[GameManager] MoveToNode: r7_l0 (phase=MapNavigation)
[GameManager] タイル起動: イベント (r7_l0)
[GameManager] Phase: MapNavigation → EventEncounter
[GameManager] Phase: EventEncounter → MapNavigation
[GameManager] MoveToNode: r8_l0 (phase=MapNavigation)
[GameManager] タイル起動: 秘宝 (r8_l0)
[GameManager] 宝箱: ゴールド+4, 骨のダイス
[GameManager] Phase: MapNavigation → TreasureOpen
[GameManager] Phase: TreasureOpen → MapNavigation
[GameManager] MoveToNode: r9_l0 (phase=MapNavigation)
[GameManager] タイル起動: 休憩 (r9_l0)
[GameManager] Phase: MapNavigation → RestStop
[GameManager] 休憩回復: +9HP (30%) (現在: 30/30)
[GameManager] Phase: RestStop → MapNavigation
[GameManager] MoveToNode: boss (phase=MapNavigation)
[GameManager] タイル起動: ボス (boss)
[GameManager] ボス 'boss_layer1' 未定義 — フロア1のプールから抽選
[GameManager] ボス戦: ゴブリン
[GameManager] Phase: MapNavigation → Combat
[GameManager] Phase: Combat → BattleResult
[GameManager] 戦闘結果: ゴブリン — 勝利 (5T) 残HP:30
[GameManager] Phase: BattleResult → Reward
[GameManager] Phase: Reward → FloorClear
[GameManager] フロア1クリア → 次へ
[GameManager] 層デバフ: MaxHP-5 → 25
[GameManager] Phase: FloorClear → FloorIntro
[GameManager] --- フロア 2 [嘆きの共鳴] ---
[GameManager] Phase: FloorIntro → MapNavigation
[GameManager] MoveToNode: r1_l2 (phase=MapNavigation)
[GameManager] タイル起動: 戦闘 (r1_l2)
[GameManager] エンカウント: ゴブリン王
[GameManager] Phase: MapNavigation → Combat
[GameManager] Phase: Combat → BattleResult
[GameManager] 戦闘結果: ゴブリン王 — 勝利 (11T) 残HP:21
[GameManager] Phase: BattleResult → Reward
[GameManager] Phase: Reward → MapNavigation
[GameManager] MoveToNode: r2_l2 (phase=MapNavigation)
[GameManager] タイル起動: イベント (r2_l2)
[GameManager] Phase: MapNavigation → EventEncounter
[GameManager] Phase: EventEncounter → MapNavigation
[GameManager] MoveToNode: r3_l2 (phase=MapNavigation)
[GameManager] タイル起動: 休憩 (r3_l2)
[GameManager] Phase: MapNavigation → RestStop
[GameManager] 休憩回復: +8HP (30%) (現在: 25/25)
[GameManager] Phase: RestStop → MapNavigation
[GameManager] MoveToNode: r4_l2 (phase=MapNavigation)
[GameManager] タイル起動: ショップ (r4_l2)
[GameManager] EnterShop called
[GameManager] MapTransitionController.Instance = null
[GameManager] Phase: MapNavigation → ShopVisit
[GameManager] Phase: ShopVisit → MapNavigation
[GameManager] MoveToNode: r5_l1 (phase=MapNavigation)
[GameManager] タイル起動: 秘宝 (r5_l1)
[GameManager] 宝箱: ゴールド+10, 小回復ポーション
[GameManager] Phase: MapNavigation → TreasureOpen
[GameManager] Phase: TreasureOpen → MapNavigation
[GameManager] MoveToNode: r6_l1 (phase=MapNavigation)
[GameManager] タイル起動: 罠 (r6_l1)
[GameManager] Phase: MapNavigation → TrapTriggered
[GameManager] Phase: TrapTriggered → MapNavigation
[GameManager] MoveToNode: r7_l0 (phase=MapNavigation)
[GameManager] タイル起動: 戦闘 (r7_l0)
[GameManager] エンカウント: コボルド
[GameManager] Phase: MapNavigation → Combat
[GameManager] Phase: Combat → BattleResult
[GameManager] 戦闘結果: コボルド — 勝利 (2T) 残HP:25
[GameManager] Phase: BattleResult → Reward
[GameManager] Phase: Reward → MapNavigation
[GameManager] MoveToNode: r8_l0 (phase=MapNavigation)
[GameManager] タイル起動: 秘宝 (r8_l0)
[GameManager] 宝箱: ゴールド+6, 銅貨のダイス
[GameManager] Phase: MapNavigation → TreasureOpen
[GameManager] Phase: TreasureOpen → MapNavigation
[GameManager] MoveToNode: r9_l0 (phase=MapNavigation)
[GameManager] タイル起動: 休憩 (r9_l0)
[GameManager] Phase: MapNavigation → RestStop
[GameManager] 休憩回復: +8HP (30%) (現在: 25/25)
[GameManager] Phase: RestStop → MapNavigation
[GameManager] MoveToNode: boss (phase=MapNavigation)
[GameManager] タイル起動: ボス (boss)
[GameManager] ボス戦: ゴブリン王
[GameManager] Phase: MapNavigation → Combat
[GameManager] Phase: Combat → BattleResult
[GameManager] 戦闘結果: ゴブリン王 — 勝利 (4T) 残HP:23
[GameManager] Phase: BattleResult → Reward
[GameManager] Phase: Reward → FloorClear
[GameManager] フロア2クリア → 次へ
[GameManager] Phase: FloorClear → FloorIntro
[GameManager] --- フロア 3 [瘴気侵蝕] ---
[GameManager] Phase: FloorIntro → MapNavigation
[GameManager] MoveToNode: r1_l1 (phase=MapNavigation)
[GameManager] タイル起動: 戦闘 (r1_l1)
[GameManager] エンカウント: ハーピィ
[GameManager] Phase: MapNavigation → Combat
[GameManager] Phase: Combat → BattleResult
[GameManager] 戦闘結果: ハーピィ — 勝利 (8T) 残HP:16
[GameManager] 層デバフ: 戦闘後2ダメージ (HP:14)
[GameManager] Phase: BattleResult → Reward
[GameManager] Phase: Reward → MapNavigation
[GameManager] MoveToNode: r2_l0 (phase=MapNavigation)
[GameManager] タイル起動: ショップ (r2_l0)
[GameManager] EnterShop called
[GameManager] MapTransitionController.Instance = null
[GameManager] Phase: MapNavigation → ShopVisit
[GameManager] Phase: ShopVisit → MapNavigation
[GameManager] MoveToNode: r3_l0 (phase=MapNavigation)
[GameManager] タイル起動: 罠 (r3_l0)
[GameManager] Phase: MapNavigation → TrapTriggered
[GameManager] Phase: TrapTriggered → MapNavigation
[GameManager] MoveToNode: r4_l0 (phase=MapNavigation)
[GameManager] タイル起動: 戦闘 (r4_l0)
[GameManager] エンカウント: ハーピィ
[GameManager] Phase: MapNavigation → Combat
[GameManager] Phase: Combat → BattleResult
[GameManager] 戦闘結果: ハーピィ — 敗北 (5T) 残HP:0
[GameManager] 救済発動: マップへ戻る
[GameManager] Phase: BattleResult → MapNavigation
[AutoRunner] ラストスタンド発動 (Floor 3)
[GameManager] MoveToNode: r5_l0 (phase=MapNavigation)
[GameManager] タイル起動: イベント (r5_l0)
[GameManager] Phase: MapNavigation → EventEncounter
[GameManager] Phase: EventEncounter → MapNavigation
[GameManager] MoveToNode: r6_l0 (phase=MapNavigation)
[GameManager] タイル起動: 戦闘 (r6_l0)
[GameManager] エンカウント: スケルトン
[GameManager] Phase: MapNavigation → Combat
[GameManager] Phase: Combat → BattleResult
[GameManager] 戦闘結果: スケルトン — 敗北 (4T) 残HP:0
[GameManager] Phase: BattleResult → GameOver
[AutoRunner] === RUN 52 終了: R4 (3Fで死亡) — 敗北 cause=CombatLoss ===

########## RUN 53  [R5 4Fで死亡]  敗北 cause=Starvation
# reached F4 HP 0/1 coins 59 combats 17/18 LS=True
[GameManager] Phase: GameOver → Title
[GameManager] Phase: Title → RunStart
[GameManager] === ラン開始 === HP:30
[GameManager] Phase: RunStart → FloorIntro
[GameManager] --- フロア 1 [残光の加護] ---
[GameManager] Phase: FloorIntro → MapNavigation
[GameManager] MoveToNode: r1_l0 (phase=MapNavigation)
[GameManager] タイル起動: ショップ (r1_l0)
[GameManager] EnterShop called
[GameManager] MapTransitionController.Instance = null
[GameManager] Phase: MapNavigation → ShopVisit
[GameManager] Phase: ShopVisit → MapNavigation
[GameManager] MoveToNode: r2_l0 (phase=MapNavigation)
[GameManager] タイル起動: 激戦 (r2_l0)
[GameManager] エンカウント: ゴブリン
[GameManager] Phase: MapNavigation → Combat
[GameManager] Phase: Combat → BattleResult
[GameManager] 戦闘結果: ゴブリン — 勝利 (3T) 残HP:30
[GameManager] 激戦2戦目: スライム
[GameManager] Phase: BattleResult → Combat
[GameManager] Phase: Combat → BattleResult
[GameManager] 戦闘結果: スライム — 勝利 (2T) 残HP:30
[GameManager] Phase: BattleResult → Reward
[GameManager] Phase: Reward → MapNavigation
[GameManager] MoveToNode: r3_l0 (phase=MapNavigation)
[GameManager] タイル起動: 戦闘 (r3_l0)
[GameManager] エンカウント: スライム
[GameManager] Phase: MapNavigation → Combat
[GameManager] Phase: Combat → BattleResult
[GameManager] 戦闘結果: スライム — 勝利 (1T) 残HP:30
[GameManager] Phase: BattleResult → Reward
[GameManager] Phase: Reward → MapNavigation
[GameManager] MoveToNode: r4_l0 (phase=MapNavigation)
[GameManager] タイル起動: 戦闘 (r4_l0)
[GameManager] エンカウント: スライム
[GameManager] Phase: MapNavigation → Combat
[GameManager] Phase: Combat → BattleResult
[GameManager] 戦闘結果: スライム — 勝利 (2T) 残HP:30
[GameManager] Phase: BattleResult → Reward
[GameManager] Phase: Reward → MapNavigation
[GameManager] MoveToNode: r5_l1 (phase=MapNavigation)
[GameManager] タイル起動: 戦闘 (r5_l1)
[GameManager] エンカウント: スライム
[GameManager] Phase: MapNavigation → Combat
[GameManager] Phase: Combat → BattleResult
[GameManager] 戦闘結果: スライム — 勝利 (2T) 残HP:30
[GameManager] Phase: BattleResult → Reward
[GameManager] Phase: Reward → MapNavigation
[GameManager] MoveToNode: r6_l2 (phase=MapNavigation)
[GameManager] タイル起動: 罠 (r6_l2)
[GameManager] Phase: MapNavigation → TrapTriggered
[GameManager] Phase: TrapTriggered → MapNavigation
[GameManager] MoveToNode: r7_l2 (phase=MapNavigation)
[GameManager] タイル起動: 戦闘 (r7_l2)
[GameManager] エンカウント: スライム
[GameManager] Phase: MapNavigation → Combat
[GameManager] Phase: Combat → BattleResult
[GameManager] 戦闘結果: スライム — 勝利 (2T) 残HP:30
[GameManager] Phase: BattleResult → Reward
[GameManager] Phase: Reward → MapNavigation
[GameManager] MoveToNode: r8_l2 (phase=MapNavigation)
[GameManager] タイル起動: 秘宝 (r8_l2)
[GameManager] 宝箱: ゴールド+4, 食通の懐刀
[GameManager] Phase: MapNavigation → TreasureOpen
[GameManager] Phase: TreasureOpen → MapNavigation
[GameManager] MoveToNode: r9_l2 (phase=MapNavigation)
[GameManager] タイル起動: 休憩 (r9_l2)
[GameManager] Phase: MapNavigation → RestStop
[GameManager] 休憩回復: +9HP (30%) (現在: 30/30)
[GameManager] Phase: RestStop → MapNavigation
[GameManager] MoveToNode: boss (phase=MapNavigation)
[GameManager] タイル起動: ボス (boss)
[GameManager] ボス 'boss_layer1' 未定義 — フロア1のプールから抽選
[GameManager] ボス戦: スライム
[GameManager] Phase: MapNavigation → Combat
[GameManager] Phase: Combat → BattleResult
[GameManager] 戦闘結果: スライム — 勝利 (2T) 残HP:30
[GameManager] Phase: BattleResult → Reward
[GameManager] Phase: Reward → FloorClear
[GameManager] フロア1クリア → 次へ
[GameManager] 層デバフ: MaxHP-5 → 25
[GameManager] Phase: FloorClear → FloorIntro
[GameManager] --- フロア 2 [嘆きの共鳴] ---
[GameManager] Phase: FloorIntro → MapNavigation
[GameManager] MoveToNode: r1_l0 (phase=MapNavigation)
[GameManager] タイル起動: 戦闘 (r1_l0)
[GameManager] エンカウント: 13番目の死
[GameManager] Phase: MapNavigation → Combat
[GameManager] Phase: Combat → BattleResult
[GameManager] 戦闘結果: 13番目の死 — 勝利 (3T) 残HP:25
[GameManager] Phase: BattleResult → Reward
[GameManager] Phase: Reward → MapNavigation
[GameManager] MoveToNode: r2_l0 (phase=MapNavigation)
[GameManager] タイル起動: イベント (r2_l0)
[GameManager] Phase: MapNavigation → EventEncounter
[GameManager] Phase: EventEncounter → MapNavigation
[GameManager] MoveToNode: r3_l1 (phase=MapNavigation)
[GameManager] タイル起動: 戦闘 (r3_l1)
[GameManager] エンカウント: 13番目の死
[GameManager] Phase: MapNavigation → Combat
[GameManager] Phase: Combat → BattleResult
[GameManager] 戦闘結果: 13番目の死 — 勝利 (3T) 残HP:11
[GameManager] Phase: BattleResult → Reward
[GameManager] Phase: Reward → MapNavigation
[GameManager] MoveToNode: r4_l0 (phase=MapNavigation)
[GameManager] タイル起動: ショップ (r4_l0)
[GameManager] EnterShop called
[GameManager] MapTransitionController.Instance = null
[GameManager] Phase: MapNavigation → ShopVisit
[GameManager] Phase: ShopVisit → MapNavigation
[GameManager] MoveToNode: r5_l1 (phase=MapNavigation)
[GameManager] タイル起動: 休憩 (r5_l1)
[GameManager] Phase: MapNavigation → RestStop
[GameManager] 休憩回復: +8HP (30%) (現在: 19/25)
[GameManager] Phase: RestStop → MapNavigation
[GameManager] MoveToNode: r6_l1 (phase=MapNavigation)
[GameManager] タイル起動: 戦闘 (r6_l1)
[GameManager] エンカウント: コボルド
[GameManager] Phase: MapNavigation → Combat
[GameManager] Phase: Combat → BattleResult
[GameManager] 戦闘結果: コボルド — 勝利 (4T) 残HP:19
[GameManager] Phase: BattleResult → Reward
[GameManager] Phase: Reward → MapNavigation
[GameManager] MoveToNode: r7_l1 (phase=MapNavigation)
[GameManager] タイル起動: イベント (r7_l1)
[GameManager] Phase: MapNavigation → EventEncounter
[GameManager] Phase: EventEncounter → MapNavigation
[GameManager] MoveToNode: r8_l1 (phase=MapNavigation)
[GameManager] タイル起動: 秘宝 (r8_l1)
[GameManager] 宝箱: ゴールド+4, 治癒の指輪
[GameManager] Phase: MapNavigation → TreasureOpen
[GameManager] Phase: TreasureOpen → MapNavigation
[GameManager] MoveToNode: r9_l1 (phase=MapNavigation)
[GameManager] タイル起動: 休憩 (r9_l1)
[GameManager] Phase: MapNavigation → RestStop
[GameManager] 休憩回復: +8HP (30%) (現在: 25/25)
[GameManager] Phase: RestStop → MapNavigation
[GameManager] MoveToNode: boss (phase=MapNavigation)
[GameManager] タイル起動: ボス (boss)
[GameManager] ボス戦: ゴブリン王
[GameManager] Phase: MapNavigation → Combat
[GameManager] Phase: Combat → BattleResult
[GameManager] 戦闘結果: ゴブリン王 — 勝利 (11T) 残HP:24
[GameManager] Phase: BattleResult → Reward
[GameManager] Phase: Reward → FloorClear
[GameManager] フロア2クリア → 次へ
[GameManager] Phase: FloorClear → FloorIntro
[GameManager] --- フロア 3 [瘴気侵蝕] ---
[GameManager] Phase: FloorIntro → MapNavigation
[GameManager] MoveToNode: r1_l0 (phase=MapNavigation)
[GameManager] タイル起動: イベント (r1_l0)
[GameManager] Phase: MapNavigation → EventEncounter
[GameManager] Phase: EventEncounter → MapNavigation
[GameManager] MoveToNode: r2_l0 (phase=MapNavigation)
[GameManager] タイル起動: 戦闘 (r2_l0)
[GameManager] エンカウント: スライム
[GameManager] Phase: MapNavigation → Combat
[GameManager] Phase: Combat → BattleResult
[GameManager] 戦闘結果: スライム — 勝利 (2T) 残HP:25
[GameManager] 層デバフ: 戦闘後2ダメージ (HP:23)
[GameManager] Phase: BattleResult → Reward
[GameManager] Phase: Reward → MapNavigation
[GameManager] MoveToNode: r3_l0 (phase=MapNavigation)
[GameManager] タイル起動: 戦闘 (r3_l0)
[GameManager] エンカウント: 凍れる吟遊詩人
[GameManager] Phase: MapNavigation → Combat
[GameManager] Phase: Combat → BattleResult
[GameManager] 戦闘結果: 凍れる吟遊詩人 — 勝利 (8T) 残HP:23
[GameManager] 層デバフ: 戦闘後2ダメージ (HP:21)
[GameManager] Phase: BattleResult → Reward
[GameManager] Phase: Reward → MapNavigation
[GameManager] MoveToNode: r4_l0 (phase=MapNavigation)
[GameManager] タイル起動: 戦闘 (r4_l0)
[GameManager] エンカウント: ハーピィ
[GameManager] Phase: MapNavigation → Combat
[GameManager] Phase: Combat → BattleResult
[GameManager] 戦闘結果: ハーピィ — 勝利 (7T) 残HP:15
[GameManager] 層デバフ: 戦闘後2ダメージ (HP:13)
[GameManager] Phase: BattleResult → Reward
[GameManager] Phase: Reward → MapNavigation
[GameManager] MoveToNode: r5_l0 (phase=MapNavigation)
[GameManager] タイル起動: 秘宝 (r5_l0)
[GameManager] 宝箱: ゴールド+15, 生命の宝玉
[GameManager] Phase: MapNavigation → TreasureOpen
[GameManager] Phase: TreasureOpen → MapNavigation
[GameManager] MoveToNode: r6_l1 (phase=MapNavigation)
[GameManager] タイル起動: ショップ (r6_l1)
[GameManager] EnterShop called
[GameManager] MapTransitionController.Instance = null
[GameManager] Phase: MapNavigation → ShopVisit
[GameManager] Phase: ShopVisit → MapNavigation
[GameManager] MoveToNode: r7_l2 (phase=MapNavigation)
[GameManager] タイル起動: イベント (r7_l2)
[GameManager] Phase: MapNavigation → EventEncounter
[GameManager] イベント戦闘: スケルトン (elite=True)
[GameManager] Phase: EventEncounter → Combat
[GameManager] Phase: Combat → BattleResult
[GameManager] 戦闘結果: スケルトン — 勝利 (3T) 残HP:13
[GameManager] 層デバフ: 戦闘後2ダメージ (HP:11)
[GameManager] Phase: BattleResult → MapNavigation
[GameManager] MoveToNode: r8_l2 (phase=MapNavigation)
[GameManager] タイル起動: 秘宝 (r8_l2)
[GameManager] 宝箱: ゴールド+12, 鉄のダイス
[GameManager] Phase: MapNavigation → TreasureOpen
[GameManager] Phase: TreasureOpen → MapNavigation
[GameManager] MoveToNode: r9_l2 (phase=MapNavigation)
[GameManager] タイル起動: 休憩 (r9_l2)
[GameManager] Phase: MapNavigation → RestStop
[GameManager] 休憩回復: +13HP (50%) (現在: 24/25)
[GameManager] Phase: RestStop → MapNavigation
[GameManager] MoveToNode: boss (phase=MapNavigation)
[GameManager] タイル起動: ボス (boss)
[GameManager] ボス戦: 凍れる吟遊詩人
[GameManager] Phase: MapNavigation → Combat
[GameManager] Phase: Combat → BattleResult
[GameManager] 戦闘結果: 凍れる吟遊詩人 — 勝利 (6T) 残HP:24
[GameManager] 層デバフ: 戦闘後2ダメージ (HP:22)
[GameManager] Phase: BattleResult → Reward
[GameManager] Phase: Reward → FloorClear
[GameManager] フロア3クリア → 次へ
[GameManager] Phase: FloorClear → FloorIntro
[GameManager] --- フロア 4 [煉獄の刻印] ---
[GameManager] Phase: FloorIntro → MapNavigation
[GameManager] MoveToNode: r1_l0 (phase=MapNavigation)
[GameManager] タイル起動: 戦闘 (r1_l0)
[GameManager] エンカウント: リザードマン
[GameManager] Phase: MapNavigation → Combat
[GameManager] Phase: Combat → BattleResult
[GameManager] 戦闘結果: リザードマン — 勝利 (5T) 残HP:24
[GameManager] Phase: BattleResult → Reward
[GameManager] Phase: Reward → MapNavigation
[GameManager] MoveToNode: r2_l1 (phase=MapNavigation)
[GameManager] タイル起動: 秘宝 (r2_l1)
[GameManager] 宝箱: ゴールド+28, 革の手甲
[GameManager] Phase: MapNavigation → TreasureOpen
[GameManager] Phase: TreasureOpen → MapNavigation
[GameManager] MoveToNode: r3_l0 (phase=MapNavigation)
[GameManager] タイル起動: 秘宝 (r3_l0)
[GameManager] 宝箱: ゴールド+28, 革の胸当て
[GameManager] Phase: MapNavigation → TreasureOpen
[GameManager] Phase: TreasureOpen → MapNavigation
[GameManager] MoveToNode: r4_l0 (phase=MapNavigation)
[GameManager] タイル起動: 罠 (r4_l0)
[GameManager] 翼の恩寵発動: トラップ無効化
[GameManager] Phase: MapNavigation → MapNavigation
[GameManager] MoveToNode: r5_l0 (phase=MapNavigation)
[GameManager] タイル起動: ショップ (r5_l0)
[GameManager] EnterShop called
[GameManager] MapTransitionController.Instance = null
[GameManager] Phase: MapNavigation → ShopVisit
[AutoRunner] ラストスタンド発動 (Floor 4)
[AutoRunner] === RUN 53 終了: R5 (4Fで死亡) — 敗北 cause=Starvation ===

########## RUN 54  [R4 3Fで死亡]  敗北 cause=CombatLoss
# reached F3 HP 0/1 coins 76 combats 11/13 LS=True
[GameManager] Phase: GameOver → Title
[GameManager] Phase: Title → RunStart
[GameManager] === ラン開始 === HP:30
[GameManager] Phase: RunStart → FloorIntro
[GameManager] --- フロア 1 [残光の加護] ---
[GameManager] Phase: FloorIntro → MapNavigation
[GameManager] MoveToNode: r1_l2 (phase=MapNavigation)
[GameManager] タイル起動: 戦闘 (r1_l2)
[GameManager] エンカウント: スライム
[GameManager] Phase: MapNavigation → Combat
[GameManager] Phase: Combat → BattleResult
[GameManager] 戦闘結果: スライム — 勝利 (1T) 残HP:30
[GameManager] Phase: BattleResult → Reward
[GameManager] Phase: Reward → MapNavigation
[GameManager] MoveToNode: r2_l2 (phase=MapNavigation)
[GameManager] タイル起動: 戦闘 (r2_l2)
[GameManager] エンカウント: ゴブリン
[GameManager] Phase: MapNavigation → Combat
[GameManager] Phase: Combat → BattleResult
[GameManager] 戦闘結果: ゴブリン — 勝利 (4T) 残HP:29
[GameManager] Phase: BattleResult → Reward
[GameManager] Phase: Reward → MapNavigation
[GameManager] MoveToNode: r3_l2 (phase=MapNavigation)
[GameManager] タイル起動: ショップ (r3_l2)
[GameManager] EnterShop called
[GameManager] MapTransitionController.Instance = null
[GameManager] Phase: MapNavigation → ShopVisit
[GameManager] Phase: ShopVisit → MapNavigation
[GameManager] MoveToNode: r4_l2 (phase=MapNavigation)
[GameManager] タイル起動: 戦闘 (r4_l2)
[GameManager] エンカウント: ゴブリン
[GameManager] Phase: MapNavigation → Combat
[GameManager] Phase: Combat → BattleResult
[GameManager] 戦闘結果: ゴブリン — 勝利 (3T) 残HP:27
[GameManager] Phase: BattleResult → Reward
[GameManager] Phase: Reward → MapNavigation
[GameManager] MoveToNode: r5_l2 (phase=MapNavigation)
[GameManager] タイル起動: 戦闘 (r5_l2)
[GameManager] エンカウント: ゴブリン
[GameManager] Phase: MapNavigation → Combat
[GameManager] Phase: Combat → BattleResult
[GameManager] 戦闘結果: ゴブリン — 勝利 (3T) 残HP:27
[GameManager] Phase: BattleResult → Reward
[GameManager] Phase: Reward → MapNavigation
[GameManager] MoveToNode: r6_l2 (phase=MapNavigation)
[GameManager] タイル起動: 戦闘 (r6_l2)
[GameManager] エンカウント: ゴブリン
[GameManager] Phase: MapNavigation → Combat
[GameManager] Phase: Combat → BattleResult
[GameManager] 戦闘結果: ゴブリン — 勝利 (2T) 残HP:27
[GameManager] Phase: BattleResult → Reward
[GameManager] Phase: Reward → MapNavigation
[GameManager] MoveToNode: r7_l1 (phase=MapNavigation)
[GameManager] タイル起動: 戦闘 (r7_l1)
[GameManager] エンカウント: スライム
[GameManager] Phase: MapNavigation → Combat
[GameManager] Phase: Combat → BattleResult
[GameManager] 戦闘結果: スライム — 勝利 (2T) 残HP:27
[GameManager] Phase: BattleResult → Reward
[GameManager] Phase: Reward → MapNavigation
[GameManager] MoveToNode: r8_l1 (phase=MapNavigation)
[GameManager] タイル起動: 秘宝 (r8_l1)
[GameManager] 宝箱: ゴールド+3, 灯心の鈴
[GameManager] Phase: MapNavigation → TreasureOpen
[GameManager] Phase: TreasureOpen → MapNavigation
[GameManager] MoveToNode: r9_l1 (phase=MapNavigation)
[GameManager] タイル起動: 休憩 (r9_l1)
[GameManager] Phase: MapNavigation → RestStop
[GameManager] 休憩回復: +9HP (30%) (現在: 30/30)
[GameManager] Phase: RestStop → MapNavigation
[GameManager] MoveToNode: boss (phase=MapNavigation)
[GameManager] タイル起動: ボス (boss)
[GameManager] ボス 'boss_layer1' 未定義 — フロア1のプールから抽選
[GameManager] ボス戦: ゴブリン
[GameManager] Phase: MapNavigation → Combat
[GameManager] Phase: Combat → BattleResult
[GameManager] 戦闘結果: ゴブリン — 勝利 (3T) 残HP:26
[GameManager] Phase: BattleResult → Reward
[GameManager] Phase: Reward → FloorClear
[GameManager] フロア1クリア → 次へ
[GameManager] 層デバフ: MaxHP-5 → 25
[GameManager] Phase: FloorClear → FloorIntro
[GameManager] --- フロア 2 [嘆きの共鳴] ---
[GameManager] Phase: FloorIntro → MapNavigation
[GameManager] MoveToNode: r1_l1 (phase=MapNavigation)
[GameManager] タイル起動: ショップ (r1_l1)
[GameManager] EnterShop called
[GameManager] MapTransitionController.Instance = null
[GameManager] Phase: MapNavigation → ShopVisit
[GameManager] Phase: ShopVisit → MapNavigation
[GameManager] MoveToNode: r2_l2 (phase=MapNavigation)
[GameManager] タイル起動: 戦闘 (r2_l2)
[GameManager] エンカウント: 13番目の死
[GameManager] Phase: MapNavigation → Combat
[GameManager] Phase: Combat → BattleResult
[GameManager] 戦闘結果: 13番目の死 — 勝利 (3T) 残HP:11
[GameManager] Phase: BattleResult → Reward
[GameManager] Phase: Reward → MapNavigation
[GameManager] MoveToNode: r3_l2 (phase=MapNavigation)
[GameManager] タイル起動: 罠 (r3_l2)
[GameManager] Phase: MapNavigation → TrapTriggered
[GameManager] Phase: TrapTriggered → MapNavigation
[GameManager] MoveToNode: r4_l2 (phase=MapNavigation)
[GameManager] タイル起動: 罠 (r4_l2)
[GameManager] Phase: MapNavigation → TrapTriggered
[GameManager] Phase: TrapTriggered → MapNavigation
[GameManager] MoveToNode: r5_l2 (phase=MapNavigation)
[GameManager] タイル起動: 戦闘 (r5_l2)
[GameManager] エンカウント: ダイアウルフ
[GameManager] Phase: MapNavigation → Combat
[GameManager] Phase: Combat → BattleResult
[GameManager] 戦闘結果: ダイアウルフ — 勝利 (8T) 残HP:6
[GameManager] Phase: BattleResult → Reward
[GameManager] Phase: Reward → MapNavigation
[GameManager] MoveToNode: r6_l2 (phase=MapNavigation)
[GameManager] タイル起動: イベント (r6_l2)
[GameManager] Phase: MapNavigation → EventEncounter
[GameManager] Phase: EventEncounter → MapNavigation
[GameManager] MoveToNode: r7_l2 (phase=MapNavigation)
[GameManager] タイル起動: 罠 (r7_l2)
[GameManager] Phase: MapNavigation → TrapTriggered
[GameManager] Phase: TrapTriggered → MapNavigation
[GameManager] MoveToNode: r8_l2 (phase=MapNavigation)
[GameManager] タイル起動: 秘宝 (r8_l2)
[GameManager] 宝箱: ゴールド+6, 安らぎの靴
[GameManager] Phase: MapNavigation → TreasureOpen
[GameManager] Phase: TreasureOpen → MapNavigation
[GameManager] MoveToNode: r9_l2 (phase=MapNavigation)
[GameManager] タイル起動: 休憩 (r9_l2)
[GameManager] Phase: MapNavigation → RestStop
[GameManager] 休憩回復: +8HP (30%) (現在: 15/25)
[GameManager] Phase: RestStop → MapNavigation
[GameManager] MoveToNode: boss (phase=MapNavigation)
[GameManager] タイル起動: ボス (boss)
[GameManager] ボス戦: ゴブリン王
[GameManager] Phase: MapNavigation → Combat
[GameManager] Phase: Combat → BattleResult
[GameManager] 戦闘結果: ゴブリン王 — 勝利 (3T) 残HP:16
[GameManager] Phase: BattleResult → Reward
[GameManager] Phase: Reward → FloorClear
[GameManager] フロア2クリア → 次へ
[GameManager] Phase: FloorClear → FloorIntro
[GameManager] --- フロア 3 [瘴気侵蝕] ---
[GameManager] Phase: FloorIntro → MapNavigation
[GameManager] MoveToNode: r1_l0 (phase=MapNavigation)
[GameManager] タイル起動: 戦闘 (r1_l0)
[GameManager] エンカウント: スライム
[GameManager] Phase: MapNavigation → Combat
[GameManager] Phase: Combat → BattleResult
[GameManager] 戦闘結果: スライム — 勝利 (2T) 残HP:25
[GameManager] 層デバフ: 戦闘後2ダメージ (HP:23)
[GameManager] Phase: BattleResult → Reward
[GameManager] Phase: Reward → MapNavigation
[GameManager] MoveToNode: r2_l1 (phase=MapNavigation)
[GameManager] タイル起動: ショップ (r2_l1)
[GameManager] EnterShop called
[GameManager] MapTransitionController.Instance = null
[GameManager] Phase: MapNavigation → ShopVisit
[GameManager] Phase: ShopVisit → MapNavigation
[GameManager] MoveToNode: r3_l2 (phase=MapNavigation)
[GameManager] タイル起動: 秘宝 (r3_l2)
[GameManager] 宝箱: ゴールド+9, 観察者の眼鏡
[GameManager] Phase: MapNavigation → TreasureOpen
[GameManager] Phase: TreasureOpen → MapNavigation
[GameManager] MoveToNode: r4_l1 (phase=MapNavigation)
[GameManager] タイル起動: 戦闘 (r4_l1)
[GameManager] エンカウント: オーク
[GameManager] Phase: MapNavigation → Combat
[GameManager] Phase: Combat → BattleResult
[GameManager] 戦闘結果: オーク — 敗北 (7T) 残HP:0
[GameManager] 救済発動: マップへ戻る
[GameManager] Phase: BattleResult → MapNavigation
[AutoRunner] ラストスタンド発動 (Floor 3)
[GameManager] MoveToNode: r5_l1 (phase=MapNavigation)
[GameManager] タイル起動: 戦闘 (r5_l1)
[GameManager] エンカウント: ハーピィ
[GameManager] Phase: MapNavigation → Combat
[GameManager] Phase: Combat → BattleResult
[GameManager] 戦闘結果: ハーピィ — 敗北 (1T) 残HP:0
[GameManager] Phase: BattleResult → GameOver
[AutoRunner] === RUN 54 終了: R4 (3Fで死亡) — 敗北 cause=CombatLoss ===

########## RUN 55  [R5 4Fで死亡]  敗北 cause=CombatLoss
# reached F4 HP 0/1 coins 89 combats 13/15 LS=True
[GameManager] Phase: GameOver → Title
[GameManager] Phase: Title → RunStart
[GameManager] === ラン開始 === HP:30
[GameManager] Phase: RunStart → FloorIntro
[GameManager] --- フロア 1 [残光の加護] ---
[GameManager] Phase: FloorIntro → MapNavigation
[GameManager] MoveToNode: r1_l2 (phase=MapNavigation)
[GameManager] タイル起動: ショップ (r1_l2)
[GameManager] EnterShop called
[GameManager] MapTransitionController.Instance = null
[GameManager] Phase: MapNavigation → ShopVisit
[GameManager] Phase: ShopVisit → MapNavigation
[GameManager] MoveToNode: r2_l2 (phase=MapNavigation)
[GameManager] タイル起動: 戦闘 (r2_l2)
[GameManager] エンカウント: スライム
[GameManager] Phase: MapNavigation → Combat
[GameManager] Phase: Combat → BattleResult
[GameManager] 戦闘結果: スライム — 勝利 (3T) 残HP:30
[GameManager] Phase: BattleResult → Reward
[GameManager] Phase: Reward → MapNavigation
[GameManager] MoveToNode: r3_l2 (phase=MapNavigation)
[GameManager] タイル起動: 戦闘 (r3_l2)
[GameManager] エンカウント: ゴブリン
[GameManager] Phase: MapNavigation → Combat
[GameManager] Phase: Combat → BattleResult
[GameManager] 戦闘結果: ゴブリン — 勝利 (2T) 残HP:30
[GameManager] Phase: BattleResult → Reward
[GameManager] Phase: Reward → MapNavigation
[GameManager] MoveToNode: r4_l2 (phase=MapNavigation)
[GameManager] タイル起動: イベント (r4_l2)
[GameManager] Phase: MapNavigation → EventEncounter
[GameManager] Phase: EventEncounter → MapNavigation
[GameManager] MoveToNode: r5_l1 (phase=MapNavigation)
[GameManager] タイル起動: 戦闘 (r5_l1)
[GameManager] エンカウント: スライム
[GameManager] Phase: MapNavigation → Combat
[GameManager] Phase: Combat → BattleResult
[GameManager] 戦闘結果: スライム — 勝利 (2T) 残HP:30
[GameManager] Phase: BattleResult → Reward
[GameManager] Phase: Reward → MapNavigation
[GameManager] MoveToNode: r6_l1 (phase=MapNavigation)
[GameManager] タイル起動: ショップ (r6_l1)
[GameManager] EnterShop called
[GameManager] MapTransitionController.Instance = null
[GameManager] Phase: MapNavigation → ShopVisit
[GameManager] Phase: ShopVisit → MapNavigation
[GameManager] MoveToNode: r7_l1 (phase=MapNavigation)
[GameManager] タイル起動: 罠 (r7_l1)
[GameManager] Phase: MapNavigation → TrapTriggered
[GameManager] Phase: TrapTriggered → MapNavigation
[GameManager] MoveToNode: r8_l1 (phase=MapNavigation)
[GameManager] タイル起動: 秘宝 (r8_l1)
[GameManager] 宝箱: ゴールド+3, 木のダイス
[GameManager] Phase: MapNavigation → TreasureOpen
[GameManager] Phase: TreasureOpen → MapNavigation
[GameManager] MoveToNode: r9_l1 (phase=MapNavigation)
[GameManager] タイル起動: 休憩 (r9_l1)
[GameManager] Phase: MapNavigation → RestStop
[GameManager] 休憩回復: +9HP (30%) (現在: 30/30)
[GameManager] Phase: RestStop → MapNavigation
[GameManager] MoveToNode: boss (phase=MapNavigation)
[GameManager] タイル起動: ボス (boss)
[GameManager] ボス 'boss_layer1' 未定義 — フロア1のプールから抽選
[GameManager] ボス戦: スライム
[GameManager] Phase: MapNavigation → Combat
[GameManager] Phase: Combat → BattleResult
[GameManager] 戦闘結果: スライム — 勝利 (3T) 残HP:30
[GameManager] Phase: BattleResult → Reward
[GameManager] Phase: Reward → FloorClear
[GameManager] フロア1クリア → 次へ
[GameManager] 層デバフ: MaxHP-5 → 25
[GameManager] Phase: FloorClear → FloorIntro
[GameManager] --- フロア 2 [嘆きの共鳴] ---
[GameManager] Phase: FloorIntro → MapNavigation
[GameManager] MoveToNode: r1_l2 (phase=MapNavigation)
[GameManager] タイル起動: 戦闘 (r1_l2)
[GameManager] エンカウント: ダイアウルフ
[GameManager] Phase: MapNavigation → Combat
[GameManager] Phase: Combat → BattleResult
[GameManager] 戦闘結果: ダイアウルフ — 勝利 (3T) 残HP:19
[GameManager] Phase: BattleResult → Reward
[GameManager] Phase: Reward → MapNavigation
[GameManager] MoveToNode: r2_l1 (phase=MapNavigation)
[GameManager] タイル起動: 戦闘 (r2_l1)
[GameManager] エンカウント: 13番目の死
[GameManager] Phase: MapNavigation → Combat
[GameManager] Phase: Combat → BattleResult
[GameManager] 戦闘結果: 13番目の死 — 勝利 (4T) 残HP:19
[GameManager] Phase: BattleResult → Reward
[GameManager] Phase: Reward → MapNavigation
[GameManager] MoveToNode: r3_l1 (phase=MapNavigation)
[GameManager] タイル起動: 秘宝 (r3_l1)
[GameManager] 宝箱: ゴールド+4, 木のダイス
[GameManager] Phase: MapNavigation → TreasureOpen
[GameManager] Phase: TreasureOpen → MapNavigation
[GameManager] MoveToNode: r4_l2 (phase=MapNavigation)
[GameManager] タイル起動: ショップ (r4_l2)
[GameManager] EnterShop called
[GameManager] MapTransitionController.Instance = null
[GameManager] Phase: MapNavigation → ShopVisit
[GameManager] Phase: ShopVisit → MapNavigation
[GameManager] MoveToNode: r5_l1 (phase=MapNavigation)
[GameManager] タイル起動: 罠 (r5_l1)
[GameManager] Phase: MapNavigation → TrapTriggered
[GameManager] Phase: TrapTriggered → MapNavigation
[GameManager] MoveToNode: r6_l1 (phase=MapNavigation)
[GameManager] タイル起動: 戦闘 (r6_l1)
[GameManager] エンカウント: ダイアウルフ
[GameManager] Phase: MapNavigation → Combat
[GameManager] Phase: Combat → BattleResult
[GameManager] 戦闘結果: ダイアウルフ — 勝利 (10T) 残HP:7
[GameManager] Phase: BattleResult → Reward
[GameManager] Phase: Reward → MapNavigation
[GameManager] MoveToNode: r7_l1 (phase=MapNavigation)
[GameManager] タイル起動: イベント (r7_l1)
[GameManager] Phase: MapNavigation → EventEncounter
[GameManager] Phase: EventEncounter → MapNavigation
[GameManager] MoveToNode: r8_l1 (phase=MapNavigation)
[GameManager] タイル起動: 秘宝 (r8_l1)
[GameManager] 宝箱: ゴールド+10, 黄昏の懐中時計
[GameManager] Phase: MapNavigation → TreasureOpen
[GameManager] Phase: TreasureOpen → MapNavigation
[GameManager] MoveToNode: r9_l1 (phase=MapNavigation)
[GameManager] タイル起動: 休憩 (r9_l1)
[GameManager] Phase: MapNavigation → RestStop
[GameManager] 休憩回復: +8HP (30%) (現在: 8/25)
[GameManager] Phase: RestStop → MapNavigation
[GameManager] MoveToNode: boss (phase=MapNavigation)
[GameManager] タイル起動: ボス (boss)
[GameManager] ボス戦: ゴブリン王
[GameManager] Phase: MapNavigation → Combat
[GameManager] Phase: Combat → BattleResult
[GameManager] 戦闘結果: ゴブリン王 — 勝利 (9T) 残HP:2
[GameManager] Phase: BattleResult → Reward
[GameManager] Phase: Reward → FloorClear
[GameManager] フロア2クリア → 次へ
[GameManager] Phase: FloorClear → FloorIntro
[GameManager] --- フロア 3 [瘴気侵蝕] ---
[GameManager] Phase: FloorIntro → MapNavigation
[GameManager] MoveToNode: r1_l1 (phase=MapNavigation)
[GameManager] タイル起動: 秘宝 (r1_l1)
[GameManager] 宝箱: ゴールド+18, 力帯
[GameManager] Phase: MapNavigation → TreasureOpen
[GameManager] Phase: TreasureOpen → MapNavigation
[GameManager] MoveToNode: r2_l2 (phase=MapNavigation)
[GameManager] タイル起動: 戦闘 (r2_l2)
[GameManager] エンカウント: オーク
[GameManager] Phase: MapNavigation → Combat
[GameManager] Phase: Combat → BattleResult
[GameManager] 戦闘結果: オーク — 勝利 (3T) 残HP:8
[GameManager] 層デバフ: 戦闘後2ダメージ (HP:6)
[GameManager] Phase: BattleResult → Reward
[GameManager] Phase: Reward → MapNavigation
[GameManager] MoveToNode: r3_l2 (phase=MapNavigation)
[GameManager] タイル起動: 戦闘 (r3_l2)
[GameManager] エンカウント: スライム
[GameManager] Phase: MapNavigation → Combat
[GameManager] Phase: Combat → BattleResult
[GameManager] 戦闘結果: スライム — 勝利 (1T) 残HP:6
[GameManager] 層デバフ: 戦闘後2ダメージ (HP:4)
[GameManager] Phase: BattleResult → Reward
[GameManager] Phase: Reward → MapNavigation
[GameManager] MoveToNode: r4_l2 (phase=MapNavigation)
[GameManager] タイル起動: 罠 (r4_l2)
[GameManager] Phase: MapNavigation → TrapTriggered
[GameManager] Phase: TrapTriggered → MapNavigation
[GameManager] MoveToNode: r5_l2 (phase=MapNavigation)
[GameManager] タイル起動: 戦闘 (r5_l2)
[GameManager] エンカウント: ハーピィ
[GameManager] Phase: MapNavigation → Combat
[GameManager] Phase: Combat → BattleResult
[GameManager] 戦闘結果: ハーピィ — 勝利 (6T) 残HP:3
[GameManager] 層デバフ: 戦闘後2ダメージ (HP:1)
[GameManager] Phase: BattleResult → Reward
[GameManager] Phase: Reward → MapNavigation
[GameManager] MoveToNode: r6_l2 (phase=MapNavigation)
[GameManager] タイル起動: 戦闘 (r6_l2)
[GameManager] エンカウント: 凍れる吟遊詩人
[GameManager] Phase: MapNavigation → Combat
[GameManager] Phase: Combat → BattleResult
[GameManager] 戦闘結果: 凍れる吟遊詩人 — 勝利 (6T) 残HP:1
[GameManager] 層デバフ: 戦闘後2ダメージ (HP:1)
[GameManager] Phase: BattleResult → Reward
[GameManager] Phase: Reward → MapNavigation
[GameManager] MoveToNode: r7_l2 (phase=MapNavigation)
[GameManager] タイル起動: 戦闘 (r7_l2)
[GameManager] エンカウント: オーク
[GameManager] Phase: MapNavigation → Combat
[GameManager] Phase: Combat → BattleResult
[GameManager] 戦闘結果: オーク — 敗北 (3T) 残HP:0
[GameManager] 救済発動: マップへ戻る
[GameManager] Phase: BattleResult → MapNavigation
[AutoRunner] ラストスタンド発動 (Floor 3)
[GameManager] MoveToNode: r8_l2 (phase=MapNavigation)
[GameManager] タイル起動: 秘宝 (r8_l2)
[GameManager] 宝箱: ゴールド+0, 投げ短剣の鞘
[GameManager] Phase: MapNavigation → TreasureOpen
[GameManager] Phase: TreasureOpen → MapNavigation
[GameManager] MoveToNode: r9_l2 (phase=MapNavigation)
[GameManager] タイル起動: 休憩 (r9_l2)
[GameManager] Phase: MapNavigation → RestStop
[GameManager] 休憩回復: +1HP (50%) (現在: 1/1)
[GameManager] Phase: RestStop → MapNavigation
[GameManager] MoveToNode: boss (phase=MapNavigation)
[GameManager] タイル起動: ボス (boss)
[GameManager] ボス戦: 凍れる吟遊詩人
[GameManager] Phase: MapNavigation → Combat
[GameManager] Phase: Combat → BattleResult
[GameManager] 戦闘結果: 凍れる吟遊詩人 — 勝利 (5T) 残HP:1
[GameManager] 層デバフ: 戦闘後2ダメージ (HP:1)
[GameManager] Phase: BattleResult → Reward
[GameManager] Phase: Reward → FloorClear
[GameManager] フロア3クリア → 次へ
[GameManager] Phase: FloorClear → FloorIntro
[GameManager] --- フロア 4 [煉獄の刻印] ---
[GameManager] Phase: FloorIntro → MapNavigation
[GameManager] MoveToNode: r1_l0 (phase=MapNavigation)
[GameManager] タイル起動: ショップ (r1_l0)
[GameManager] EnterShop called
[GameManager] MapTransitionController.Instance = null
[GameManager] Phase: MapNavigation → ShopVisit
[GameManager] Phase: ShopVisit → MapNavigation
[GameManager] MoveToNode: r2_l0 (phase=MapNavigation)
[GameManager] タイル起動: イベント (r2_l0)
[GameManager] Phase: MapNavigation → EventEncounter
[GameManager] Phase: EventEncounter → MapNavigation
[GameManager] MoveToNode: r3_l0 (phase=MapNavigation)
[GameManager] タイル起動: 秘宝 (r3_l0)
[GameManager] 宝箱: ゴールド+0, 小回復ポーション
[GameManager] Phase: MapNavigation → TreasureOpen
[GameManager] Phase: TreasureOpen → MapNavigation
[GameManager] MoveToNode: r4_l0 (phase=MapNavigation)
[GameManager] タイル起動: イベント (r4_l0)
[GameManager] Phase: MapNavigation → EventEncounter
[GameManager] イベント戦闘: ダイアウルフ (elite=True)
[GameManager] Phase: EventEncounter → Combat
[GameManager] Phase: Combat → BattleResult
[GameManager] 戦闘結果: ダイアウルフ — 敗北 (3T) 残HP:0
[GameManager] Phase: BattleResult → GameOver
[AutoRunner] === RUN 55 終了: R5 (4Fで死亡) — 敗北 cause=CombatLoss ===

########## RUN 56  [R5 4Fで死亡]  敗北 cause=Starvation
# reached F4 HP 0/1 coins 62 combats 15/16 LS=True
[GameManager] Phase: GameOver → Title
[GameManager] Phase: Title → RunStart
[GameManager] === ラン開始 === HP:30
[GameManager] Phase: RunStart → FloorIntro
[GameManager] --- フロア 1 [残光の加護] ---
[GameManager] Phase: FloorIntro → MapNavigation
[GameManager] MoveToNode: r1_l0 (phase=MapNavigation)
[GameManager] タイル起動: イベント (r1_l0)
[GameManager] Phase: MapNavigation → EventEncounter
[GameManager] Phase: EventEncounter → MapNavigation
[GameManager] MoveToNode: r2_l0 (phase=MapNavigation)
[GameManager] タイル起動: ショップ (r2_l0)
[GameManager] EnterShop called
[GameManager] MapTransitionController.Instance = null
[GameManager] Phase: MapNavigation → ShopVisit
[GameManager] Phase: ShopVisit → MapNavigation
[GameManager] MoveToNode: r3_l0 (phase=MapNavigation)
[GameManager] タイル起動: 秘宝 (r3_l0)
[GameManager] 宝箱: ゴールド+5, 革の胸当て
[GameManager] Phase: MapNavigation → TreasureOpen
[GameManager] Phase: TreasureOpen → MapNavigation
[GameManager] MoveToNode: r4_l0 (phase=MapNavigation)
[GameManager] タイル起動: イベント (r4_l0)
[GameManager] Phase: MapNavigation → EventEncounter
[GameManager] Phase: EventEncounter → MapNavigation
[GameManager] MoveToNode: r5_l0 (phase=MapNavigation)
[GameManager] タイル起動: 戦闘 (r5_l0)
[GameManager] エンカウント: スライム
[GameManager] Phase: MapNavigation → Combat
[GameManager] Phase: Combat → BattleResult
[GameManager] 戦闘結果: スライム — 勝利 (2T) 残HP:30
[GameManager] Phase: BattleResult → Reward
[GameManager] Phase: Reward → MapNavigation
[GameManager] MoveToNode: r6_l0 (phase=MapNavigation)
[GameManager] タイル起動: 戦闘 (r6_l0)
[GameManager] エンカウント: ゴブリン
[GameManager] Phase: MapNavigation → Combat
[GameManager] Phase: Combat → BattleResult
[GameManager] 戦闘結果: ゴブリン — 勝利 (3T) 残HP:30
[GameManager] Phase: BattleResult → Reward
[GameManager] Phase: Reward → MapNavigation
[GameManager] MoveToNode: r7_l1 (phase=MapNavigation)
[GameManager] タイル起動: ショップ (r7_l1)
[GameManager] EnterShop called
[GameManager] MapTransitionController.Instance = null
[GameManager] Phase: MapNavigation → ShopVisit
[GameManager] Phase: ShopVisit → MapNavigation
[GameManager] MoveToNode: r8_l1 (phase=MapNavigation)
[GameManager] タイル起動: 秘宝 (r8_l1)
[GameManager] 宝箱: ゴールド+6, 投げ短剣の鞘
[GameManager] Phase: MapNavigation → TreasureOpen
[GameManager] Phase: TreasureOpen → MapNavigation
[GameManager] MoveToNode: r9_l1 (phase=MapNavigation)
[GameManager] タイル起動: 休憩 (r9_l1)
[GameManager] Phase: MapNavigation → RestStop
[GameManager] 休憩回復: +9HP (30%) (現在: 30/30)
[GameManager] Phase: RestStop → MapNavigation
[GameManager] MoveToNode: boss (phase=MapNavigation)
[GameManager] タイル起動: ボス (boss)
[GameManager] ボス 'boss_layer1' 未定義 — フロア1のプールから抽選
[GameManager] ボス戦: ゴブリン
[GameManager] Phase: MapNavigation → Combat
[GameManager] Phase: Combat → BattleResult
[GameManager] 戦闘結果: ゴブリン — 勝利 (2T) 残HP:30
[GameManager] Phase: BattleResult → Reward
[GameManager] Phase: Reward → FloorClear
[GameManager] フロア1クリア → 次へ
[GameManager] 層デバフ: MaxHP-5 → 25
[GameManager] Phase: FloorClear → FloorIntro
[GameManager] --- フロア 2 [嘆きの共鳴] ---
[GameManager] Phase: FloorIntro → MapNavigation
[GameManager] MoveToNode: r1_l1 (phase=MapNavigation)
[GameManager] タイル起動: 戦闘 (r1_l1)
[GameManager] エンカウント: ゴブリン王
[GameManager] Phase: MapNavigation → Combat
[GameManager] Phase: Combat → BattleResult
[GameManager] 戦闘結果: ゴブリン王 — 勝利 (4T) 残HP:25
[GameManager] Phase: BattleResult → Reward
[GameManager] Phase: Reward → MapNavigation
[GameManager] MoveToNode: r2_l1 (phase=MapNavigation)
[GameManager] タイル起動: 戦闘 (r2_l1)
[GameManager] エンカウント: スケルトン
[GameManager] Phase: MapNavigation → Combat
[GameManager] Phase: Combat → BattleResult
[GameManager] 戦闘結果: スケルトン — 勝利 (4T) 残HP:25
[GameManager] Phase: BattleResult → Reward
[GameManager] Phase: Reward → MapNavigation
[GameManager] MoveToNode: r3_l1 (phase=MapNavigation)
[GameManager] タイル起動: 休憩 (r3_l1)
[GameManager] Phase: MapNavigation → RestStop
[GameManager] 休憩回復: +8HP (30%) (現在: 25/25)
[GameManager] Phase: RestStop → MapNavigation
[GameManager] MoveToNode: r4_l1 (phase=MapNavigation)
[GameManager] タイル起動: ショップ (r4_l1)
[GameManager] EnterShop called
[GameManager] MapTransitionController.Instance = null
[GameManager] Phase: MapNavigation → ShopVisit
[GameManager] Phase: ShopVisit → MapNavigation
[GameManager] MoveToNode: r5_l1 (phase=MapNavigation)
[GameManager] タイル起動: 戦闘 (r5_l1)
[GameManager] エンカウント: ゴブリン
[GameManager] Phase: MapNavigation → Combat
[GameManager] Phase: Combat → BattleResult
[GameManager] 戦闘結果: ゴブリン — 勝利 (1T) 残HP:25
[GameManager] Phase: BattleResult → Reward
[GameManager] Phase: Reward → MapNavigation
[GameManager] MoveToNode: r6_l1 (phase=MapNavigation)
[GameManager] タイル起動: 罠 (r6_l1)
[GameManager] Phase: MapNavigation → TrapTriggered
[GameManager] Phase: TrapTriggered → MapNavigation
[GameManager] MoveToNode: r7_l1 (phase=MapNavigation)
[GameManager] タイル起動: 戦闘 (r7_l1)
[GameManager] エンカウント: スケルトン
[GameManager] Phase: MapNavigation → Combat
[GameManager] Phase: Combat → BattleResult
[GameManager] 戦闘結果: スケルトン — 勝利 (1T) 残HP:25
[GameManager] Phase: BattleResult → Reward
[GameManager] Phase: Reward → MapNavigation
[GameManager] MoveToNode: r8_l1 (phase=MapNavigation)
[GameManager] タイル起動: 秘宝 (r8_l1)
[GameManager] 宝箱: ゴールド+10, 安らぎの靴
[GameManager] Phase: MapNavigation → TreasureOpen
[GameManager] Phase: TreasureOpen → MapNavigation
[GameManager] MoveToNode: r9_l1 (phase=MapNavigation)
[GameManager] タイル起動: 休憩 (r9_l1)
[GameManager] Phase: MapNavigation → RestStop
[GameManager] 休憩回復: +8HP (30%) (現在: 25/25)
[GameManager] Phase: RestStop → MapNavigation
[GameManager] MoveToNode: boss (phase=MapNavigation)
[GameManager] タイル起動: ボス (boss)
[GameManager] ボス戦: ゴブリン王
[GameManager] Phase: MapNavigation → Combat
[GameManager] Phase: Combat → BattleResult
[GameManager] 戦闘結果: ゴブリン王 — 勝利 (3T) 残HP:25
[GameManager] Phase: BattleResult → Reward
[GameManager] Phase: Reward → FloorClear
[GameManager] フロア2クリア → 次へ
[GameManager] Phase: FloorClear → FloorIntro
[GameManager] --- フロア 3 [瘴気侵蝕] ---
[GameManager] Phase: FloorIntro → MapNavigation
[GameManager] MoveToNode: r1_l1 (phase=MapNavigation)
[GameManager] タイル起動: 戦闘 (r1_l1)
[GameManager] エンカウント: ハーピィ
[GameManager] Phase: MapNavigation → Combat
[GameManager] Phase: Combat → BattleResult
[GameManager] 戦闘結果: ハーピィ — 勝利 (7T) 残HP:16
[GameManager] 層デバフ: 戦闘後2ダメージ (HP:14)
[GameManager] Phase: BattleResult → Reward
[GameManager] Phase: Reward → MapNavigation
[GameManager] MoveToNode: r2_l2 (phase=MapNavigation)
[GameManager] タイル起動: 戦闘 (r2_l2)
[GameManager] エンカウント: ダイアウルフ
[GameManager] Phase: MapNavigation → Combat
[GameManager] Phase: Combat → BattleResult
[GameManager] 戦闘結果: ダイアウルフ — 勝利 (2T) 残HP:15
[GameManager] 層デバフ: 戦闘後2ダメージ (HP:13)
[GameManager] Phase: BattleResult → Reward
[GameManager] Phase: Reward → MapNavigation
[GameManager] MoveToNode: r3_l2 (phase=MapNavigation)
[GameManager] タイル起動: 戦闘 (r3_l2)
[GameManager] エンカウント: ハーピィ
[GameManager] Phase: MapNavigation → Combat
[GameManager] Phase: Combat → BattleResult
[GameManager] 戦闘結果: ハーピィ — 勝利 (9T) 残HP:5
[GameManager] 層デバフ: 戦闘後2ダメージ (HP:3)
[GameManager] Phase: BattleResult → Reward
[GameManager] Phase: Reward → MapNavigation
[GameManager] MoveToNode: r4_l2 (phase=MapNavigation)
[GameManager] タイル起動: イベント (r4_l2)
[GameManager] Phase: MapNavigation → EventEncounter
[GameManager] Phase: EventEncounter → MapNavigation
[GameManager] MoveToNode: r5_l2 (phase=MapNavigation)
[GameManager] タイル起動: ショップ (r5_l2)
[GameManager] EnterShop called
[GameManager] MapTransitionController.Instance = null
[GameManager] Phase: MapNavigation → ShopVisit
[GameManager] Phase: ShopVisit → MapNavigation
[GameManager] MoveToNode: r6_l1 (phase=MapNavigation)
[GameManager] タイル起動: イベント (r6_l1)
[GameManager] Phase: MapNavigation → EventEncounter
[GameManager] Phase: EventEncounter → MapNavigation
[GameManager] MoveToNode: r7_l0 (phase=MapNavigation)
[GameManager] タイル起動: イベント (r7_l0)
[GameManager] Phase: MapNavigation → EventEncounter
[GameManager] Phase: EventEncounter → MapNavigation
[GameManager] MoveToNode: r8_l0 (phase=MapNavigation)
[GameManager] タイル起動: 秘宝 (r8_l0)
[GameManager] 宝箱: ゴールド+12, 骨のダイス
[GameManager] Phase: MapNavigation → TreasureOpen
[GameManager] Phase: TreasureOpen → MapNavigation
[GameManager] MoveToNode: r9_l0 (phase=MapNavigation)
[GameManager] タイル起動: 休憩 (r9_l0)
[GameManager] Phase: MapNavigation → RestStop
[GameManager] 休憩回復: +13HP (50%) (現在: 17/25)
[GameManager] Phase: RestStop → MapNavigation
[GameManager] MoveToNode: boss (phase=MapNavigation)
[GameManager] タイル起動: ボス (boss)
[GameManager] ボス戦: 凍れる吟遊詩人
[GameManager] Phase: MapNavigation → Combat
[GameManager] Phase: Combat → BattleResult
[GameManager] 戦闘結果: 凍れる吟遊詩人 — 勝利 (3T) 残HP:18
[GameManager] 層デバフ: 戦闘後2ダメージ (HP:16)
[GameManager] Phase: BattleResult → Reward
[GameManager] Phase: Reward → FloorClear
[GameManager] フロア3クリア → 次へ
[GameManager] Phase: FloorClear → FloorIntro
[GameManager] --- フロア 4 [煉獄の刻印] ---
[GameManager] Phase: FloorIntro → MapNavigation
[GameManager] MoveToNode: r1_l1 (phase=MapNavigation)
[GameManager] タイル起動: イベント (r1_l1)
[GameManager] Phase: MapNavigation → EventEncounter
[GameManager] Phase: EventEncounter → MapNavigation
[GameManager] MoveToNode: r2_l2 (phase=MapNavigation)
[GameManager] タイル起動: 戦闘 (r2_l2)
[GameManager] エンカウント: ハーピィ
[GameManager] Phase: MapNavigation → Combat
[GameManager] Phase: Combat → BattleResult
[GameManager] 戦闘結果: ハーピィ — 勝利 (3T) 残HP:25
[GameManager] Phase: BattleResult → Reward
[GameManager] Phase: Reward → MapNavigation
[GameManager] MoveToNode: r3_l1 (phase=MapNavigation)
[GameManager] タイル起動: 激戦 (r3_l1)
[GameManager] エンカウント: 鏡の双子
[GameManager] Phase: MapNavigation → Combat
[GameManager] Phase: Combat → BattleResult
[GameManager] 戦闘結果: 鏡の双子 — 勝利 (6T) 残HP:1
[GameManager] 激戦2戦目: スケルトン
[GameManager] Phase: BattleResult → Combat
[GameManager] Phase: Combat → BattleResult
[GameManager] 戦闘結果: スケルトン — 勝利 (2T) 残HP:1
[GameManager] Phase: BattleResult → Reward
[GameManager] Phase: Reward → MapNavigation
[GameManager] MoveToNode: r4_l1 (phase=MapNavigation)
[GameManager] タイル起動: イベント (r4_l1)
[GameManager] Phase: MapNavigation → EventEncounter
[GameManager] Phase: EventEncounter → MapNavigation
[GameManager] MoveToNode: r5_l2 (phase=MapNavigation)
[GameManager] タイル起動: 戦闘 (r5_l2)
[GameManager] エンカウント: 鏡の双子
[GameManager] Phase: MapNavigation → Combat
[GameManager] Phase: Combat → BattleResult
[GameManager] 戦闘結果: 鏡の双子 — 敗北 (4T) 残HP:0
[GameManager] 救済発動: マップへ戻る
[GameManager] Phase: BattleResult → MapNavigation
[AutoRunner] ラストスタンド発動 (Floor 4)
[GameManager] MoveToNode: r6_l2 (phase=MapNavigation)
[GameManager] タイル起動: 休憩 (r6_l2)
[GameManager] Phase: MapNavigation → RestStop
[GameManager] 休憩回復: +1HP (30%) (現在: 1/1)
[GameManager] Phase: RestStop → MapNavigation
[AutoRunner] === RUN 56 終了: R5 (4Fで死亡) — 敗北 cause=Starvation ===

########## RUN 57  [DEADLOCK デッドロック]  移動先なし(MapNavigation)
# reached F4 HP 1/1 coins 119 combats 16/17 LS=True
[GameManager] Phase: GameOver → Title
[GameManager] Phase: Title → RunStart
[GameManager] === ラン開始 === HP:30
[GameManager] Phase: RunStart → FloorIntro
[GameManager] --- フロア 1 [残光の加護] ---
[GameManager] Phase: FloorIntro → MapNavigation
[GameManager] MoveToNode: r1_l0 (phase=MapNavigation)
[GameManager] タイル起動: 戦闘 (r1_l0)
[GameManager] エンカウント: スライム
[GameManager] Phase: MapNavigation → Combat
[GameManager] Phase: Combat → BattleResult
[GameManager] 戦闘結果: スライム — 勝利 (2T) 残HP:30
[GameManager] Phase: BattleResult → Reward
[GameManager] Phase: Reward → MapNavigation
[GameManager] MoveToNode: r2_l0 (phase=MapNavigation)
[GameManager] タイル起動: イベント (r2_l0)
[GameManager] Phase: MapNavigation → EventEncounter
[GameManager] Phase: EventEncounter → MapNavigation
[GameManager] MoveToNode: r3_l0 (phase=MapNavigation)
[GameManager] タイル起動: 罠 (r3_l0)
[GameManager] Phase: MapNavigation → TrapTriggered
[GameManager] Phase: TrapTriggered → MapNavigation
[GameManager] MoveToNode: r4_l0 (phase=MapNavigation)
[GameManager] タイル起動: 罠 (r4_l0)
[GameManager] Phase: MapNavigation → TrapTriggered
[GameManager] Phase: TrapTriggered → MapNavigation
[GameManager] MoveToNode: r5_l0 (phase=MapNavigation)
[GameManager] タイル起動: 激戦 (r5_l0)
[GameManager] エンカウント: スライム
[GameManager] Phase: MapNavigation → Combat
[GameManager] Phase: Combat → BattleResult
[GameManager] 戦闘結果: スライム — 勝利 (2T) 残HP:30
[GameManager] 激戦2戦目: ゴブリン
[GameManager] Phase: BattleResult → Combat
[GameManager] Phase: Combat → BattleResult
[GameManager] 戦闘結果: ゴブリン — 勝利 (3T) 残HP:30
[GameManager] Phase: BattleResult → Reward
[GameManager] Phase: Reward → MapNavigation
[GameManager] MoveToNode: r6_l0 (phase=MapNavigation)
[GameManager] タイル起動: 激戦 (r6_l0)
[GameManager] エンカウント: ゴブリン
[GameManager] Phase: MapNavigation → Combat
[GameManager] Phase: Combat → BattleResult
[GameManager] 戦闘結果: ゴブリン — 勝利 (4T) 残HP:30
[GameManager] 激戦2戦目: スライム
[GameManager] Phase: BattleResult → Combat
[GameManager] Phase: Combat → BattleResult
[GameManager] 戦闘結果: スライム — 勝利 (3T) 残HP:30
[GameManager] Phase: BattleResult → Reward
[GameManager] Phase: Reward → MapNavigation
[GameManager] MoveToNode: r7_l1 (phase=MapNavigation)
[GameManager] タイル起動: ショップ (r7_l1)
[GameManager] EnterShop called
[GameManager] MapTransitionController.Instance = null
[GameManager] Phase: MapNavigation → ShopVisit
[GameManager] Phase: ShopVisit → MapNavigation
[GameManager] MoveToNode: r8_l1 (phase=MapNavigation)
[GameManager] タイル起動: 秘宝 (r8_l1)
[GameManager] 宝箱: ゴールド+7, 骨のダイス
[GameManager] Phase: MapNavigation → TreasureOpen
[GameManager] Phase: TreasureOpen → MapNavigation
[GameManager] MoveToNode: r9_l1 (phase=MapNavigation)
[GameManager] タイル起動: 休憩 (r9_l1)
[GameManager] Phase: MapNavigation → RestStop
[GameManager] 休憩回復: +9HP (30%) (現在: 30/30)
[GameManager] Phase: RestStop → MapNavigation
[GameManager] MoveToNode: boss (phase=MapNavigation)
[GameManager] タイル起動: ボス (boss)
[GameManager] ボス 'boss_layer1' 未定義 — フロア1のプールから抽選
[GameManager] ボス戦: ゴブリン
[GameManager] Phase: MapNavigation → Combat
[GameManager] Phase: Combat → BattleResult
[GameManager] 戦闘結果: ゴブリン — 勝利 (3T) 残HP:30
[GameManager] Phase: BattleResult → Reward
[GameManager] Phase: Reward → FloorClear
[GameManager] フロア1クリア → 次へ
[GameManager] 層デバフ: MaxHP-5 → 25
[GameManager] Phase: FloorClear → FloorIntro
[GameManager] --- フロア 2 [嘆きの共鳴] ---
[GameManager] Phase: FloorIntro → MapNavigation
[GameManager] MoveToNode: r1_l1 (phase=MapNavigation)
[GameManager] タイル起動: 戦闘 (r1_l1)
[GameManager] エンカウント: ゴブリン王
[GameManager] Phase: MapNavigation → Combat
[GameManager] Phase: Combat → BattleResult
[GameManager] 戦闘結果: ゴブリン王 — 勝利 (7T) 残HP:18
[GameManager] Phase: BattleResult → Reward
[GameManager] Phase: Reward → MapNavigation
[GameManager] MoveToNode: r2_l1 (phase=MapNavigation)
[GameManager] タイル起動: 戦闘 (r2_l1)
[GameManager] エンカウント: スケルトン
[GameManager] Phase: MapNavigation → Combat
[GameManager] Phase: Combat → BattleResult
[GameManager] 戦闘結果: スケルトン — 勝利 (5T) 残HP:16
[GameManager] Phase: BattleResult → Reward
[GameManager] Phase: Reward → MapNavigation
[GameManager] MoveToNode: r3_l1 (phase=MapNavigation)
[GameManager] タイル起動: イベント (r3_l1)
[GameManager] Phase: MapNavigation → EventEncounter
[GameManager] Phase: EventEncounter → MapNavigation
[GameManager] MoveToNode: r4_l1 (phase=MapNavigation)
[GameManager] タイル起動: 戦闘 (r4_l1)
[GameManager] エンカウント: ダイアウルフ
[GameManager] Phase: MapNavigation → Combat
[GameManager] Phase: Combat → BattleResult
[GameManager] 戦闘結果: ダイアウルフ — 勝利 (2T) 残HP:16
[GameManager] Phase: BattleResult → Reward
[GameManager] Phase: Reward → MapNavigation
[GameManager] MoveToNode: r5_l0 (phase=MapNavigation)
[GameManager] タイル起動: ショップ (r5_l0)
[GameManager] EnterShop called
[GameManager] MapTransitionController.Instance = null
[GameManager] Phase: MapNavigation → ShopVisit
[GameManager] Phase: ShopVisit → MapNavigation
[GameManager] MoveToNode: r6_l0 (phase=MapNavigation)
[GameManager] タイル起動: ショップ (r6_l0)
[GameManager] EnterShop called
[GameManager] MapTransitionController.Instance = null
[GameManager] Phase: MapNavigation → ShopVisit
[GameManager] Phase: ShopVisit → MapNavigation
[GameManager] MoveToNode: r7_l0 (phase=MapNavigation)
[GameManager] タイル起動: イベント (r7_l0)
[GameManager] Phase: MapNavigation → EventEncounter
[GameManager] Phase: EventEncounter → MapNavigation
[GameManager] MoveToNode: r8_l0 (phase=MapNavigation)
[GameManager] タイル起動: 秘宝 (r8_l0)
[GameManager] 宝箱: ゴールド+8, 灯心の鈴
[GameManager] Phase: MapNavigation → TreasureOpen
[GameManager] Phase: TreasureOpen → MapNavigation
[GameManager] MoveToNode: r9_l0 (phase=MapNavigation)
[GameManager] タイル起動: 休憩 (r9_l0)
[GameManager] Phase: MapNavigation → RestStop
[GameManager] 休憩回復: +8HP (30%) (現在: 24/25)
[GameManager] Phase: RestStop → MapNavigation
[GameManager] MoveToNode: boss (phase=MapNavigation)
[GameManager] タイル起動: ボス (boss)
[GameManager] ボス戦: ゴブリン王
[GameManager] Phase: MapNavigation → Combat
[GameManager] Phase: Combat → BattleResult
[GameManager] 戦闘結果: ゴブリン王 — 勝利 (4T) 残HP:24
[GameManager] Phase: BattleResult → Reward
[GameManager] Phase: Reward → FloorClear
[GameManager] フロア2クリア → 次へ
[GameManager] Phase: FloorClear → FloorIntro
[GameManager] --- フロア 3 [瘴気侵蝕] ---
[GameManager] Phase: FloorIntro → MapNavigation
[GameManager] MoveToNode: r1_l0 (phase=MapNavigation)
[GameManager] タイル起動: ショップ (r1_l0)
[GameManager] EnterShop called
[GameManager] MapTransitionController.Instance = null
[GameManager] Phase: MapNavigation → ShopVisit
[GameManager] Phase: ShopVisit → MapNavigation
[GameManager] MoveToNode: r2_l0 (phase=MapNavigation)
[GameManager] タイル起動: イベント (r2_l0)
[GameManager] Phase: MapNavigation → EventEncounter
[GameManager] Phase: EventEncounter → MapNavigation
[GameManager] MoveToNode: r3_l0 (phase=MapNavigation)
[GameManager] タイル起動: イベント (r3_l0)
[GameManager] Phase: MapNavigation → EventEncounter
[GameManager] Phase: EventEncounter → MapNavigation
[GameManager] MoveToNode: r4_l1 (phase=MapNavigation)
[GameManager] タイル起動: 秘宝 (r4_l1)
[GameManager] 宝箱: ゴールド+21, 木のダイス
[GameManager] Phase: MapNavigation → TreasureOpen
[GameManager] Phase: TreasureOpen → MapNavigation
[GameManager] MoveToNode: r5_l1 (phase=MapNavigation)
[GameManager] タイル起動: 戦闘 (r5_l1)
[GameManager] エンカウント: ダイアウルフ
[GameManager] Phase: MapNavigation → Combat
[GameManager] Phase: Combat → BattleResult
[GameManager] 戦闘結果: ダイアウルフ — 勝利 (4T) 残HP:25
[GameManager] 層デバフ: 戦闘後2ダメージ (HP:23)
[GameManager] Phase: BattleResult → Reward
[GameManager] Phase: Reward → MapNavigation
[GameManager] MoveToNode: r6_l1 (phase=MapNavigation)
[GameManager] タイル起動: ショップ (r6_l1)
[GameManager] EnterShop called
[GameManager] MapTransitionController.Instance = null
[GameManager] Phase: MapNavigation → ShopVisit
[GameManager] Phase: ShopVisit → MapNavigation
[GameManager] MoveToNode: r7_l1 (phase=MapNavigation)
[GameManager] タイル起動: 戦闘 (r7_l1)
[GameManager] エンカウント: ハーピィ
[GameManager] Phase: MapNavigation → Combat
[GameManager] Phase: Combat → BattleResult
[GameManager] 戦闘結果: ハーピィ — 勝利 (4T) 残HP:23
[GameManager] 層デバフ: 戦闘後2ダメージ (HP:21)
[GameManager] Phase: BattleResult → Reward
[GameManager] Phase: Reward → MapNavigation
[GameManager] MoveToNode: r8_l1 (phase=MapNavigation)
[GameManager] タイル起動: 秘宝 (r8_l1)
[GameManager] 宝箱: ゴールド+6, 安らぎの靴
[GameManager] Phase: MapNavigation → TreasureOpen
[GameManager] Phase: TreasureOpen → MapNavigation
[GameManager] MoveToNode: r9_l1 (phase=MapNavigation)
[GameManager] タイル起動: 休憩 (r9_l1)
[GameManager] Phase: MapNavigation → RestStop
[GameManager] 休憩回復: +13HP (50%) (現在: 25/25)
[GameManager] Phase: RestStop → MapNavigation
[GameManager] MoveToNode: boss (phase=MapNavigation)
[GameManager] タイル起動: ボス (boss)
[GameManager] ボス戦: 凍れる吟遊詩人
[GameManager] Phase: MapNavigation → Combat
[GameManager] Phase: Combat → BattleResult
[GameManager] 戦闘結果: 凍れる吟遊詩人 — 勝利 (6T) 残HP:25
[GameManager] 層デバフ: 戦闘後2ダメージ (HP:23)
[GameManager] Phase: BattleResult → Reward
[GameManager] Phase: Reward → FloorClear
[GameManager] フロア3クリア → 次へ
[GameManager] Phase: FloorClear → FloorIntro
[GameManager] --- フロア 4 [煉獄の刻印] ---
[GameManager] Phase: FloorIntro → MapNavigation
[GameManager] MoveToNode: r1_l0 (phase=MapNavigation)
[GameManager] タイル起動: イベント (r1_l0)
[GameManager] Phase: MapNavigation → EventEncounter
[GameManager] Phase: EventEncounter → MapNavigation
[GameManager] MoveToNode: r2_l0 (phase=MapNavigation)
[GameManager] タイル起動: 休憩 (r2_l0)
[GameManager] Phase: MapNavigation → RestStop
[GameManager] 休憩回復: +8HP (30%) (現在: 25/25)
[GameManager] Phase: RestStop → MapNavigation
[GameManager] MoveToNode: r3_l0 (phase=MapNavigation)
[GameManager] タイル起動: 秘宝 (r3_l0)
[GameManager] 宝箱: ゴールド+28, 蒼穹の眼
[GameManager] Phase: MapNavigation → TreasureOpen
[GameManager] Phase: TreasureOpen → MapNavigation
[GameManager] MoveToNode: r4_l0 (phase=MapNavigation)
[GameManager] タイル起動: ショップ (r4_l0)
[GameManager] EnterShop called
[GameManager] MapTransitionController.Instance = null
[GameManager] Phase: MapNavigation → ShopVisit
[GameManager] Phase: ShopVisit → MapNavigation
[GameManager] MoveToNode: r5_l1 (phase=MapNavigation)
[GameManager] タイル起動: 罠 (r5_l1)
[GameManager] Phase: MapNavigation → TrapTriggered
[GameManager] Phase: TrapTriggered → MapNavigation
[GameManager] MoveToNode: r6_l1 (phase=MapNavigation)
[GameManager] タイル起動: 戦闘 (r6_l1)
[GameManager] エンカウント: ミノタウロス
[GameManager] Phase: MapNavigation → Combat
[GameManager] Phase: Combat → BattleResult
[GameManager] 戦闘結果: ミノタウロス — 勝利 (4T) 残HP:28
[GameManager] Phase: BattleResult → Reward
[GameManager] Phase: Reward → MapNavigation
[GameManager] MoveToNode: r7_l1 (phase=MapNavigation)
[GameManager] 空腹ダメージ: 5 (HP: 20/25)
[GameManager] タイル起動: 激戦 (r7_l1)
[GameManager] エンカウント: ミノタウロス
[GameManager] Phase: MapNavigation → Combat
[GameManager] Phase: Combat → BattleResult
[AutoRunner] ラストスタンド発動 (Floor 4)
[AutoRunner] === RUN 57 終了: DEADLOCK (デッドロック) — 移動先なし(MapNavigation) ===

########## RUN 58  [DEADLOCK デッドロック]  ストール phase=EventEncounter node=r6_l2 floor=4
# reached F4 HP 21/25 coins 79 combats 12/12 LS=False
[GameManager] Phase: MapNavigation → RunStart
[GameManager] === ラン開始 === HP:30
[GameManager] Phase: RunStart → FloorIntro
[GameManager] --- フロア 1 [残光の加護] ---
[GameManager] Phase: FloorIntro → MapNavigation
[GameManager] MoveToNode: r1_l0 (phase=MapNavigation)
[GameManager] タイル起動: 秘宝 (r1_l0)
[GameManager] 宝箱: ゴールド+4, 鎖帷子
[GameManager] Phase: MapNavigation → TreasureOpen
[GameManager] Phase: TreasureOpen → MapNavigation
[GameManager] MoveToNode: r2_l1 (phase=MapNavigation)
[GameManager] タイル起動: 戦闘 (r2_l1)
[GameManager] エンカウント: スライム
[GameManager] Phase: MapNavigation → Combat
[GameManager] Phase: Combat → BattleResult
[GameManager] 戦闘結果: スライム — 勝利 (2T) 残HP:30
[GameManager] Phase: BattleResult → Reward
[GameManager] Phase: Reward → MapNavigation
[GameManager] MoveToNode: r3_l0 (phase=MapNavigation)
[GameManager] タイル起動: 秘宝 (r3_l0)
[GameManager] 宝箱: ゴールド+4, 治癒の指輪
[GameManager] Phase: MapNavigation → TreasureOpen
[GameManager] Phase: TreasureOpen → MapNavigation
[GameManager] MoveToNode: r4_l0 (phase=MapNavigation)
[GameManager] タイル起動: 戦闘 (r4_l0)
[GameManager] エンカウント: スライム
[GameManager] Phase: MapNavigation → Combat
[GameManager] Phase: Combat → BattleResult
[GameManager] 戦闘結果: スライム — 勝利 (2T) 残HP:30
[GameManager] Phase: BattleResult → Reward
[GameManager] Phase: Reward → MapNavigation
[GameManager] MoveToNode: r5_l0 (phase=MapNavigation)
[GameManager] タイル起動: イベント (r5_l0)
[GameManager] Phase: MapNavigation → EventEncounter
[GameManager] Phase: EventEncounter → MapNavigation
[GameManager] MoveToNode: r6_l0 (phase=MapNavigation)
[GameManager] タイル起動: ショップ (r6_l0)
[GameManager] EnterShop called
[GameManager] MapTransitionController.Instance = null
[GameManager] Phase: MapNavigation → ShopVisit
[GameManager] Phase: ShopVisit → MapNavigation
[GameManager] MoveToNode: r7_l0 (phase=MapNavigation)
[GameManager] タイル起動: イベント (r7_l0)
[GameManager] Phase: MapNavigation → EventEncounter
[GameManager] Phase: EventEncounter → MapNavigation
[GameManager] MoveToNode: r8_l0 (phase=MapNavigation)
[GameManager] タイル起動: 秘宝 (r8_l0)
[GameManager] 宝箱: ゴールド+6, 回復ポーション
[GameManager] Phase: MapNavigation → TreasureOpen
[GameManager] Phase: TreasureOpen → MapNavigation
[GameManager] MoveToNode: r9_l0 (phase=MapNavigation)
[GameManager] タイル起動: 休憩 (r9_l0)
[GameManager] Phase: MapNavigation → RestStop
[GameManager] 休憩回復: +9HP (30%) (現在: 30/30)
[GameManager] Phase: RestStop → MapNavigation
[GameManager] MoveToNode: boss (phase=MapNavigation)
[GameManager] タイル起動: ボス (boss)
[GameManager] ボス 'boss_layer1' 未定義 — フロア1のプールから抽選
[GameManager] ボス戦: スライム
[GameManager] Phase: MapNavigation → Combat
[GameManager] Phase: Combat → BattleResult
[GameManager] 戦闘結果: スライム — 勝利 (1T) 残HP:30
[GameManager] Phase: BattleResult → Reward
[GameManager] Phase: Reward → FloorClear
[GameManager] フロア1クリア → 次へ
[GameManager] 層デバフ: MaxHP-5 → 25
[GameManager] Phase: FloorClear → FloorIntro
[GameManager] --- フロア 2 [嘆きの共鳴] ---
[GameManager] Phase: FloorIntro → MapNavigation
[GameManager] MoveToNode: r1_l0 (phase=MapNavigation)
[GameManager] タイル起動: ショップ (r1_l0)
[GameManager] EnterShop called
[GameManager] MapTransitionController.Instance = null
[GameManager] Phase: MapNavigation → ShopVisit
[GameManager] Phase: ShopVisit → MapNavigation
[GameManager] MoveToNode: r2_l0 (phase=MapNavigation)
[GameManager] タイル起動: イベント (r2_l0)
[GameManager] Phase: MapNavigation → EventEncounter
[GameManager] Phase: EventEncounter → MapNavigation
[GameManager] MoveToNode: r3_l0 (phase=MapNavigation)
[GameManager] タイル起動: イベント (r3_l0)
[GameManager] Phase: MapNavigation → EventEncounter
[GameManager] Phase: EventEncounter → MapNavigation
[GameManager] MoveToNode: r4_l0 (phase=MapNavigation)
[GameManager] タイル起動: 戦闘 (r4_l0)
[GameManager] エンカウント: 13番目の死
[GameManager] Phase: MapNavigation → Combat
[GameManager] Phase: Combat → BattleResult
[GameManager] 戦闘結果: 13番目の死 — 勝利 (3T) 残HP:25
[GameManager] Phase: BattleResult → Reward
[GameManager] Phase: Reward → MapNavigation
[GameManager] MoveToNode: r5_l0 (phase=MapNavigation)
[GameManager] タイル起動: 戦闘 (r5_l0)
[GameManager] エンカウント: 13番目の死
[GameManager] Phase: MapNavigation → Combat
[GameManager] Phase: Combat → BattleResult
[GameManager] 戦闘結果: 13番目の死 — 勝利 (3T) 残HP:4
[GameManager] Phase: BattleResult → Reward
[GameManager] Phase: Reward → MapNavigation
[GameManager] MoveToNode: r6_l0 (phase=MapNavigation)
[GameManager] タイル起動: 戦闘 (r6_l0)
[GameManager] エンカウント: スケルトン
[GameManager] Phase: MapNavigation → Combat
[GameManager] Phase: Combat → BattleResult
[GameManager] 戦闘結果: スケルトン — 勝利 (3T) 残HP:4
[GameManager] Phase: BattleResult → Reward
[GameManager] Phase: Reward → MapNavigation
[GameManager] MoveToNode: r7_l1 (phase=MapNavigation)
[GameManager] タイル起動: 戦闘 (r7_l1)
[GameManager] エンカウント: 13番目の死
[GameManager] Phase: MapNavigation → Combat
[GameManager] Phase: Combat → BattleResult
[GameManager] 戦闘結果: 13番目の死 — 勝利 (5T) 残HP:4
[GameManager] Phase: BattleResult → Reward
[GameManager] Phase: Reward → MapNavigation
[GameManager] MoveToNode: r8_l1 (phase=MapNavigation)
[GameManager] タイル起動: 秘宝 (r8_l1)
[GameManager] 宝箱: ゴールド+12, 木のダイス
[GameManager] Phase: MapNavigation → TreasureOpen
[GameManager] Phase: TreasureOpen → MapNavigation
[GameManager] MoveToNode: r9_l1 (phase=MapNavigation)
[GameManager] 空腹ダメージ: 1 (HP: 3/25)
[GameManager] タイル起動: 休憩 (r9_l1)
[GameManager] Phase: MapNavigation → RestStop
[GameManager] 休憩回復: +8HP (30%) (現在: 11/25)
[GameManager] Phase: RestStop → MapNavigation
[GameManager] MoveToNode: boss (phase=MapNavigation)
[GameManager] 空腹ダメージ: 1 (HP: 10/25)
[GameManager] タイル起動: ボス (boss)
[GameManager] ボス戦: ゴブリン王
[GameManager] Phase: MapNavigation → Combat
[GameManager] Phase: Combat → BattleResult
[GameManager] 戦闘結果: ゴブリン王 — 勝利 (5T) 残HP:10
[GameManager] Phase: BattleResult → Reward
[GameManager] Phase: Reward → FloorClear
[GameManager] フロア2クリア → 次へ
[GameManager] Phase: FloorClear → FloorIntro
[GameManager] --- フロア 3 [瘴気侵蝕] ---
[GameManager] Phase: FloorIntro → MapNavigation
[GameManager] MoveToNode: r1_l0 (phase=MapNavigation)
[GameManager] タイル起動: 戦闘 (r1_l0)
[GameManager] エンカウント: スライム
[GameManager] Phase: MapNavigation → Combat
[GameManager] Phase: Combat → BattleResult
[GameManager] 戦闘結果: スライム — 勝利 (1T) 残HP:18
[GameManager] 層デバフ: 戦闘後2ダメージ (HP:16)
[GameManager] Phase: BattleResult → Reward
[GameManager] Phase: Reward → MapNavigation
[GameManager] MoveToNode: r2_l0 (phase=MapNavigation)
[GameManager] タイル起動: ショップ (r2_l0)
[GameManager] EnterShop called
[GameManager] MapTransitionController.Instance = null
[GameManager] Phase: MapNavigation → ShopVisit
[GameManager] Phase: ShopVisit → MapNavigation
[GameManager] MoveToNode: r3_l0 (phase=MapNavigation)
[GameManager] タイル起動: イベント (r3_l0)
[GameManager] Phase: MapNavigation → EventEncounter
[GameManager] Phase: EventEncounter → MapNavigation
[GameManager] MoveToNode: r4_l0 (phase=MapNavigation)
[GameManager] タイル起動: ショップ (r4_l0)
[GameManager] EnterShop called
[GameManager] MapTransitionController.Instance = null
[GameManager] Phase: MapNavigation → ShopVisit
[GameManager] Phase: ShopVisit → MapNavigation
[GameManager] MoveToNode: r5_l0 (phase=MapNavigation)
[GameManager] タイル起動: 休憩 (r5_l0)
[GameManager] Phase: MapNavigation → RestStop
[GameManager] 休憩回復: +13HP (50%) (現在: 25/25)
[GameManager] Phase: RestStop → MapNavigation
[GameManager] MoveToNode: r6_l1 (phase=MapNavigation)
[GameManager] タイル起動: 戦闘 (r6_l1)
[GameManager] エンカウント: ハーピィ
[GameManager] Phase: MapNavigation → Combat
[GameManager] Phase: Combat → BattleResult
[GameManager] 戦闘結果: ハーピィ — 勝利 (4T) 残HP:16
[GameManager] 層デバフ: 戦闘後2ダメージ (HP:14)
[GameManager] Phase: BattleResult → Reward
[GameManager] Phase: Reward → MapNavigation
[GameManager] MoveToNode: r7_l1 (phase=MapNavigation)
[GameManager] タイル起動: 戦闘 (r7_l1)
[GameManager] エンカウント: オーク
[GameManager] Phase: MapNavigation → Combat
[GameManager] Phase: Combat → BattleResult
[GameManager] 戦闘結果: オーク — 勝利 (12T) 残HP:4
[GameManager] 層デバフ: 戦闘後2ダメージ (HP:2)
[GameManager] Phase: BattleResult → Reward
[GameManager] Phase: Reward → MapNavigation
[GameManager] MoveToNode: r8_l1 (phase=MapNavigation)
[GameManager] タイル起動: 秘宝 (r8_l1)
[GameManager] 宝箱: ゴールド+15, 灯心の鈴
[GameManager] Phase: MapNavigation → TreasureOpen
[GameManager] Phase: TreasureOpen → MapNavigation
[GameManager] MoveToNode: r9_l1 (phase=MapNavigation)
[GameManager] タイル起動: 休憩 (r9_l1)
[GameManager] Phase: MapNavigation → RestStop
[GameManager] 休憩回復: +13HP (50%) (現在: 15/25)
[GameManager] Phase: RestStop → MapNavigation
[GameManager] MoveToNode: boss (phase=MapNavigation)
[GameManager] タイル起動: ボス (boss)
[GameManager] ボス戦: 凍れる吟遊詩人
[GameManager] Phase: MapNavigation → Combat
[GameManager] Phase: Combat → BattleResult
[GameManager] 戦闘結果: 凍れる吟遊詩人 — 勝利 (13T) 残HP:15
[GameManager] 層デバフ: 戦闘後2ダメージ (HP:13)
[GameManager] Phase: BattleResult → Reward
[GameManager] Phase: Reward → FloorClear
[GameManager] フロア3クリア → 次へ
[GameManager] Phase: FloorClear → FloorIntro
[GameManager] --- フロア 4 [煉獄の刻印] ---
[GameManager] Phase: FloorIntro → MapNavigation
[GameManager] MoveToNode: r1_l2 (phase=MapNavigation)
[GameManager] タイル起動: ショップ (r1_l2)
[GameManager] EnterShop called
[GameManager] MapTransitionController.Instance = null
[GameManager] Phase: MapNavigation → ShopVisit
[GameManager] Phase: ShopVisit → MapNavigation
[GameManager] MoveToNode: r2_l1 (phase=MapNavigation)
[GameManager] タイル起動: ショップ (r2_l1)
[GameManager] EnterShop called
[GameManager] MapTransitionController.Instance = null
[GameManager] Phase: MapNavigation → ShopVisit
[GameManager] Phase: ShopVisit → MapNavigation
[GameManager] MoveToNode: r3_l1 (phase=MapNavigation)
[GameManager] タイル起動: イベント (r3_l1)
[GameManager] Phase: MapNavigation → EventEncounter
[GameManager] Phase: EventEncounter → MapNavigation
[GameManager] MoveToNode: r4_l2 (phase=MapNavigation)
[GameManager] タイル起動: ショップ (r4_l2)
[GameManager] EnterShop called
[GameManager] MapTransitionController.Instance = null
[GameManager] Phase: MapNavigation → ShopVisit
[GameManager] Phase: ShopVisit → MapNavigation
[GameManager] MoveToNode: r5_l2 (phase=MapNavigation)
[GameManager] タイル起動: ショップ (r5_l2)
[GameManager] EnterShop called
[GameManager] MapTransitionController.Instance = null
[GameManager] Phase: MapNavigation → ShopVisit
[GameManager] Phase: ShopVisit → MapNavigation
[GameManager] MoveToNode: r6_l2 (phase=MapNavigation)
[GameManager] タイル起動: イベント (r6_l2)
[GameManager] Phase: MapNavigation → EventEncounter
[AutoRunner] === RUN 58 終了: DEADLOCK (デッドロック) — ストール phase=EventEncounter node=r6_l2 floor=4 ===

########## RUN 59  [R4 3Fで死亡]  敗北 cause=CombatLoss
# reached F3 HP 0/1 coins 99 combats 18/20 LS=True
[GameManager] Phase: EventEncounter → RunStart
[GameManager] === ラン開始 === HP:30
[GameManager] Phase: RunStart → FloorIntro
[GameManager] --- フロア 1 [残光の加護] ---
[GameManager] Phase: FloorIntro → MapNavigation
[GameManager] MoveToNode: r1_l1 (phase=MapNavigation)
[GameManager] タイル起動: 戦闘 (r1_l1)
[GameManager] エンカウント: ゴブリン
[GameManager] Phase: MapNavigation → Combat
[GameManager] Phase: Combat → BattleResult
[GameManager] 戦闘結果: ゴブリン — 勝利 (2T) 残HP:30
[GameManager] Phase: BattleResult → Reward
[GameManager] Phase: Reward → MapNavigation
[GameManager] MoveToNode: r2_l1 (phase=MapNavigation)
[GameManager] タイル起動: 戦闘 (r2_l1)
[GameManager] エンカウント: スライム
[GameManager] Phase: MapNavigation → Combat
[GameManager] Phase: Combat → BattleResult
[GameManager] 戦闘結果: スライム — 勝利 (3T) 残HP:30
[GameManager] Phase: BattleResult → Reward
[GameManager] Phase: Reward → MapNavigation
[GameManager] MoveToNode: r3_l1 (phase=MapNavigation)
[GameManager] タイル起動: イベント (r3_l1)
[GameManager] Phase: MapNavigation → EventEncounter
[GameManager] Phase: EventEncounter → MapNavigation
[GameManager] MoveToNode: r4_l1 (phase=MapNavigation)
[GameManager] タイル起動: 戦闘 (r4_l1)
[GameManager] エンカウント: スライム
[GameManager] Phase: MapNavigation → Combat
[GameManager] Phase: Combat → BattleResult
[GameManager] 戦闘結果: スライム — 勝利 (1T) 残HP:30
[GameManager] Phase: BattleResult → Reward
[GameManager] Phase: Reward → MapNavigation
[GameManager] MoveToNode: r5_l0 (phase=MapNavigation)
[GameManager] タイル起動: 戦闘 (r5_l0)
[GameManager] エンカウント: ゴブリン
[GameManager] Phase: MapNavigation → Combat
[GameManager] Phase: Combat → BattleResult
[GameManager] 戦闘結果: ゴブリン — 勝利 (3T) 残HP:30
[GameManager] Phase: BattleResult → Reward
[GameManager] Phase: Reward → MapNavigation
[GameManager] MoveToNode: r6_l0 (phase=MapNavigation)
[GameManager] タイル起動: ショップ (r6_l0)
[GameManager] EnterShop called
[GameManager] MapTransitionController.Instance = null
[GameManager] Phase: MapNavigation → ShopVisit
[GameManager] Phase: ShopVisit → MapNavigation
[GameManager] MoveToNode: r7_l1 (phase=MapNavigation)
[GameManager] タイル起動: 戦闘 (r7_l1)
[GameManager] エンカウント: ゴブリン
[GameManager] Phase: MapNavigation → Combat
[GameManager] Phase: Combat → BattleResult
[GameManager] 戦闘結果: ゴブリン — 勝利 (6T) 残HP:26
[GameManager] Phase: BattleResult → Reward
[GameManager] Phase: Reward → MapNavigation
[GameManager] MoveToNode: r8_l1 (phase=MapNavigation)
[GameManager] タイル起動: 秘宝 (r8_l1)
[GameManager] 宝箱: ゴールド+5, 苦難の刻印
[GameManager] Phase: MapNavigation → TreasureOpen
[GameManager] Phase: TreasureOpen → MapNavigation
[GameManager] MoveToNode: r9_l1 (phase=MapNavigation)
[GameManager] タイル起動: 休憩 (r9_l1)
[GameManager] Phase: MapNavigation → RestStop
[GameManager] 休憩回復: +9HP (30%) (現在: 30/30)
[GameManager] Phase: RestStop → MapNavigation
[GameManager] MoveToNode: boss (phase=MapNavigation)
[GameManager] タイル起動: ボス (boss)
[GameManager] ボス 'boss_layer1' 未定義 — フロア1のプールから抽選
[GameManager] ボス戦: スライム
[GameManager] Phase: MapNavigation → Combat
[GameManager] Phase: Combat → BattleResult
[GameManager] 戦闘結果: スライム — 勝利 (2T) 残HP:30
[GameManager] Phase: BattleResult → Reward
[GameManager] Phase: Reward → FloorClear
[GameManager] フロア1クリア → 次へ
[GameManager] 層デバフ: MaxHP-5 → 25
[GameManager] Phase: FloorClear → FloorIntro
[GameManager] --- フロア 2 [嘆きの共鳴] ---
[GameManager] Phase: FloorIntro → MapNavigation
[GameManager] MoveToNode: r1_l1 (phase=MapNavigation)
[GameManager] タイル起動: イベント (r1_l1)
[GameManager] Phase: MapNavigation → EventEncounter
[GameManager] Phase: EventEncounter → MapNavigation
[GameManager] MoveToNode: r2_l1 (phase=MapNavigation)
[GameManager] タイル起動: 戦闘 (r2_l1)
[GameManager] エンカウント: ダイアウルフ
[GameManager] Phase: MapNavigation → Combat
[GameManager] Phase: Combat → BattleResult
[GameManager] 戦闘結果: ダイアウルフ — 勝利 (3T) 残HP:24
[GameManager] Phase: BattleResult → Reward
[GameManager] Phase: Reward → MapNavigation
[GameManager] MoveToNode: r3_l1 (phase=MapNavigation)
[GameManager] タイル起動: 戦闘 (r3_l1)
[GameManager] エンカウント: ゴブリン王
[GameManager] Phase: MapNavigation → Combat
[GameManager] Phase: Combat → BattleResult
[GameManager] 戦闘結果: ゴブリン王 — 勝利 (5T) 残HP:24
[GameManager] Phase: BattleResult → Reward
[GameManager] Phase: Reward → MapNavigation
[GameManager] MoveToNode: r4_l2 (phase=MapNavigation)
[GameManager] タイル起動: 戦闘 (r4_l2)
[GameManager] エンカウント: コボルド
[GameManager] Phase: MapNavigation → Combat
[GameManager] Phase: Combat → BattleResult
[GameManager] 戦闘結果: コボルド — 勝利 (3T) 残HP:21
[GameManager] Phase: BattleResult → Reward
[GameManager] Phase: Reward → MapNavigation
[GameManager] MoveToNode: r5_l2 (phase=MapNavigation)
[GameManager] タイル起動: 戦闘 (r5_l2)
[GameManager] エンカウント: ダイアウルフ
[GameManager] Phase: MapNavigation → Combat
[GameManager] Phase: Combat → BattleResult
[GameManager] 戦闘結果: ダイアウルフ — 勝利 (6T) 残HP:11
[GameManager] Phase: BattleResult → Reward
[GameManager] Phase: Reward → MapNavigation
[GameManager] MoveToNode: r6_l2 (phase=MapNavigation)
[GameManager] タイル起動: 戦闘 (r6_l2)
[GameManager] エンカウント: ゴブリン
[GameManager] Phase: MapNavigation → Combat
[GameManager] Phase: Combat → BattleResult
[GameManager] 戦闘結果: ゴブリン — 勝利 (2T) 残HP:11
[GameManager] Phase: BattleResult → Reward
[GameManager] Phase: Reward → MapNavigation
[GameManager] MoveToNode: r7_l2 (phase=MapNavigation)
[GameManager] タイル起動: 戦闘 (r7_l2)
[GameManager] エンカウント: コボルド
[GameManager] Phase: MapNavigation → Combat
[GameManager] Phase: Combat → BattleResult
[GameManager] 戦闘結果: コボルド — 勝利 (2T) 残HP:11
[GameManager] Phase: BattleResult → Reward
[GameManager] Phase: Reward → MapNavigation
[GameManager] MoveToNode: r8_l2 (phase=MapNavigation)
[GameManager] タイル起動: 秘宝 (r8_l2)
[GameManager] 宝箱: ゴールド+6, 神聖の靴
[GameManager] Phase: MapNavigation → TreasureOpen
[GameManager] Phase: TreasureOpen → MapNavigation
[GameManager] MoveToNode: r9_l2 (phase=MapNavigation)
[GameManager] タイル起動: 休憩 (r9_l2)
[GameManager] Phase: MapNavigation → RestStop
[GameManager] 休憩回復: +8HP (30%) (現在: 22/25)
[GameManager] Phase: RestStop → MapNavigation
[GameManager] MoveToNode: boss (phase=MapNavigation)
[GameManager] タイル起動: ボス (boss)
[GameManager] ボス戦: ゴブリン王
[GameManager] Phase: MapNavigation → Combat
[GameManager] Phase: Combat → BattleResult
[GameManager] 戦闘結果: ゴブリン王 — 勝利 (16T) 残HP:15
[GameManager] Phase: BattleResult → Reward
[GameManager] Phase: Reward → FloorClear
[GameManager] フロア2クリア → 次へ
[GameManager] Phase: FloorClear → FloorIntro
[GameManager] --- フロア 3 [瘴気侵蝕] ---
[GameManager] Phase: FloorIntro → MapNavigation
[GameManager] MoveToNode: r1_l0 (phase=MapNavigation)
[GameManager] タイル起動: 戦闘 (r1_l0)
[GameManager] エンカウント: ハーピィ
[GameManager] Phase: MapNavigation → Combat
[GameManager] Phase: Combat → BattleResult
[GameManager] 戦闘結果: ハーピィ — 勝利 (10T) 残HP:10
[GameManager] 層デバフ: 戦闘後2ダメージ (HP:8)
[GameManager] Phase: BattleResult → Reward
[GameManager] Phase: Reward → MapNavigation
[GameManager] MoveToNode: r2_l0 (phase=MapNavigation)
[GameManager] タイル起動: 戦闘 (r2_l0)
[GameManager] エンカウント: スケルトン
[GameManager] Phase: MapNavigation → Combat
[GameManager] Phase: Combat → BattleResult
[GameManager] 戦闘結果: スケルトン — 勝利 (14T) 残HP:9
[GameManager] 層デバフ: 戦闘後2ダメージ (HP:7)
[GameManager] Phase: BattleResult → Reward
[GameManager] Phase: Reward → MapNavigation
[GameManager] MoveToNode: r3_l0 (phase=MapNavigation)
[GameManager] タイル起動: 罠 (r3_l0)
[GameManager] Phase: MapNavigation → TrapTriggered
[GameManager] Phase: TrapTriggered → MapNavigation
[GameManager] MoveToNode: r4_l0 (phase=MapNavigation)
[GameManager] タイル起動: 激戦 (r4_l0)
[GameManager] エンカウント: ハーピィ
[GameManager] Phase: MapNavigation → Combat
[GameManager] Phase: Combat → BattleResult
[GameManager] 戦闘結果: ハーピィ — 敗北 (3T) 残HP:0
[GameManager] 救済発動: マップへ戻る
[GameManager] Phase: BattleResult → MapNavigation
[AutoRunner] ラストスタンド発動 (Floor 3)
[GameManager] MoveToNode: r5_l1 (phase=MapNavigation)
[GameManager] タイル起動: 戦闘 (r5_l1)
[GameManager] エンカウント: ゴブリン
[GameManager] Phase: MapNavigation → Combat
[GameManager] Phase: Combat → BattleResult
[GameManager] 戦闘結果: ゴブリン — 勝利 (4T) 残HP:1
[GameManager] 層デバフ: 戦闘後2ダメージ (HP:1)
[GameManager] Phase: BattleResult → Reward
[GameManager] Phase: Reward → MapNavigation
[GameManager] MoveToNode: r6_l1 (phase=MapNavigation)
[GameManager] タイル起動: 戦闘 (r6_l1)
[GameManager] エンカウント: コボルド
[GameManager] Phase: MapNavigation → Combat
[GameManager] Phase: Combat → BattleResult
[GameManager] 戦闘結果: コボルド — 勝利 (3T) 残HP:1
[GameManager] 層デバフ: 戦闘後2ダメージ (HP:1)
[GameManager] Phase: BattleResult → Reward
[GameManager] Phase: Reward → MapNavigation
[GameManager] MoveToNode: r7_l0 (phase=MapNavigation)
[GameManager] タイル起動: 戦闘 (r7_l0)
[GameManager] エンカウント: スライム
[GameManager] Phase: MapNavigation → Combat
[GameManager] Phase: Combat → BattleResult
[GameManager] 戦闘結果: スライム — 勝利 (1T) 残HP:1
[GameManager] 層デバフ: 戦闘後2ダメージ (HP:1)
[GameManager] Phase: BattleResult → Reward
[GameManager] Phase: Reward → MapNavigation
[GameManager] MoveToNode: r8_l0 (phase=MapNavigation)
[GameManager] タイル起動: 秘宝 (r8_l0)
[GameManager] 宝箱: ゴールド+0, 木のダイス
[GameManager] Phase: MapNavigation → TreasureOpen
[GameManager] Phase: TreasureOpen → MapNavigation
[GameManager] MoveToNode: r9_l0 (phase=MapNavigation)
[GameManager] タイル起動: 休憩 (r9_l0)
[GameManager] Phase: MapNavigation → RestStop
[GameManager] 休憩回復: +1HP (50%) (現在: 1/1)
[GameManager] Phase: RestStop → MapNavigation
[GameManager] MoveToNode: boss (phase=MapNavigation)
[GameManager] タイル起動: ボス (boss)
[GameManager] ボス戦: 凍れる吟遊詩人
[GameManager] Phase: MapNavigation → Combat
[GameManager] Phase: Combat → BattleResult
[GameManager] 戦闘結果: 凍れる吟遊詩人 — 敗北 (3T) 残HP:0
[GameManager] Phase: BattleResult → GameOver
[AutoRunner] === RUN 59 終了: R4 (3Fで死亡) — 敗北 cause=CombatLoss ===

########## RUN 60  [DEADLOCK デッドロック]  移動先なし(MapNavigation)
# reached F5 HP 1/1 coins 149 combats 23/24 LS=True
[GameManager] Phase: GameOver → Title
[GameManager] Phase: Title → RunStart
[GameManager] === ラン開始 === HP:30
[GameManager] Phase: RunStart → FloorIntro
[GameManager] --- フロア 1 [残光の加護] ---
[GameManager] Phase: FloorIntro → MapNavigation
[GameManager] MoveToNode: r1_l2 (phase=MapNavigation)
[GameManager] タイル起動: 戦闘 (r1_l2)
[GameManager] エンカウント: ゴブリン
[GameManager] Phase: MapNavigation → Combat
[GameManager] Phase: Combat → BattleResult
[GameManager] 戦闘結果: ゴブリン — 勝利 (2T) 残HP:30
[GameManager] Phase: BattleResult → Reward
[GameManager] Phase: Reward → MapNavigation
[GameManager] MoveToNode: r2_l1 (phase=MapNavigation)
[GameManager] タイル起動: イベント (r2_l1)
[GameManager] Phase: MapNavigation → EventEncounter
[GameManager] Phase: EventEncounter → MapNavigation
[GameManager] MoveToNode: r3_l1 (phase=MapNavigation)
[GameManager] タイル起動: 戦闘 (r3_l1)
[GameManager] エンカウント: ゴブリン
[GameManager] Phase: MapNavigation → Combat
[GameManager] Phase: Combat → BattleResult
[GameManager] 戦闘結果: ゴブリン — 勝利 (3T) 残HP:29
[GameManager] Phase: BattleResult → Reward
[GameManager] Phase: Reward → MapNavigation
[GameManager] MoveToNode: r4_l1 (phase=MapNavigation)
[GameManager] タイル起動: 戦闘 (r4_l1)
[GameManager] エンカウント: スライム
[GameManager] Phase: MapNavigation → Combat
[GameManager] Phase: Combat → BattleResult
[GameManager] 戦闘結果: スライム — 勝利 (3T) 残HP:29
[GameManager] Phase: BattleResult → Reward
[GameManager] Phase: Reward → MapNavigation
[GameManager] MoveToNode: r5_l1 (phase=MapNavigation)
[GameManager] タイル起動: 戦闘 (r5_l1)
[GameManager] エンカウント: スライム
[GameManager] Phase: MapNavigation → Combat
[GameManager] Phase: Combat → BattleResult
[GameManager] 戦闘結果: スライム — 勝利 (2T) 残HP:29
[GameManager] Phase: BattleResult → Reward
[GameManager] Phase: Reward → MapNavigation
[GameManager] MoveToNode: r6_l1 (phase=MapNavigation)
[GameManager] タイル起動: 戦闘 (r6_l1)
[GameManager] エンカウント: ゴブリン
[GameManager] Phase: MapNavigation → Combat
[GameManager] Phase: Combat → BattleResult
[GameManager] 戦闘結果: ゴブリン — 勝利 (3T) 残HP:29
[GameManager] Phase: BattleResult → Reward
[GameManager] Phase: Reward → MapNavigation
[GameManager] MoveToNode: r7_l0 (phase=MapNavigation)
[GameManager] タイル起動: 戦闘 (r7_l0)
[GameManager] エンカウント: ゴブリン
[GameManager] Phase: MapNavigation → Combat
[GameManager] Phase: Combat → BattleResult
[GameManager] 戦闘結果: ゴブリン — 勝利 (2T) 残HP:29
[GameManager] Phase: BattleResult → Reward
[GameManager] Phase: Reward → MapNavigation
[GameManager] MoveToNode: r8_l0 (phase=MapNavigation)
[GameManager] タイル起動: 秘宝 (r8_l0)
[GameManager] 宝箱: ゴールド+7, 鎖帷子
[GameManager] Phase: MapNavigation → TreasureOpen
[GameManager] Phase: TreasureOpen → MapNavigation
[GameManager] MoveToNode: r9_l0 (phase=MapNavigation)
[GameManager] タイル起動: 休憩 (r9_l0)
[GameManager] Phase: MapNavigation → RestStop
[GameManager] 休憩回復: +9HP (30%) (現在: 30/30)
[GameManager] Phase: RestStop → MapNavigation
[GameManager] MoveToNode: boss (phase=MapNavigation)
[GameManager] タイル起動: ボス (boss)
[GameManager] ボス 'boss_layer1' 未定義 — フロア1のプールから抽選
[GameManager] ボス戦: ゴブリン
[GameManager] Phase: MapNavigation → Combat
[GameManager] Phase: Combat → BattleResult
[GameManager] 戦闘結果: ゴブリン — 勝利 (4T) 残HP:29
[GameManager] Phase: BattleResult → Reward
[GameManager] Phase: Reward → FloorClear
[GameManager] フロア1クリア → 次へ
[GameManager] 層デバフ: MaxHP-5 → 25
[GameManager] Phase: FloorClear → FloorIntro
[GameManager] --- フロア 2 [嘆きの共鳴] ---
[GameManager] Phase: FloorIntro → MapNavigation
[GameManager] MoveToNode: r1_l1 (phase=MapNavigation)
[GameManager] タイル起動: 戦闘 (r1_l1)
[GameManager] エンカウント: スライム
[GameManager] Phase: MapNavigation → Combat
[GameManager] Phase: Combat → BattleResult
[GameManager] 戦闘結果: スライム — 勝利 (1T) 残HP:25
[GameManager] Phase: BattleResult → Reward
[GameManager] Phase: Reward → MapNavigation
[GameManager] MoveToNode: r2_l0 (phase=MapNavigation)
[GameManager] タイル起動: ショップ (r2_l0)
[GameManager] EnterShop called
[GameManager] MapTransitionController.Instance = null
[GameManager] Phase: MapNavigation → ShopVisit
[GameManager] Phase: ShopVisit → MapNavigation
[GameManager] MoveToNode: r3_l0 (phase=MapNavigation)
[GameManager] タイル起動: 秘宝 (r3_l0)
[GameManager] 宝箱: ゴールド+10, 骨のダイス
[GameManager] Phase: MapNavigation → TreasureOpen
[GameManager] Phase: TreasureOpen → MapNavigation
[GameManager] MoveToNode: r4_l0 (phase=MapNavigation)
[GameManager] タイル起動: ショップ (r4_l0)
[GameManager] EnterShop called
[GameManager] MapTransitionController.Instance = null
[GameManager] Phase: MapNavigation → ShopVisit
[GameManager] Phase: ShopVisit → MapNavigation
[GameManager] MoveToNode: r5_l0 (phase=MapNavigation)
[GameManager] タイル起動: ショップ (r5_l0)
[GameManager] EnterShop called
[GameManager] MapTransitionController.Instance = null
[GameManager] Phase: MapNavigation → ShopVisit
[GameManager] Phase: ShopVisit → MapNavigation
[GameManager] MoveToNode: r6_l0 (phase=MapNavigation)
[GameManager] タイル起動: 激戦 (r6_l0)
[GameManager] エンカウント: スケルトン
[GameManager] Phase: MapNavigation → Combat
[GameManager] Phase: Combat → BattleResult
[GameManager] 戦闘結果: スケルトン — 勝利 (8T) 残HP:21
[GameManager] 激戦2戦目: スライム
[GameManager] Phase: BattleResult → Combat
[GameManager] Phase: Combat → BattleResult
[GameManager] 戦闘結果: スライム — 勝利 (2T) 残HP:21
[GameManager] Phase: BattleResult → Reward
[GameManager] Phase: Reward → MapNavigation
[GameManager] MoveToNode: r7_l0 (phase=MapNavigation)
[GameManager] タイル起動: イベント (r7_l0)
[GameManager] Phase: MapNavigation → EventEncounter
[GameManager] イベント戦闘: スライム (elite=True)
[GameManager] Phase: EventEncounter → Combat
[GameManager] Phase: Combat → BattleResult
[GameManager] 戦闘結果: スライム — 勝利 (2T) 残HP:21
[GameManager] Phase: BattleResult → MapNavigation
[GameManager] MoveToNode: r8_l0 (phase=MapNavigation)
[GameManager] タイル起動: 秘宝 (r8_l0)
[GameManager] 宝箱: ゴールド+12, 癒しの靴
[GameManager] Phase: MapNavigation → TreasureOpen
[GameManager] Phase: TreasureOpen → MapNavigation
[GameManager] MoveToNode: r9_l0 (phase=MapNavigation)
[GameManager] タイル起動: 休憩 (r9_l0)
[GameManager] Phase: MapNavigation → RestStop
[GameManager] 休憩回復: +8HP (30%) (現在: 25/25)
[GameManager] Phase: RestStop → MapNavigation
[GameManager] MoveToNode: boss (phase=MapNavigation)
[GameManager] タイル起動: ボス (boss)
[GameManager] ボス戦: ゴブリン王
[GameManager] Phase: MapNavigation → Combat
[GameManager] Phase: Combat → BattleResult
[GameManager] 戦闘結果: ゴブリン王 — 勝利 (7T) 残HP:25
[GameManager] Phase: BattleResult → Reward
[GameManager] Phase: Reward → FloorClear
[GameManager] フロア2クリア → 次へ
[GameManager] Phase: FloorClear → FloorIntro
[GameManager] --- フロア 3 [瘴気侵蝕] ---
[GameManager] Phase: FloorIntro → MapNavigation
[GameManager] MoveToNode: r1_l2 (phase=MapNavigation)
[GameManager] タイル起動: 戦闘 (r1_l2)
[GameManager] エンカウント: オーク
[GameManager] Phase: MapNavigation → Combat
[GameManager] Phase: Combat → BattleResult
[GameManager] 戦闘結果: オーク — 勝利 (6T) 残HP:23
[GameManager] 層デバフ: 戦闘後2ダメージ (HP:21)
[GameManager] Phase: BattleResult → Reward
[GameManager] Phase: Reward → MapNavigation
[GameManager] MoveToNode: r2_l2 (phase=MapNavigation)
[GameManager] タイル起動: 戦闘 (r2_l2)
[GameManager] エンカウント: ゴブリン
[GameManager] Phase: MapNavigation → Combat
[GameManager] Phase: Combat → BattleResult
[GameManager] 戦闘結果: ゴブリン — 勝利 (2T) 残HP:23
[GameManager] 層デバフ: 戦闘後2ダメージ (HP:21)
[GameManager] Phase: BattleResult → Reward
[GameManager] Phase: Reward → MapNavigation
[GameManager] MoveToNode: r3_l2 (phase=MapNavigation)
[GameManager] タイル起動: ショップ (r3_l2)
[GameManager] EnterShop called
[GameManager] MapTransitionController.Instance = null
[GameManager] Phase: MapNavigation → ShopVisit
[GameManager] Phase: ShopVisit → MapNavigation
[GameManager] MoveToNode: r4_l2 (phase=MapNavigation)
[GameManager] タイル起動: 戦闘 (r4_l2)
[GameManager] エンカウント: スケルトン
[GameManager] Phase: MapNavigation → Combat
[GameManager] Phase: Combat → BattleResult
[GameManager] 戦闘結果: スケルトン — 勝利 (9T) 残HP:24
[GameManager] 層デバフ: 戦闘後2ダメージ (HP:22)
[GameManager] Phase: BattleResult → Reward
[GameManager] Phase: Reward → MapNavigation
[GameManager] MoveToNode: r5_l2 (phase=MapNavigation)
[GameManager] タイル起動: 罠 (r5_l2)
[GameManager] Phase: MapNavigation → TrapTriggered
[GameManager] Phase: TrapTriggered → MapNavigation
[GameManager] MoveToNode: r6_l1 (phase=MapNavigation)
[GameManager] タイル起動: ショップ (r6_l1)
[GameManager] EnterShop called
[GameManager] MapTransitionController.Instance = null
[GameManager] Phase: MapNavigation → ShopVisit
[GameManager] Phase: ShopVisit → MapNavigation
[GameManager] MoveToNode: r7_l1 (phase=MapNavigation)
[GameManager] タイル起動: 休憩 (r7_l1)
[GameManager] Phase: MapNavigation → RestStop
[GameManager] 休憩回復: +13HP (50%) (現在: 25/25)
[GameManager] Phase: RestStop → MapNavigation
[GameManager] MoveToNode: r8_l1 (phase=MapNavigation)
[GameManager] タイル起動: 秘宝 (r8_l1)
[GameManager] 宝箱: ゴールド+18, 骨のダイス
[GameManager] Phase: MapNavigation → TreasureOpen
[GameManager] Phase: TreasureOpen → MapNavigation
[GameManager] MoveToNode: r9_l1 (phase=MapNavigation)
[GameManager] タイル起動: 休憩 (r9_l1)
[GameManager] Phase: MapNavigation → RestStop
[GameManager] 休憩回復: +13HP (50%) (現在: 25/25)
[GameManager] Phase: RestStop → MapNavigation
[GameManager] MoveToNode: boss (phase=MapNavigation)
[GameManager] タイル起動: ボス (boss)
[GameManager] ボス戦: 凍れる吟遊詩人
[GameManager] Phase: MapNavigation → Combat
[GameManager] Phase: Combat → BattleResult
[GameManager] 戦闘結果: 凍れる吟遊詩人 — 勝利 (9T) 残HP:25
[GameManager] 層デバフ: 戦闘後2ダメージ (HP:23)
[GameManager] Phase: BattleResult → Reward
[GameManager] Phase: Reward → FloorClear
[GameManager] フロア3クリア → 次へ
[GameManager] Phase: FloorClear → FloorIntro
[GameManager] --- フロア 4 [煉獄の刻印] ---
[GameManager] Phase: FloorIntro → MapNavigation
[GameManager] MoveToNode: r1_l1 (phase=MapNavigation)
[GameManager] タイル起動: 戦闘 (r1_l1)
[GameManager] エンカウント: ダイアウルフ
[GameManager] Phase: MapNavigation → Combat
[GameManager] Phase: Combat → BattleResult
[GameManager] 戦闘結果: ダイアウルフ — 勝利 (10T) 残HP:23
[GameManager] Phase: BattleResult → Reward
[GameManager] Phase: Reward → MapNavigation
[GameManager] MoveToNode: r2_l1 (phase=MapNavigation)
[GameManager] タイル起動: 戦闘 (r2_l1)
[GameManager] エンカウント: 鏡の双子
[GameManager] Phase: MapNavigation → Combat
[GameManager] Phase: Combat → BattleResult
[GameManager] 戦闘結果: 鏡の双子 — 勝利 (18T) 残HP:25
[GameManager] Phase: BattleResult → Reward
[GameManager] Phase: Reward → MapNavigation
[GameManager] MoveToNode: r3_l1 (phase=MapNavigation)
[GameManager] タイル起動: 戦闘 (r3_l1)
[GameManager] エンカウント: ゴブリン
[GameManager] Phase: MapNavigation → Combat
[GameManager] Phase: Combat → BattleResult
[GameManager] 戦闘結果: ゴブリン — 勝利 (1T) 残HP:25
[GameManager] Phase: BattleResult → Reward
[GameManager] Phase: Reward → MapNavigation
[AutoRunner] ラストスタンド発動 (Floor 5)
[AutoRunner] === RUN 60 終了: DEADLOCK (デッドロック) — 移動先なし(MapNavigation) ===

########## RUN 61  [R4 3Fで死亡]  敗北 cause=CombatLoss
# reached F3 HP 0/1 coins 69 combats 12/14 LS=True
[GameManager] Phase: MapNavigation → RunStart
[GameManager] === ラン開始 === HP:30
[GameManager] Phase: RunStart → FloorIntro
[GameManager] --- フロア 1 [残光の加護] ---
[GameManager] Phase: FloorIntro → MapNavigation
[GameManager] MoveToNode: r1_l0 (phase=MapNavigation)
[GameManager] タイル起動: ショップ (r1_l0)
[GameManager] EnterShop called
[GameManager] MapTransitionController.Instance = null
[GameManager] Phase: MapNavigation → ShopVisit
[GameManager] Phase: ShopVisit → MapNavigation
[GameManager] MoveToNode: r2_l0 (phase=MapNavigation)
[GameManager] タイル起動: イベント (r2_l0)
[GameManager] Phase: MapNavigation → EventEncounter
[GameManager] Phase: EventEncounter → MapNavigation
[GameManager] MoveToNode: r3_l0 (phase=MapNavigation)
[GameManager] タイル起動: 激戦 (r3_l0)
[GameManager] エンカウント: スライム
[GameManager] Phase: MapNavigation → Combat
[GameManager] Phase: Combat → BattleResult
[GameManager] 戦闘結果: スライム — 勝利 (3T) 残HP:29
[GameManager] 激戦2戦目: ゴブリン
[GameManager] Phase: BattleResult → Combat
[GameManager] Phase: Combat → BattleResult
[GameManager] 戦闘結果: ゴブリン — 勝利 (3T) 残HP:29
[GameManager] Phase: BattleResult → Reward
[GameManager] Phase: Reward → MapNavigation
[GameManager] MoveToNode: r4_l1 (phase=MapNavigation)
[GameManager] タイル起動: 罠 (r4_l1)
[GameManager] Phase: MapNavigation → TrapTriggered
[GameManager] Phase: TrapTriggered → MapNavigation
[GameManager] MoveToNode: r5_l0 (phase=MapNavigation)
[GameManager] タイル起動: 休憩 (r5_l0)
[GameManager] Phase: MapNavigation → RestStop
[GameManager] 休憩回復: +9HP (30%) (現在: 30/30)
[GameManager] Phase: RestStop → MapNavigation
[GameManager] MoveToNode: r6_l0 (phase=MapNavigation)
[GameManager] タイル起動: 戦闘 (r6_l0)
[GameManager] エンカウント: ゴブリン
[GameManager] Phase: MapNavigation → Combat
[GameManager] Phase: Combat → BattleResult
[GameManager] 戦闘結果: ゴブリン — 勝利 (3T) 残HP:30
[GameManager] Phase: BattleResult → Reward
[GameManager] Phase: Reward → MapNavigation
[GameManager] MoveToNode: r7_l0 (phase=MapNavigation)
[GameManager] タイル起動: 罠 (r7_l0)
[GameManager] Phase: MapNavigation → TrapTriggered
[GameManager] Phase: TrapTriggered → MapNavigation
[GameManager] MoveToNode: r8_l0 (phase=MapNavigation)
[GameManager] タイル起動: 秘宝 (r8_l0)
[GameManager] 宝箱: ゴールド+5, 安らぎの靴
[GameManager] Phase: MapNavigation → TreasureOpen
[GameManager] Phase: TreasureOpen → MapNavigation
[GameManager] MoveToNode: r9_l0 (phase=MapNavigation)
[GameManager] タイル起動: 休憩 (r9_l0)
[GameManager] Phase: MapNavigation → RestStop
[GameManager] 休憩回復: +9HP (30%) (現在: 30/30)
[GameManager] Phase: RestStop → MapNavigation
[GameManager] MoveToNode: boss (phase=MapNavigation)
[GameManager] タイル起動: ボス (boss)
[GameManager] ボス 'boss_layer1' 未定義 — フロア1のプールから抽選
[GameManager] ボス戦: ゴブリン
[GameManager] Phase: MapNavigation → Combat
[GameManager] Phase: Combat → BattleResult
[GameManager] 戦闘結果: ゴブリン — 勝利 (3T) 残HP:30
[GameManager] Phase: BattleResult → Reward
[GameManager] Phase: Reward → FloorClear
[GameManager] フロア1クリア → 次へ
[GameManager] 層デバフ: MaxHP-5 → 25
[GameManager] Phase: FloorClear → FloorIntro
[GameManager] --- フロア 2 [嘆きの共鳴] ---
[GameManager] Phase: FloorIntro → MapNavigation
[GameManager] MoveToNode: r1_l0 (phase=MapNavigation)
[GameManager] タイル起動: ショップ (r1_l0)
[GameManager] EnterShop called
[GameManager] MapTransitionController.Instance = null
[GameManager] Phase: MapNavigation → ShopVisit
[GameManager] Phase: ShopVisit → MapNavigation
[GameManager] MoveToNode: r2_l1 (phase=MapNavigation)
[GameManager] タイル起動: 戦闘 (r2_l1)
[GameManager] エンカウント: ダイアウルフ
[GameManager] Phase: MapNavigation → Combat
[GameManager] Phase: Combat → BattleResult
[GameManager] 戦闘結果: ダイアウルフ — 勝利 (1T) 残HP:25
[GameManager] Phase: BattleResult → Reward
[GameManager] Phase: Reward → MapNavigation
[GameManager] MoveToNode: r3_l1 (phase=MapNavigation)
[GameManager] タイル起動: 激戦 (r3_l1)
[GameManager] エンカウント: ゴブリン王
[GameManager] Phase: MapNavigation → Combat
[GameManager] Phase: Combat → BattleResult
[GameManager] 戦闘結果: ゴブリン王 — 勝利 (5T) 残HP:23
[GameManager] 激戦2戦目: ゴブリン
[GameManager] Phase: BattleResult → Combat
[GameManager] Phase: Combat → BattleResult
[GameManager] 戦闘結果: ゴブリン — 勝利 (5T) 残HP:21
[GameManager] Phase: BattleResult → Reward
[GameManager] Phase: Reward → MapNavigation
[GameManager] MoveToNode: r4_l2 (phase=MapNavigation)
[GameManager] タイル起動: 戦闘 (r4_l2)
[GameManager] エンカウント: ゴブリン王
[GameManager] Phase: MapNavigation → Combat
[GameManager] Phase: Combat → BattleResult
[GameManager] 戦闘結果: ゴブリン王 — 勝利 (5T) 残HP:20
[GameManager] Phase: BattleResult → Reward
[GameManager] Phase: Reward → MapNavigation
[GameManager] MoveToNode: r5_l2 (phase=MapNavigation)
[GameManager] タイル起動: 戦闘 (r5_l2)
[GameManager] エンカウント: スライム
[GameManager] Phase: MapNavigation → Combat
[GameManager] Phase: Combat → BattleResult
[GameManager] 戦闘結果: スライム — 勝利 (1T) 残HP:21
[GameManager] Phase: BattleResult → Reward
[GameManager] Phase: Reward → MapNavigation
[GameManager] MoveToNode: r6_l1 (phase=MapNavigation)
[GameManager] タイル起動: 戦闘 (r6_l1)
[GameManager] エンカウント: スライム
[GameManager] Phase: MapNavigation → Combat
[GameManager] Phase: Combat → BattleResult
[GameManager] 戦闘結果: スライム — 勝利 (1T) 残HP:22
[GameManager] Phase: BattleResult → Reward
[GameManager] Phase: Reward → MapNavigation
[GameManager] MoveToNode: r7_l1 (phase=MapNavigation)
[GameManager] タイル起動: ショップ (r7_l1)
[GameManager] EnterShop called
[GameManager] MapTransitionController.Instance = null
[GameManager] Phase: MapNavigation → ShopVisit
[GameManager] Phase: ShopVisit → MapNavigation
[GameManager] MoveToNode: r8_l1 (phase=MapNavigation)
[GameManager] タイル起動: 秘宝 (r8_l1)
[GameManager] 宝箱: ゴールド+6, 骨のダイス
[GameManager] Phase: MapNavigation → TreasureOpen
[GameManager] Phase: TreasureOpen → MapNavigation
[GameManager] MoveToNode: r9_l1 (phase=MapNavigation)
[GameManager] タイル起動: 休憩 (r9_l1)
[GameManager] Phase: MapNavigation → RestStop
[GameManager] 休憩回復: +8HP (30%) (現在: 25/25)
[GameManager] Phase: RestStop → MapNavigation
[GameManager] MoveToNode: boss (phase=MapNavigation)
[GameManager] タイル起動: ボス (boss)
[GameManager] ボス戦: ゴブリン王
[GameManager] Phase: MapNavigation → Combat
[GameManager] Phase: Combat → BattleResult
[GameManager] 戦闘結果: ゴブリン王 — 勝利 (6T) 残HP:22
[GameManager] Phase: BattleResult → Reward
[GameManager] Phase: Reward → FloorClear
[GameManager] フロア2クリア → 次へ
[GameManager] Phase: FloorClear → FloorIntro
[GameManager] --- フロア 3 [瘴気侵蝕] ---
[GameManager] Phase: FloorIntro → MapNavigation
[GameManager] MoveToNode: r1_l1 (phase=MapNavigation)
[GameManager] タイル起動: イベント (r1_l1)
[GameManager] Phase: MapNavigation → EventEncounter
[GameManager] Phase: EventEncounter → MapNavigation
[GameManager] MoveToNode: r2_l2 (phase=MapNavigation)
[GameManager] タイル起動: 戦闘 (r2_l2)
[GameManager] エンカウント: オーク
[GameManager] Phase: MapNavigation → Combat
[GameManager] Phase: Combat → BattleResult
[GameManager] 戦闘結果: オーク — 敗北 (13T) 残HP:0
[GameManager] 救済発動: マップへ戻る
[GameManager] Phase: BattleResult → MapNavigation
[AutoRunner] ラストスタンド発動 (Floor 3)
[GameManager] MoveToNode: r3_l2 (phase=MapNavigation)
[GameManager] タイル起動: 戦闘 (r3_l2)
[GameManager] エンカウント: 13番目の死
[GameManager] Phase: MapNavigation → Combat
[GameManager] Phase: Combat → BattleResult
[GameManager] 戦闘結果: 13番目の死 — 勝利 (3T) 残HP:1
[GameManager] 層デバフ: 戦闘後2ダメージ (HP:1)
[GameManager] Phase: BattleResult → Reward
[GameManager] Phase: Reward → MapNavigation
[GameManager] MoveToNode: r4_l2 (phase=MapNavigation)
[GameManager] タイル起動: 戦闘 (r4_l2)
[GameManager] エンカウント: ハーピィ
[GameManager] Phase: MapNavigation → Combat
[GameManager] Phase: Combat → BattleResult
[GameManager] 戦闘結果: ハーピィ — 敗北 (1T) 残HP:0
[GameManager] Phase: BattleResult → GameOver
[AutoRunner] === RUN 61 終了: R4 (3Fで死亡) — 敗北 cause=CombatLoss ===

########## RUN 62  [R5 4Fで死亡]  敗北 cause=CombatLoss
# reached F4 HP 0/1 coins 109 combats 16/18 LS=True
[GameManager] Phase: GameOver → Title
[GameManager] Phase: Title → RunStart
[GameManager] === ラン開始 === HP:30
[GameManager] Phase: RunStart → FloorIntro
[GameManager] --- フロア 1 [残光の加護] ---
[GameManager] Phase: FloorIntro → MapNavigation
[GameManager] MoveToNode: r1_l1 (phase=MapNavigation)
[GameManager] タイル起動: 戦闘 (r1_l1)
[GameManager] エンカウント: ゴブリン
[GameManager] Phase: MapNavigation → Combat
[GameManager] Phase: Combat → BattleResult
[GameManager] 戦闘結果: ゴブリン — 勝利 (3T) 残HP:30
[GameManager] Phase: BattleResult → Reward
[GameManager] Phase: Reward → MapNavigation
[GameManager] MoveToNode: r2_l1 (phase=MapNavigation)
[GameManager] タイル起動: 戦闘 (r2_l1)
[GameManager] エンカウント: スライム
[GameManager] Phase: MapNavigation → Combat
[GameManager] Phase: Combat → BattleResult
[GameManager] 戦闘結果: スライム — 勝利 (1T) 残HP:30
[GameManager] Phase: BattleResult → Reward
[GameManager] Phase: Reward → MapNavigation
[GameManager] MoveToNode: r3_l1 (phase=MapNavigation)
[GameManager] タイル起動: 戦闘 (r3_l1)
[GameManager] エンカウント: スライム
[GameManager] Phase: MapNavigation → Combat
[GameManager] Phase: Combat → BattleResult
[GameManager] 戦闘結果: スライム — 勝利 (2T) 残HP:30
[GameManager] Phase: BattleResult → Reward
[GameManager] Phase: Reward → MapNavigation
[GameManager] MoveToNode: r4_l1 (phase=MapNavigation)
[GameManager] タイル起動: イベント (r4_l1)
[GameManager] Phase: MapNavigation → EventEncounter
[GameManager] Phase: EventEncounter → MapNavigation
[GameManager] MoveToNode: r5_l1 (phase=MapNavigation)
[GameManager] タイル起動: 戦闘 (r5_l1)
[GameManager] エンカウント: スライム
[GameManager] Phase: MapNavigation → Combat
[GameManager] Phase: Combat → BattleResult
[GameManager] 戦闘結果: スライム — 勝利 (2T) 残HP:30
[GameManager] Phase: BattleResult → Reward
[GameManager] Phase: Reward → MapNavigation
[GameManager] MoveToNode: r6_l1 (phase=MapNavigation)
[GameManager] タイル起動: 戦闘 (r6_l1)
[GameManager] エンカウント: スライム
[GameManager] Phase: MapNavigation → Combat
[GameManager] Phase: Combat → BattleResult
[GameManager] 戦闘結果: スライム — 勝利 (4T) 残HP:28
[GameManager] Phase: BattleResult → Reward
[GameManager] Phase: Reward → MapNavigation
[GameManager] MoveToNode: r7_l1 (phase=MapNavigation)
[GameManager] タイル起動: 激戦 (r7_l1)
[GameManager] エンカウント: スライム
[GameManager] Phase: MapNavigation → Combat
[GameManager] Phase: Combat → BattleResult
[GameManager] 戦闘結果: スライム — 勝利 (1T) 残HP:28
[GameManager] 激戦2戦目: ゴブリン
[GameManager] Phase: BattleResult → Combat
[GameManager] Phase: Combat → BattleResult
[GameManager] 戦闘結果: ゴブリン — 勝利 (4T) 残HP:27
[GameManager] Phase: BattleResult → Reward
[GameManager] Phase: Reward → MapNavigation
[GameManager] MoveToNode: r8_l1 (phase=MapNavigation)
[GameManager] タイル起動: 秘宝 (r8_l1)
[GameManager] 宝箱: ゴールド+7, 黒煙の符
[GameManager] Phase: MapNavigation → TreasureOpen
[GameManager] Phase: TreasureOpen → MapNavigation
[GameManager] MoveToNode: r9_l1 (phase=MapNavigation)
[GameManager] タイル起動: 休憩 (r9_l1)
[GameManager] Phase: MapNavigation → RestStop
[GameManager] 休憩回復: +9HP (30%) (現在: 30/30)
[GameManager] Phase: RestStop → MapNavigation
[GameManager] MoveToNode: boss (phase=MapNavigation)
[GameManager] タイル起動: ボス (boss)
[GameManager] ボス 'boss_layer1' 未定義 — フロア1のプールから抽選
[GameManager] ボス戦: スライム
[GameManager] Phase: MapNavigation → Combat
[GameManager] Phase: Combat → BattleResult
[GameManager] 戦闘結果: スライム — 勝利 (2T) 残HP:30
[GameManager] Phase: BattleResult → Reward
[GameManager] Phase: Reward → FloorClear
[GameManager] フロア1クリア → 次へ
[GameManager] 層デバフ: MaxHP-5 → 25
[GameManager] Phase: FloorClear → FloorIntro
[GameManager] --- フロア 2 [嘆きの共鳴] ---
[GameManager] Phase: FloorIntro → MapNavigation
[GameManager] MoveToNode: r1_l2 (phase=MapNavigation)
[GameManager] タイル起動: ショップ (r1_l2)
[GameManager] EnterShop called
[GameManager] MapTransitionController.Instance = null
[GameManager] Phase: MapNavigation → ShopVisit
[GameManager] Phase: ShopVisit → MapNavigation
[GameManager] MoveToNode: r2_l2 (phase=MapNavigation)
[GameManager] タイル起動: 戦闘 (r2_l2)
[GameManager] エンカウント: ゴブリン王
[GameManager] Phase: MapNavigation → Combat
[GameManager] Phase: Combat → BattleResult
[GameManager] 戦闘結果: ゴブリン王 — 勝利 (9T) 残HP:22
[GameManager] Phase: BattleResult → Reward
[GameManager] Phase: Reward → MapNavigation
[GameManager] MoveToNode: r3_l2 (phase=MapNavigation)
[GameManager] タイル起動: 激戦 (r3_l2)
[GameManager] エンカウント: 13番目の死
[GameManager] Phase: MapNavigation → Combat
[GameManager] Phase: Combat → BattleResult
[GameManager] 戦闘結果: 13番目の死 — 勝利 (2T) 残HP:22
[GameManager] 激戦2戦目: スライム
[GameManager] Phase: BattleResult → Combat
[GameManager] Phase: Combat → BattleResult
[GameManager] 戦闘結果: スライム — 勝利 (2T) 残HP:22
[GameManager] Phase: BattleResult → Reward
[GameManager] Phase: Reward → MapNavigation
[GameManager] MoveToNode: r4_l2 (phase=MapNavigation)
[GameManager] タイル起動: 罠 (r4_l2)
[GameManager] Phase: MapNavigation → TrapTriggered
[GameManager] Phase: TrapTriggered → MapNavigation
[GameManager] MoveToNode: r5_l2 (phase=MapNavigation)
[GameManager] タイル起動: 戦闘 (r5_l2)
[GameManager] エンカウント: ダイアウルフ
[GameManager] Phase: MapNavigation → Combat
[GameManager] Phase: Combat → BattleResult
[GameManager] 戦闘結果: ダイアウルフ — 勝利 (6T) 残HP:13
[GameManager] Phase: BattleResult → Reward
[GameManager] Phase: Reward → MapNavigation
[GameManager] MoveToNode: r6_l2 (phase=MapNavigation)
[GameManager] タイル起動: 戦闘 (r6_l2)
[GameManager] エンカウント: スケルトン
[GameManager] Phase: MapNavigation → Combat
[GameManager] Phase: Combat → BattleResult
[GameManager] 戦闘結果: スケルトン — 勝利 (11T) 残HP:10
[GameManager] Phase: BattleResult → Reward
[GameManager] Phase: Reward → MapNavigation
[GameManager] MoveToNode: r7_l2 (phase=MapNavigation)
[GameManager] タイル起動: 秘宝 (r7_l2)
[GameManager] 宝箱: ゴールド+4, 鎖帷子
[GameManager] Phase: MapNavigation → TreasureOpen
[GameManager] Phase: TreasureOpen → MapNavigation
[GameManager] MoveToNode: r8_l2 (phase=MapNavigation)
[GameManager] タイル起動: 秘宝 (r8_l2)
[GameManager] 宝箱: ゴールド+14, 銅貨のダイス
[GameManager] Phase: MapNavigation → TreasureOpen
[GameManager] Phase: TreasureOpen → MapNavigation
[GameManager] MoveToNode: r9_l2 (phase=MapNavigation)
[GameManager] タイル起動: 休憩 (r9_l2)
[GameManager] Phase: MapNavigation → RestStop
[GameManager] 休憩回復: +8HP (30%) (現在: 18/25)
[GameManager] Phase: RestStop → MapNavigation
[GameManager] MoveToNode: boss (phase=MapNavigation)
[GameManager] タイル起動: ボス (boss)
[GameManager] ボス戦: ゴブリン王
[GameManager] Phase: MapNavigation → Combat
[GameManager] Phase: Combat → BattleResult
[GameManager] 戦闘結果: ゴブリン王 — 勝利 (12T) 残HP:18
[GameManager] Phase: BattleResult → Reward
[GameManager] Phase: Reward → FloorClear
[GameManager] フロア2クリア → 次へ
[GameManager] Phase: FloorClear → FloorIntro
[GameManager] --- フロア 3 [瘴気侵蝕] ---
[GameManager] Phase: FloorIntro → MapNavigation
[GameManager] MoveToNode: r1_l2 (phase=MapNavigation)
[GameManager] タイル起動: イベント (r1_l2)
[GameManager] Phase: MapNavigation → EventEncounter
[GameManager] Phase: EventEncounter → MapNavigation
[GameManager] MoveToNode: r2_l2 (phase=MapNavigation)
[GameManager] タイル起動: 罠 (r2_l2)
[GameManager] Phase: MapNavigation → TrapTriggered
[GameManager] Phase: TrapTriggered → MapNavigation
[GameManager] MoveToNode: r3_l2 (phase=MapNavigation)
[GameManager] タイル起動: ショップ (r3_l2)
[GameManager] EnterShop called
[GameManager] MapTransitionController.Instance = null
[GameManager] Phase: MapNavigation → ShopVisit
[GameManager] Phase: ShopVisit → MapNavigation
[GameManager] MoveToNode: r4_l1 (phase=MapNavigation)
[GameManager] タイル起動: 戦闘 (r4_l1)
[GameManager] エンカウント: オーク
[GameManager] Phase: MapNavigation → Combat
[GameManager] Phase: Combat → BattleResult
[GameManager] 戦闘結果: オーク — 勝利 (17T) 残HP:3
[GameManager] 層デバフ: 戦闘後2ダメージ (HP:1)
[GameManager] Phase: BattleResult → Reward
[GameManager] Phase: Reward → MapNavigation
[GameManager] MoveToNode: r5_l1 (phase=MapNavigation)
[GameManager] タイル起動: 罠 (r5_l1)
[GameManager] Phase: MapNavigation → TrapTriggered
[GameManager] Phase: TrapTriggered → MapNavigation
[GameManager] MoveToNode: r6_l1 (phase=MapNavigation)
[GameManager] タイル起動: イベント (r6_l1)
[GameManager] Phase: MapNavigation → EventEncounter
[GameManager] Phase: EventEncounter → MapNavigation
[GameManager] MoveToNode: r7_l1 (phase=MapNavigation)
[GameManager] タイル起動: 罠 (r7_l1)
[GameManager] Phase: MapNavigation → TrapTriggered
[GameManager] Phase: TrapTriggered → MapNavigation
[GameManager] MoveToNode: r8_l1 (phase=MapNavigation)
[GameManager] タイル起動: 秘宝 (r8_l1)
[GameManager] 宝箱: ゴールド+12, 木のダイス
[GameManager] Phase: MapNavigation → TreasureOpen
[GameManager] Phase: TreasureOpen → MapNavigation
[GameManager] MoveToNode: r9_l1 (phase=MapNavigation)
[GameManager] タイル起動: 休憩 (r9_l1)
[GameManager] Phase: MapNavigation → RestStop
[GameManager] 休憩回復: +13HP (50%) (現在: 14/25)
[GameManager] Phase: RestStop → MapNavigation
[GameManager] MoveToNode: boss (phase=MapNavigation)
[GameManager] タイル起動: ボス (boss)
[GameManager] ボス戦: 凍れる吟遊詩人
[GameManager] Phase: MapNavigation → Combat
[GameManager] Phase: Combat → BattleResult
[GameManager] 戦闘結果: 凍れる吟遊詩人 — 勝利 (14T) 残HP:14
[GameManager] 層デバフ: 戦闘後2ダメージ (HP:12)
[GameManager] Phase: BattleResult → Reward
[GameManager] Phase: Reward → FloorClear
[GameManager] フロア3クリア → 次へ
[GameManager] Phase: FloorClear → FloorIntro
[GameManager] --- フロア 4 [煉獄の刻印] ---
[GameManager] Phase: FloorIntro → MapNavigation
[GameManager] MoveToNode: r1_l1 (phase=MapNavigation)
[GameManager] タイル起動: 秘宝 (r1_l1)
[GameManager] 宝箱: ゴールド+20, 血のダイス
[GameManager] Phase: MapNavigation → TreasureOpen
[GameManager] Phase: TreasureOpen → MapNavigation
[GameManager] MoveToNode: r2_l0 (phase=MapNavigation)
[GameManager] タイル起動: 戦闘 (r2_l0)
[GameManager] エンカウント: ミノタウロス
[GameManager] Phase: MapNavigation → Combat
[GameManager] Phase: Combat → BattleResult
[GameManager] 戦闘結果: ミノタウロス — 敗北 (11T) 残HP:0
[GameManager] 救済発動: マップへ戻る
[GameManager] Phase: BattleResult → MapNavigation
[AutoRunner] ラストスタンド発動 (Floor 4)
[GameManager] MoveToNode: r3_l0 (phase=MapNavigation)
[GameManager] タイル起動: イベント (r3_l0)
[GameManager] Phase: MapNavigation → EventEncounter
[GameManager] Phase: EventEncounter → MapNavigation
[GameManager] MoveToNode: r4_l0 (phase=MapNavigation)
[GameManager] タイル起動: 激戦 (r4_l0)
[GameManager] エンカウント: ミノタウロス
[GameManager] Phase: MapNavigation → Combat
[GameManager] Phase: Combat → BattleResult
[GameManager] 戦闘結果: ミノタウロス — 敗北 (5T) 残HP:0
[GameManager] Phase: BattleResult → GameOver
[AutoRunner] === RUN 62 終了: R5 (4Fで死亡) — 敗北 cause=CombatLoss ===

########## RUN 63  [R6 5F道中/カルマで死亡]  敗北 cause=CombatLoss
# reached F5 HP 0/1 coins 96 combats 25/27 LS=True
[GameManager] Phase: GameOver → Title
[GameManager] Phase: Title → RunStart
[GameManager] === ラン開始 === HP:30
[GameManager] Phase: RunStart → FloorIntro
[GameManager] --- フロア 1 [残光の加護] ---
[GameManager] Phase: FloorIntro → MapNavigation
[GameManager] MoveToNode: r1_l0 (phase=MapNavigation)
[GameManager] タイル起動: ショップ (r1_l0)
[GameManager] EnterShop called
[GameManager] MapTransitionController.Instance = null
[GameManager] Phase: MapNavigation → ShopVisit
[GameManager] Phase: ShopVisit → MapNavigation
[GameManager] MoveToNode: r2_l0 (phase=MapNavigation)
[GameManager] タイル起動: 戦闘 (r2_l0)
[GameManager] エンカウント: ゴブリン
[GameManager] Phase: MapNavigation → Combat
[GameManager] Phase: Combat → BattleResult
[GameManager] 戦闘結果: ゴブリン — 勝利 (3T) 残HP:30
[GameManager] Phase: BattleResult → Reward
[GameManager] Phase: Reward → MapNavigation
[GameManager] MoveToNode: r3_l0 (phase=MapNavigation)
[GameManager] タイル起動: イベント (r3_l0)
[GameManager] Phase: MapNavigation → EventEncounter
[GameManager] イベント戦闘: スライム (elite=False)
[GameManager] Phase: EventEncounter → Combat
[GameManager] Phase: Combat → BattleResult
[GameManager] 戦闘結果: スライム — 勝利 (2T) 残HP:30
[GameManager] Phase: BattleResult → MapNavigation
[GameManager] MoveToNode: r4_l0 (phase=MapNavigation)
[GameManager] タイル起動: 戦闘 (r4_l0)
[GameManager] エンカウント: スライム
[GameManager] Phase: MapNavigation → Combat
[GameManager] Phase: Combat → BattleResult
[GameManager] 戦闘結果: スライム — 勝利 (1T) 残HP:30
[GameManager] Phase: BattleResult → Reward
[GameManager] Phase: Reward → MapNavigation
[GameManager] MoveToNode: r5_l0 (phase=MapNavigation)
[GameManager] タイル起動: 戦闘 (r5_l0)
[GameManager] エンカウント: スライム
[GameManager] Phase: MapNavigation → Combat
[GameManager] Phase: Combat → BattleResult
[GameManager] 戦闘結果: スライム — 勝利 (3T) 残HP:30
[GameManager] Phase: BattleResult → Reward
[GameManager] Phase: Reward → MapNavigation
[GameManager] MoveToNode: r6_l0 (phase=MapNavigation)
[GameManager] タイル起動: 罠 (r6_l0)
[GameManager] Phase: MapNavigation → TrapTriggered
[GameManager] Phase: TrapTriggered → MapNavigation
[GameManager] MoveToNode: r7_l0 (phase=MapNavigation)
[GameManager] タイル起動: 戦闘 (r7_l0)
[GameManager] エンカウント: ゴブリン
[GameManager] Phase: MapNavigation → Combat
[GameManager] Phase: Combat → BattleResult
[GameManager] 戦闘結果: ゴブリン — 勝利 (2T) 残HP:30
[GameManager] Phase: BattleResult → Reward
[GameManager] Phase: Reward → MapNavigation
[GameManager] MoveToNode: r8_l0 (phase=MapNavigation)
[GameManager] タイル起動: 秘宝 (r8_l0)
[GameManager] 宝箱: ゴールド+5, 治癒の指輪
[GameManager] Phase: MapNavigation → TreasureOpen
[GameManager] Phase: TreasureOpen → MapNavigation
[GameManager] MoveToNode: r9_l0 (phase=MapNavigation)
[GameManager] タイル起動: 休憩 (r9_l0)
[GameManager] Phase: MapNavigation → RestStop
[GameManager] 休憩回復: +9HP (30%) (現在: 30/30)
[GameManager] Phase: RestStop → MapNavigation
[GameManager] MoveToNode: boss (phase=MapNavigation)
[GameManager] タイル起動: ボス (boss)
[GameManager] ボス 'boss_layer1' 未定義 — フロア1のプールから抽選
[GameManager] ボス戦: ゴブリン
[GameManager] Phase: MapNavigation → Combat
[GameManager] Phase: Combat → BattleResult
[GameManager] 戦闘結果: ゴブリン — 勝利 (2T) 残HP:30
[GameManager] Phase: BattleResult → Reward
[GameManager] Phase: Reward → FloorClear
[GameManager] フロア1クリア → 次へ
[GameManager] 層デバフ: MaxHP-5 → 25
[GameManager] Phase: FloorClear → FloorIntro
[GameManager] --- フロア 2 [嘆きの共鳴] ---
[GameManager] Phase: FloorIntro → MapNavigation
[GameManager] MoveToNode: r1_l2 (phase=MapNavigation)
[GameManager] タイル起動: 戦闘 (r1_l2)
[GameManager] エンカウント: ゴブリン王
[GameManager] Phase: MapNavigation → Combat
[GameManager] Phase: Combat → BattleResult
[GameManager] 戦闘結果: ゴブリン王 — 勝利 (8T) 残HP:24
[GameManager] Phase: BattleResult → Reward
[GameManager] Phase: Reward → MapNavigation
[GameManager] MoveToNode: r2_l2 (phase=MapNavigation)
[GameManager] タイル起動: 戦闘 (r2_l2)
[GameManager] エンカウント: ゴブリン
[GameManager] Phase: MapNavigation → Combat
[GameManager] Phase: Combat → BattleResult
[GameManager] 戦闘結果: ゴブリン — 勝利 (5T) 残HP:24
[GameManager] Phase: BattleResult → Reward
[GameManager] Phase: Reward → MapNavigation
[GameManager] MoveToNode: r3_l2 (phase=MapNavigation)
[GameManager] タイル起動: 激戦 (r3_l2)
[GameManager] エンカウント: ダイアウルフ
[GameManager] Phase: MapNavigation → Combat
[GameManager] Phase: Combat → BattleResult
[GameManager] 戦闘結果: ダイアウルフ — 勝利 (4T) 残HP:24
[GameManager] 激戦2戦目: スライム
[GameManager] Phase: BattleResult → Combat
[GameManager] Phase: Combat → BattleResult
[GameManager] 戦闘結果: スライム — 勝利 (2T) 残HP:24
[GameManager] Phase: BattleResult → Reward
[GameManager] Phase: Reward → MapNavigation
[GameManager] MoveToNode: r4_l2 (phase=MapNavigation)
[GameManager] タイル起動: 戦闘 (r4_l2)
[GameManager] エンカウント: 13番目の死
[GameManager] Phase: MapNavigation → Combat
[GameManager] Phase: Combat → BattleResult
[GameManager] 戦闘結果: 13番目の死 — 勝利 (2T) 残HP:24
[GameManager] Phase: BattleResult → Reward
[GameManager] Phase: Reward → MapNavigation
[GameManager] MoveToNode: r5_l2 (phase=MapNavigation)
[GameManager] タイル起動: 戦闘 (r5_l2)
[GameManager] エンカウント: コボルド
[GameManager] Phase: MapNavigation → Combat
[GameManager] Phase: Combat → BattleResult
[GameManager] 戦闘結果: コボルド — 勝利 (1T) 残HP:24
[GameManager] Phase: BattleResult → Reward
[GameManager] Phase: Reward → MapNavigation
[GameManager] MoveToNode: r6_l2 (phase=MapNavigation)
[GameManager] タイル起動: 激戦 (r6_l2)
[GameManager] エンカウント: コボルド
[GameManager] Phase: MapNavigation → Combat
[GameManager] Phase: Combat → BattleResult
[GameManager] 戦闘結果: コボルド — 勝利 (2T) 残HP:24
[GameManager] 激戦2戦目: 13番目の死
[GameManager] Phase: BattleResult → Combat
[GameManager] Phase: Combat → BattleResult
[GameManager] 戦闘結果: 13番目の死 — 勝利 (2T) 残HP:24
[GameManager] Phase: BattleResult → Reward
[GameManager] Phase: Reward → MapNavigation
[GameManager] MoveToNode: r7_l2 (phase=MapNavigation)
[GameManager] タイル起動: イベント (r7_l2)
[GameManager] Phase: MapNavigation → EventEncounter
[GameManager] Phase: EventEncounter → MapNavigation
[GameManager] MoveToNode: r8_l2 (phase=MapNavigation)
[GameManager] タイル起動: 秘宝 (r8_l2)
[GameManager] 宝箱: ゴールド+10, 灯心の鈴
[GameManager] Phase: MapNavigation → TreasureOpen
[GameManager] Phase: TreasureOpen → MapNavigation
[GameManager] MoveToNode: r9_l2 (phase=MapNavigation)
[GameManager] タイル起動: 休憩 (r9_l2)
[GameManager] Phase: MapNavigation → RestStop
[GameManager] 休憩回復: +8HP (30%) (現在: 22/25)
[GameManager] Phase: RestStop → MapNavigation
[GameManager] MoveToNode: boss (phase=MapNavigation)
[GameManager] タイル起動: ボス (boss)
[GameManager] ボス戦: ゴブリン王
[GameManager] Phase: MapNavigation → Combat
[GameManager] Phase: Combat → BattleResult
[GameManager] 戦闘結果: ゴブリン王 — 勝利 (5T) 残HP:22
[GameManager] Phase: BattleResult → Reward
[GameManager] Phase: Reward → FloorClear
[GameManager] フロア2クリア → 次へ
[GameManager] Phase: FloorClear → FloorIntro
[GameManager] --- フロア 3 [瘴気侵蝕] ---
[GameManager] Phase: FloorIntro → MapNavigation
[GameManager] MoveToNode: r1_l0 (phase=MapNavigation)
[GameManager] タイル起動: 戦闘 (r1_l0)
[GameManager] エンカウント: オーク
[GameManager] Phase: MapNavigation → Combat
[GameManager] Phase: Combat → BattleResult
[GameManager] 戦闘結果: オーク — 勝利 (3T) 残HP:24
[GameManager] 層デバフ: 戦闘後2ダメージ (HP:22)
[GameManager] Phase: BattleResult → Reward
[GameManager] Phase: Reward → MapNavigation
[GameManager] MoveToNode: r2_l0 (phase=MapNavigation)
[GameManager] タイル起動: イベント (r2_l0)
[GameManager] Phase: MapNavigation → EventEncounter
[GameManager] Phase: EventEncounter → MapNavigation
[GameManager] MoveToNode: r3_l0 (phase=MapNavigation)
[GameManager] タイル起動: 激戦 (r3_l0)
[GameManager] エンカウント: ゴブリン王
[GameManager] Phase: MapNavigation → Combat
[GameManager] Phase: Combat → BattleResult
[GameManager] 戦闘結果: ゴブリン王 — 勝利 (9T) 残HP:22
[GameManager] 層デバフ: 戦闘後2ダメージ (HP:20)
[GameManager] 激戦2戦目: ハーピィ
[GameManager] Phase: BattleResult → Combat
[GameManager] Phase: Combat → BattleResult
[GameManager] 戦闘結果: ハーピィ — 勝利 (11T) 残HP:15
[GameManager] 層デバフ: 戦闘後2ダメージ (HP:13)
[GameManager] Phase: BattleResult → Reward
[GameManager] Phase: Reward → MapNavigation
[GameManager] MoveToNode: r4_l0 (phase=MapNavigation)
[GameManager] タイル起動: 戦闘 (r4_l0)
[GameManager] エンカウント: ダイアウルフ
[GameManager] Phase: MapNavigation → Combat
[GameManager] Phase: Combat → BattleResult
[GameManager] 戦闘結果: ダイアウルフ — 勝利 (8T) 残HP:7
[GameManager] 層デバフ: 戦闘後2ダメージ (HP:5)
[GameManager] Phase: BattleResult → Reward
[GameManager] Phase: Reward → MapNavigation
[GameManager] MoveToNode: r5_l0 (phase=MapNavigation)
[GameManager] タイル起動: 秘宝 (r5_l0)
[GameManager] 宝箱: ゴールド+18, 銅貨のダイス
[GameManager] Phase: MapNavigation → TreasureOpen
[GameManager] Phase: TreasureOpen → MapNavigation
[GameManager] MoveToNode: r6_l0 (phase=MapNavigation)
[GameManager] タイル起動: 戦闘 (r6_l0)
[GameManager] エンカウント: 凍れる吟遊詩人
[GameManager] Phase: MapNavigation → Combat
[GameManager] Phase: Combat → BattleResult
[GameManager] 戦闘結果: 凍れる吟遊詩人 — 勝利 (14T) 残HP:5
[GameManager] 層デバフ: 戦闘後2ダメージ (HP:3)
[GameManager] Phase: BattleResult → Reward
[GameManager] Phase: Reward → MapNavigation
[GameManager] MoveToNode: r7_l0 (phase=MapNavigation)
[GameManager] タイル起動: 罠 (r7_l0)
[GameManager] Phase: MapNavigation → TrapTriggered
[GameManager] Phase: TrapTriggered → MapNavigation
[GameManager] MoveToNode: r8_l0 (phase=MapNavigation)
[GameManager] タイル起動: 秘宝 (r8_l0)
[GameManager] 宝箱: ゴールド+9, 革の手甲
[GameManager] Phase: MapNavigation → TreasureOpen
[GameManager] Phase: TreasureOpen → MapNavigation
[GameManager] MoveToNode: r9_l0 (phase=MapNavigation)
[GameManager] タイル起動: 休憩 (r9_l0)
[GameManager] Phase: MapNavigation → RestStop
[GameManager] 休憩回復: +13HP (50%) (現在: 16/25)
[GameManager] Phase: RestStop → MapNavigation
[GameManager] MoveToNode: boss (phase=MapNavigation)
[GameManager] タイル起動: ボス (boss)
[GameManager] ボス戦: 凍れる吟遊詩人
[GameManager] Phase: MapNavigation → Combat
[GameManager] Phase: Combat → BattleResult
[GameManager] 戦闘結果: 凍れる吟遊詩人 — 勝利 (13T) 残HP:16
[GameManager] 層デバフ: 戦闘後2ダメージ (HP:14)
[GameManager] Phase: BattleResult → Reward
[GameManager] Phase: Reward → FloorClear
[GameManager] フロア3クリア → 次へ
[GameManager] Phase: FloorClear → FloorIntro
[GameManager] --- フロア 4 [煉獄の刻印] ---
[GameManager] Phase: FloorIntro → MapNavigation
[GameManager] MoveToNode: r1_l2 (phase=MapNavigation)
[GameManager] タイル起動: 戦闘 (r1_l2)
[GameManager] エンカウント: リザードマン
[GameManager] Phase: MapNavigation → Combat
[GameManager] Phase: Combat → BattleResult
[GameManager] 戦闘結果: リザードマン — 勝利 (14T) 残HP:7
[GameManager] Phase: BattleResult → Reward
[GameManager] Phase: Reward → MapNavigation
[GameManager] MoveToNode: r2_l2 (phase=MapNavigation)
[GameManager] タイル起動: イベント (r2_l2)
[GameManager] Phase: MapNavigation → EventEncounter
[AutoRunner] ラストスタンド発動 (Floor 5)
[AutoRunner] === RUN 63 終了: R6 (5F道中/カルマで死亡) — 敗北 cause=CombatLoss ===

########## RUN 64  [DEADLOCK デッドロック]  移動先なし(MapNavigation)
# reached F4 HP 1/1 coins 113 combats 14/15 LS=True
[GameManager] Phase: GameOver → Title
[GameManager] Phase: Title → RunStart
[GameManager] === ラン開始 === HP:30
[GameManager] Phase: RunStart → FloorIntro
[GameManager] --- フロア 1 [残光の加護] ---
[GameManager] Phase: FloorIntro → MapNavigation
[GameManager] MoveToNode: r1_l2 (phase=MapNavigation)
[GameManager] タイル起動: 戦闘 (r1_l2)
[GameManager] エンカウント: ゴブリン
[GameManager] Phase: MapNavigation → Combat
[GameManager] Phase: Combat → BattleResult
[GameManager] 戦闘結果: ゴブリン — 勝利 (3T) 残HP:30
[GameManager] Phase: BattleResult → Reward
[GameManager] Phase: Reward → MapNavigation
[GameManager] MoveToNode: r2_l2 (phase=MapNavigation)
[GameManager] タイル起動: イベント (r2_l2)
[GameManager] Phase: MapNavigation → EventEncounter
[GameManager] Phase: EventEncounter → MapNavigation
[GameManager] MoveToNode: r3_l2 (phase=MapNavigation)
[GameManager] タイル起動: 休憩 (r3_l2)
[GameManager] Phase: MapNavigation → RestStop
[GameManager] 休憩回復: +9HP (30%) (現在: 30/30)
[GameManager] Phase: RestStop → MapNavigation
[GameManager] MoveToNode: r4_l2 (phase=MapNavigation)
[GameManager] タイル起動: 戦闘 (r4_l2)
[GameManager] エンカウント: スライム
[GameManager] Phase: MapNavigation → Combat
[GameManager] Phase: Combat → BattleResult
[GameManager] 戦闘結果: スライム — 勝利 (2T) 残HP:30
[GameManager] Phase: BattleResult → Reward
[GameManager] Phase: Reward → MapNavigation
[GameManager] MoveToNode: r5_l1 (phase=MapNavigation)
[GameManager] タイル起動: ショップ (r5_l1)
[GameManager] EnterShop called
[GameManager] MapTransitionController.Instance = null
[GameManager] Phase: MapNavigation → ShopVisit
[GameManager] Phase: ShopVisit → MapNavigation
[GameManager] MoveToNode: r6_l2 (phase=MapNavigation)
[GameManager] タイル起動: 戦闘 (r6_l2)
[GameManager] エンカウント: ゴブリン
[GameManager] Phase: MapNavigation → Combat
[GameManager] Phase: Combat → BattleResult
[GameManager] 戦闘結果: ゴブリン — 勝利 (5T) 残HP:28
[GameManager] Phase: BattleResult → Reward
[GameManager] Phase: Reward → MapNavigation
[GameManager] MoveToNode: r7_l2 (phase=MapNavigation)
[GameManager] タイル起動: 罠 (r7_l2)
[GameManager] Phase: MapNavigation → TrapTriggered
[GameManager] Phase: TrapTriggered → MapNavigation
[GameManager] MoveToNode: r8_l2 (phase=MapNavigation)
[GameManager] タイル起動: 秘宝 (r8_l2)
[GameManager] 宝箱: ゴールド+4, 鋼の籠手
[GameManager] Phase: MapNavigation → TreasureOpen
[GameManager] Phase: TreasureOpen → MapNavigation
[GameManager] MoveToNode: r9_l2 (phase=MapNavigation)
[GameManager] タイル起動: 休憩 (r9_l2)
[GameManager] Phase: MapNavigation → RestStop
[GameManager] 休憩回復: +9HP (30%) (現在: 30/30)
[GameManager] Phase: RestStop → MapNavigation
[GameManager] MoveToNode: boss (phase=MapNavigation)
[GameManager] タイル起動: ボス (boss)
[GameManager] ボス 'boss_layer1' 未定義 — フロア1のプールから抽選
[GameManager] ボス戦: ゴブリン
[GameManager] Phase: MapNavigation → Combat
[GameManager] Phase: Combat → BattleResult
[GameManager] 戦闘結果: ゴブリン — 勝利 (3T) 残HP:30
[GameManager] Phase: BattleResult → Reward
[GameManager] Phase: Reward → FloorClear
[GameManager] フロア1クリア → 次へ
[GameManager] 層デバフ: MaxHP-5 → 25
[GameManager] Phase: FloorClear → FloorIntro
[GameManager] --- フロア 2 [嘆きの共鳴] ---
[GameManager] Phase: FloorIntro → MapNavigation
[GameManager] MoveToNode: r1_l0 (phase=MapNavigation)
[GameManager] タイル起動: 戦闘 (r1_l0)
[GameManager] エンカウント: スケルトン
[GameManager] Phase: MapNavigation → Combat
[GameManager] Phase: Combat → BattleResult
[GameManager] 戦闘結果: スケルトン — 勝利 (5T) 残HP:22
[GameManager] Phase: BattleResult → Reward
[GameManager] Phase: Reward → MapNavigation
[GameManager] MoveToNode: r2_l0 (phase=MapNavigation)
[GameManager] タイル起動: ショップ (r2_l0)
[GameManager] EnterShop called
[GameManager] MapTransitionController.Instance = null
[GameManager] Phase: MapNavigation → ShopVisit
[GameManager] Phase: ShopVisit → MapNavigation
[GameManager] MoveToNode: r3_l0 (phase=MapNavigation)
[GameManager] タイル起動: 罠 (r3_l0)
[GameManager] Phase: MapNavigation → TrapTriggered
[GameManager] Phase: TrapTriggered → MapNavigation
[GameManager] MoveToNode: r4_l0 (phase=MapNavigation)
[GameManager] タイル起動: 休憩 (r4_l0)
[GameManager] Phase: MapNavigation → RestStop
[GameManager] 休憩回復: +8HP (30%) (現在: 25/25)
[GameManager] Phase: RestStop → MapNavigation
[GameManager] MoveToNode: r5_l0 (phase=MapNavigation)
[GameManager] タイル起動: 戦闘 (r5_l0)
[GameManager] エンカウント: ゴブリン
[GameManager] Phase: MapNavigation → Combat
[GameManager] Phase: Combat → BattleResult
[GameManager] 戦闘結果: ゴブリン — 勝利 (2T) 残HP:25
[GameManager] Phase: BattleResult → Reward
[GameManager] Phase: Reward → MapNavigation
[GameManager] MoveToNode: r6_l0 (phase=MapNavigation)
[GameManager] タイル起動: 戦闘 (r6_l0)
[GameManager] エンカウント: ダイアウルフ
[GameManager] Phase: MapNavigation → Combat
[GameManager] Phase: Combat → BattleResult
[GameManager] 戦闘結果: ダイアウルフ — 勝利 (3T) 残HP:20
[GameManager] Phase: BattleResult → Reward
[GameManager] Phase: Reward → MapNavigation
[GameManager] MoveToNode: r7_l0 (phase=MapNavigation)
[GameManager] タイル起動: 戦闘 (r7_l0)
[GameManager] エンカウント: ゴブリン王
[GameManager] Phase: MapNavigation → Combat
[GameManager] Phase: Combat → BattleResult
[GameManager] 戦闘結果: ゴブリン王 — 勝利 (9T) 残HP:20
[GameManager] Phase: BattleResult → Reward
[GameManager] Phase: Reward → MapNavigation
[GameManager] MoveToNode: r8_l0 (phase=MapNavigation)
[GameManager] タイル起動: 秘宝 (r8_l0)
[GameManager] 宝箱: ゴールド+8, 革の手甲
[GameManager] Phase: MapNavigation → TreasureOpen
[GameManager] Phase: TreasureOpen → MapNavigation
[GameManager] MoveToNode: r9_l0 (phase=MapNavigation)
[GameManager] タイル起動: 休憩 (r9_l0)
[GameManager] Phase: MapNavigation → RestStop
[GameManager] 休憩回復: +8HP (30%) (現在: 25/25)
[GameManager] Phase: RestStop → MapNavigation
[GameManager] MoveToNode: boss (phase=MapNavigation)
[GameManager] タイル起動: ボス (boss)
[GameManager] ボス戦: ゴブリン王
[GameManager] Phase: MapNavigation → Combat
[GameManager] Phase: Combat → BattleResult
[GameManager] 戦闘結果: ゴブリン王 — 勝利 (8T) 残HP:18
[GameManager] Phase: BattleResult → Reward
[GameManager] Phase: Reward → FloorClear
[GameManager] フロア2クリア → 次へ
[GameManager] Phase: FloorClear → FloorIntro
[GameManager] --- フロア 3 [瘴気侵蝕] ---
[GameManager] Phase: FloorIntro → MapNavigation
[GameManager] MoveToNode: r1_l1 (phase=MapNavigation)
[GameManager] タイル起動: 戦闘 (r1_l1)
[GameManager] エンカウント: オーク
[GameManager] Phase: MapNavigation → Combat
[GameManager] Phase: Combat → BattleResult
[GameManager] 戦闘結果: オーク — 勝利 (6T) 残HP:17
[GameManager] 層デバフ: 戦闘後2ダメージ (HP:15)
[GameManager] Phase: BattleResult → Reward
[GameManager] Phase: Reward → MapNavigation
[GameManager] MoveToNode: r2_l1 (phase=MapNavigation)
[GameManager] タイル起動: 戦闘 (r2_l1)
[GameManager] エンカウント: ハーピィ
[GameManager] Phase: MapNavigation → Combat
[GameManager] Phase: Combat → BattleResult
[GameManager] 戦闘結果: ハーピィ — 勝利 (2T) 残HP:14
[GameManager] 層デバフ: 戦闘後2ダメージ (HP:12)
[GameManager] Phase: BattleResult → Reward
[GameManager] Phase: Reward → MapNavigation
[GameManager] MoveToNode: r3_l0 (phase=MapNavigation)
[GameManager] タイル起動: ショップ (r3_l0)
[GameManager] EnterShop called
[GameManager] MapTransitionController.Instance = null
[GameManager] Phase: MapNavigation → ShopVisit
[GameManager] Phase: ShopVisit → MapNavigation
[GameManager] MoveToNode: r4_l0 (phase=MapNavigation)
[GameManager] タイル起動: 休憩 (r4_l0)
[GameManager] Phase: MapNavigation → RestStop
[GameManager] 休憩回復: +13HP (50%) (現在: 25/25)
[GameManager] Phase: RestStop → MapNavigation
[GameManager] MoveToNode: r5_l0 (phase=MapNavigation)
[GameManager] タイル起動: 戦闘 (r5_l0)
[GameManager] エンカウント: オーク
[GameManager] Phase: MapNavigation → Combat
[GameManager] Phase: Combat → BattleResult
[GameManager] 戦闘結果: オーク — 勝利 (5T) 残HP:21
[GameManager] 層デバフ: 戦闘後2ダメージ (HP:19)
[GameManager] Phase: BattleResult → Reward
[GameManager] Phase: Reward → MapNavigation
[GameManager] MoveToNode: r6_l0 (phase=MapNavigation)
[GameManager] タイル起動: ショップ (r6_l0)
[GameManager] EnterShop called
[GameManager] MapTransitionController.Instance = null
[GameManager] Phase: MapNavigation → ShopVisit
[GameManager] Phase: ShopVisit → MapNavigation
[GameManager] MoveToNode: r7_l1 (phase=MapNavigation)
[GameManager] タイル起動: 秘宝 (r7_l1)
[GameManager] 宝箱: ゴールド+6, 治癒の指輪
[GameManager] Phase: MapNavigation → TreasureOpen
[GameManager] Phase: TreasureOpen → MapNavigation
[GameManager] MoveToNode: r8_l1 (phase=MapNavigation)
[GameManager] タイル起動: 秘宝 (r8_l1)
[GameManager] 宝箱: ゴールド+12, 力帯
[GameManager] Phase: MapNavigation → TreasureOpen
[GameManager] Phase: TreasureOpen → MapNavigation
[GameManager] MoveToNode: r9_l1 (phase=MapNavigation)
[GameManager] タイル起動: 休憩 (r9_l1)
[GameManager] Phase: MapNavigation → RestStop
[GameManager] 休憩回復: +13HP (50%) (現在: 25/25)
[GameManager] Phase: RestStop → MapNavigation
[GameManager] MoveToNode: boss (phase=MapNavigation)
[GameManager] タイル起動: ボス (boss)
[GameManager] ボス戦: 凍れる吟遊詩人
[GameManager] Phase: MapNavigation → Combat
[GameManager] Phase: Combat → BattleResult
[GameManager] 戦闘結果: 凍れる吟遊詩人 — 勝利 (6T) 残HP:25
[GameManager] 層デバフ: 戦闘後2ダメージ (HP:23)
[GameManager] Phase: BattleResult → Reward
[GameManager] Phase: Reward → FloorClear
[GameManager] フロア3クリア → 次へ
[GameManager] Phase: FloorClear → FloorIntro
[GameManager] --- フロア 4 [煉獄の刻印] ---
[GameManager] Phase: FloorIntro → MapNavigation
[GameManager] MoveToNode: r1_l2 (phase=MapNavigation)
[GameManager] タイル起動: ショップ (r1_l2)
[GameManager] EnterShop called
[GameManager] MapTransitionController.Instance = null
[GameManager] Phase: MapNavigation → ShopVisit
[GameManager] Phase: ShopVisit → MapNavigation
[GameManager] MoveToNode: r2_l1 (phase=MapNavigation)
[GameManager] タイル起動: ショップ (r2_l1)
[GameManager] EnterShop called
[GameManager] MapTransitionController.Instance = null
[GameManager] Phase: MapNavigation → ShopVisit
[GameManager] Phase: ShopVisit → MapNavigation
[GameManager] MoveToNode: r3_l1 (phase=MapNavigation)
[GameManager] タイル起動: 戦闘 (r3_l1)
[GameManager] エンカウント: 13番目の死
[GameManager] Phase: MapNavigation → Combat
[GameManager] Phase: Combat → BattleResult
[GameManager] 戦闘結果: 13番目の死 — 勝利 (2T) 残HP:25
[GameManager] Phase: BattleResult → Reward
[GameManager] Phase: Reward → MapNavigation
[GameManager] MoveToNode: r4_l0 (phase=MapNavigation)
[GameManager] タイル起動: 秘宝 (r4_l0)
[GameManager] 宝箱: ゴールド+24, 骨のダイス
[GameManager] Phase: MapNavigation → TreasureOpen
[GameManager] Phase: TreasureOpen → MapNavigation
[GameManager] MoveToNode: r5_l0 (phase=MapNavigation)
[GameManager] タイル起動: イベント (r5_l0)
[GameManager] Phase: MapNavigation → EventEncounter
[GameManager] Phase: EventEncounter → MapNavigation
[GameManager] MoveToNode: r6_l0 (phase=MapNavigation)
[GameManager] タイル起動: 秘宝 (r6_l0)
[GameManager] 宝箱: ゴールド+12, 力帯
[GameManager] Phase: MapNavigation → TreasureOpen
[GameManager] Phase: TreasureOpen → MapNavigation
[GameManager] MoveToNode: r7_l0 (phase=MapNavigation)
[GameManager] タイル起動: イベント (r7_l0)
[AutoRunner] ラストスタンド発動 (Floor 4)
[AutoRunner] === RUN 64 終了: DEADLOCK (デッドロック) — 移動先なし(MapNavigation) ===

########## RUN 65  [R5 4Fで死亡]  敗北 cause=Starvation
# reached F4 HP 0/1 coins 109 combats 17/18 LS=True
[GameManager] Phase: MapNavigation → RunStart
[GameManager] === ラン開始 === HP:30
[GameManager] Phase: RunStart → FloorIntro
[GameManager] --- フロア 1 [残光の加護] ---
[GameManager] Phase: FloorIntro → MapNavigation
[GameManager] MoveToNode: r1_l0 (phase=MapNavigation)
[GameManager] タイル起動: イベント (r1_l0)
[GameManager] Phase: MapNavigation → EventEncounter
[GameManager] Phase: EventEncounter → MapNavigation
[GameManager] MoveToNode: r2_l0 (phase=MapNavigation)
[GameManager] タイル起動: 戦闘 (r2_l0)
[GameManager] エンカウント: スライム
[GameManager] Phase: MapNavigation → Combat
[GameManager] Phase: Combat → BattleResult
[GameManager] 戦闘結果: スライム — 勝利 (1T) 残HP:30
[GameManager] Phase: BattleResult → Reward
[GameManager] Phase: Reward → MapNavigation
[GameManager] MoveToNode: r3_l0 (phase=MapNavigation)
[GameManager] タイル起動: 戦闘 (r3_l0)
[GameManager] エンカウント: スライム
[GameManager] Phase: MapNavigation → Combat
[GameManager] Phase: Combat → BattleResult
[GameManager] 戦闘結果: スライム — 勝利 (1T) 残HP:30
[GameManager] Phase: BattleResult → Reward
[GameManager] Phase: Reward → MapNavigation
[GameManager] MoveToNode: r4_l0 (phase=MapNavigation)
[GameManager] タイル起動: イベント (r4_l0)
[GameManager] Phase: MapNavigation → EventEncounter
[GameManager] Phase: EventEncounter → MapNavigation
[GameManager] MoveToNode: r5_l0 (phase=MapNavigation)
[GameManager] タイル起動: 激戦 (r5_l0)
[GameManager] エンカウント: ゴブリン
[GameManager] Phase: MapNavigation → Combat
[GameManager] Phase: Combat → BattleResult
[GameManager] 戦闘結果: ゴブリン — 勝利 (2T) 残HP:30
[GameManager] 激戦2戦目: スライム
[GameManager] Phase: BattleResult → Combat
[GameManager] Phase: Combat → BattleResult
[GameManager] 戦闘結果: スライム — 勝利 (1T) 残HP:30
[GameManager] Phase: BattleResult → Reward
[GameManager] Phase: Reward → MapNavigation
[GameManager] MoveToNode: r6_l1 (phase=MapNavigation)
[GameManager] タイル起動: 戦闘 (r6_l1)
[GameManager] エンカウント: ゴブリン
[GameManager] Phase: MapNavigation → Combat
[GameManager] Phase: Combat → BattleResult
[GameManager] 戦闘結果: ゴブリン — 勝利 (2T) 残HP:30
[GameManager] Phase: BattleResult → Reward
[GameManager] Phase: Reward → MapNavigation
[GameManager] MoveToNode: r7_l2 (phase=MapNavigation)
[GameManager] タイル起動: ショップ (r7_l2)
[GameManager] EnterShop called
[GameManager] MapTransitionController.Instance = null
[GameManager] Phase: MapNavigation → ShopVisit
[GameManager] Phase: ShopVisit → MapNavigation
[GameManager] MoveToNode: r8_l2 (phase=MapNavigation)
[GameManager] タイル起動: 秘宝 (r8_l2)
[GameManager] 宝箱: ゴールド+4, 鋼鉄の腕輪
[GameManager] Phase: MapNavigation → TreasureOpen
[GameManager] Phase: TreasureOpen → MapNavigation
[GameManager] MoveToNode: r9_l2 (phase=MapNavigation)
[GameManager] タイル起動: 休憩 (r9_l2)
[GameManager] Phase: MapNavigation → RestStop
[GameManager] 休憩回復: +9HP (30%) (現在: 30/30)
[GameManager] Phase: RestStop → MapNavigation
[GameManager] MoveToNode: boss (phase=MapNavigation)
[GameManager] タイル起動: ボス (boss)
[GameManager] ボス 'boss_layer1' 未定義 — フロア1のプールから抽選
[GameManager] ボス戦: スライム
[GameManager] Phase: MapNavigation → Combat
[GameManager] Phase: Combat → BattleResult
[GameManager] 戦闘結果: スライム — 勝利 (1T) 残HP:30
[GameManager] Phase: BattleResult → Reward
[GameManager] Phase: Reward → FloorClear
[GameManager] フロア1クリア → 次へ
[GameManager] 層デバフ: MaxHP-5 → 25
[GameManager] Phase: FloorClear → FloorIntro
[GameManager] --- フロア 2 [嘆きの共鳴] ---
[GameManager] Phase: FloorIntro → MapNavigation
[GameManager] MoveToNode: r1_l1 (phase=MapNavigation)
[GameManager] タイル起動: 戦闘 (r1_l1)
[GameManager] エンカウント: スケルトン
[GameManager] Phase: MapNavigation → Combat
[GameManager] Phase: Combat → BattleResult
[GameManager] 戦闘結果: スケルトン — 勝利 (2T) 残HP:25
[GameManager] Phase: BattleResult → Reward
[GameManager] Phase: Reward → MapNavigation
[GameManager] MoveToNode: r2_l0 (phase=MapNavigation)
[GameManager] タイル起動: 秘宝 (r2_l0)
[GameManager] 宝箱: ゴールド+12, 静寂のローブ
[GameManager] Phase: MapNavigation → TreasureOpen
[GameManager] Phase: TreasureOpen → MapNavigation
[GameManager] MoveToNode: r3_l0 (phase=MapNavigation)
[GameManager] タイル起動: 罠 (r3_l0)
[GameManager] Phase: MapNavigation → TrapTriggered
[GameManager] Phase: TrapTriggered → MapNavigation
[GameManager] MoveToNode: r4_l0 (phase=MapNavigation)
[GameManager] タイル起動: 戦闘 (r4_l0)
[GameManager] エンカウント: ゴブリン王
[GameManager] Phase: MapNavigation → Combat
[GameManager] Phase: Combat → BattleResult
[GameManager] 戦闘結果: ゴブリン王 — 勝利 (4T) 残HP:25
[GameManager] Phase: BattleResult → Reward
[GameManager] Phase: Reward → MapNavigation
[GameManager] MoveToNode: r5_l0 (phase=MapNavigation)
[GameManager] タイル起動: ショップ (r5_l0)
[GameManager] EnterShop called
[GameManager] MapTransitionController.Instance = null
[GameManager] Phase: MapNavigation → ShopVisit
[GameManager] Phase: ShopVisit → MapNavigation
[GameManager] MoveToNode: r6_l0 (phase=MapNavigation)
[GameManager] タイル起動: 罠 (r6_l0)
[GameManager] Phase: MapNavigation → TrapTriggered
[GameManager] Phase: TrapTriggered → MapNavigation
[GameManager] MoveToNode: r7_l1 (phase=MapNavigation)
[GameManager] タイル起動: イベント (r7_l1)
[GameManager] Phase: MapNavigation → EventEncounter
[GameManager] Phase: EventEncounter → MapNavigation
[GameManager] MoveToNode: r8_l1 (phase=MapNavigation)
[GameManager] タイル起動: 秘宝 (r8_l1)
[GameManager] 宝箱: ゴールド+14, 生命の宝玉
[GameManager] Phase: MapNavigation → TreasureOpen
[GameManager] Phase: TreasureOpen → MapNavigation
[GameManager] MoveToNode: r9_l1 (phase=MapNavigation)
[GameManager] タイル起動: 休憩 (r9_l1)
[GameManager] Phase: MapNavigation → RestStop
[GameManager] 休憩回復: +8HP (30%) (現在: 25/25)
[GameManager] Phase: RestStop → MapNavigation
[GameManager] MoveToNode: boss (phase=MapNavigation)
[GameManager] タイル起動: ボス (boss)
[GameManager] ボス戦: ゴブリン王
[GameManager] Phase: MapNavigation → Combat
[GameManager] Phase: Combat → BattleResult
[GameManager] 戦闘結果: ゴブリン王 — 勝利 (2T) 残HP:25
[GameManager] Phase: BattleResult → Reward
[GameManager] Phase: Reward → FloorClear
[GameManager] フロア2クリア → 次へ
[GameManager] Phase: FloorClear → FloorIntro
[GameManager] --- フロア 3 [瘴気侵蝕] ---
[GameManager] Phase: FloorIntro → MapNavigation
[GameManager] MoveToNode: r1_l1 (phase=MapNavigation)
[GameManager] タイル起動: 戦闘 (r1_l1)
[GameManager] エンカウント: 凍れる吟遊詩人
[GameManager] Phase: MapNavigation → Combat
[GameManager] Phase: Combat → BattleResult
[GameManager] 戦闘結果: 凍れる吟遊詩人 — 勝利 (6T) 残HP:25
[GameManager] 層デバフ: 戦闘後2ダメージ (HP:23)
[GameManager] Phase: BattleResult → Reward
[GameManager] Phase: Reward → MapNavigation
[GameManager] MoveToNode: r2_l1 (phase=MapNavigation)
[GameManager] タイル起動: 秘宝 (r2_l1)
[GameManager] 宝箱: ゴールド+18, 鉄のダイス
[GameManager] Phase: MapNavigation → TreasureOpen
[GameManager] Phase: TreasureOpen → MapNavigation
[GameManager] MoveToNode: r3_l1 (phase=MapNavigation)
[GameManager] タイル起動: 戦闘 (r3_l1)
[GameManager] エンカウント: コボルド
[GameManager] Phase: MapNavigation → Combat
[GameManager] Phase: Combat → BattleResult
[GameManager] 戦闘結果: コボルド — 勝利 (1T) 残HP:23
[GameManager] 層デバフ: 戦闘後2ダメージ (HP:21)
[GameManager] Phase: BattleResult → Reward
[GameManager] Phase: Reward → MapNavigation
[GameManager] MoveToNode: r4_l1 (phase=MapNavigation)
[GameManager] タイル起動: 秘宝 (r4_l1)
[GameManager] 宝箱: ゴールド+12, 安らぎの靴
[GameManager] Phase: MapNavigation → TreasureOpen
[GameManager] Phase: TreasureOpen → MapNavigation
[GameManager] MoveToNode: r5_l0 (phase=MapNavigation)
[GameManager] タイル起動: 戦闘 (r5_l0)
[GameManager] エンカウント: ハーピィ
[GameManager] Phase: MapNavigation → Combat
[GameManager] Phase: Combat → BattleResult
[GameManager] 戦闘結果: ハーピィ — 勝利 (6T) 残HP:22
[GameManager] 層デバフ: 戦闘後2ダメージ (HP:20)
[GameManager] Phase: BattleResult → Reward
[GameManager] Phase: Reward → MapNavigation
[GameManager] MoveToNode: r6_l0 (phase=MapNavigation)
[GameManager] タイル起動: 罠 (r6_l0)
[GameManager] Phase: MapNavigation → TrapTriggered
[GameManager] Phase: TrapTriggered → MapNavigation
[GameManager] MoveToNode: r7_l0 (phase=MapNavigation)
[GameManager] タイル起動: 戦闘 (r7_l0)
[GameManager] エンカウント: 凍れる吟遊詩人
[GameManager] Phase: MapNavigation → Combat
[GameManager] Phase: Combat → BattleResult
[GameManager] 戦闘結果: 凍れる吟遊詩人 — 勝利 (4T) 残HP:22
[GameManager] 層デバフ: 戦闘後2ダメージ (HP:20)
[GameManager] Phase: BattleResult → Reward
[GameManager] Phase: Reward → MapNavigation
[GameManager] MoveToNode: r8_l0 (phase=MapNavigation)
[GameManager] タイル起動: 秘宝 (r8_l0)
[GameManager] 宝箱: ゴールド+12, 投げ短剣の鞘
[GameManager] Phase: MapNavigation → TreasureOpen
[GameManager] Phase: TreasureOpen → MapNavigation
[GameManager] MoveToNode: r9_l0 (phase=MapNavigation)
[GameManager] タイル起動: 休憩 (r9_l0)
[GameManager] Phase: MapNavigation → RestStop
[GameManager] 休憩回復: +13HP (50%) (現在: 25/25)
[GameManager] Phase: RestStop → MapNavigation
[GameManager] MoveToNode: boss (phase=MapNavigation)
[GameManager] タイル起動: ボス (boss)
[GameManager] ボス戦: 凍れる吟遊詩人
[GameManager] Phase: MapNavigation → Combat
[GameManager] Phase: Combat → BattleResult
[GameManager] 戦闘結果: 凍れる吟遊詩人 — 勝利 (4T) 残HP:25
[GameManager] 層デバフ: 戦闘後2ダメージ (HP:23)
[GameManager] Phase: BattleResult → Reward
[GameManager] Phase: Reward → FloorClear
[GameManager] フロア3クリア → 次へ
[GameManager] Phase: FloorClear → FloorIntro
[GameManager] --- フロア 4 [煉獄の刻印] ---
[GameManager] Phase: FloorIntro → MapNavigation
[GameManager] MoveToNode: r1_l1 (phase=MapNavigation)
[GameManager] タイル起動: ショップ (r1_l1)
[GameManager] EnterShop called
[GameManager] MapTransitionController.Instance = null
[GameManager] Phase: MapNavigation → ShopVisit
[GameManager] Phase: ShopVisit → MapNavigation
[GameManager] MoveToNode: r2_l1 (phase=MapNavigation)
[GameManager] タイル起動: ショップ (r2_l1)
[GameManager] EnterShop called
[GameManager] MapTransitionController.Instance = null
[GameManager] Phase: MapNavigation → ShopVisit
[GameManager] Phase: ShopVisit → MapNavigation
[GameManager] MoveToNode: r3_l1 (phase=MapNavigation)
[GameManager] タイル起動: 戦闘 (r3_l1)
[GameManager] エンカウント: ゴブリン
[GameManager] Phase: MapNavigation → Combat
[GameManager] Phase: Combat → BattleResult
[GameManager] 戦闘結果: ゴブリン — 勝利 (1T) 残HP:25
[GameManager] Phase: BattleResult → Reward
[GameManager] Phase: Reward → MapNavigation
[GameManager] MoveToNode: r4_l1 (phase=MapNavigation)
[GameManager] タイル起動: イベント (r4_l1)
[GameManager] Phase: MapNavigation → EventEncounter
[GameManager] Phase: EventEncounter → MapNavigation
[GameManager] MoveToNode: r5_l1 (phase=MapNavigation)
[GameManager] タイル起動: 戦闘 (r5_l1)
[GameManager] エンカウント: リザードマン
[GameManager] Phase: MapNavigation → Combat
[GameManager] Phase: Combat → BattleResult
[GameManager] 戦闘結果: リザードマン — 勝利 (2T) 残HP:19
[GameManager] Phase: BattleResult → Reward
[GameManager] Phase: Reward → MapNavigation
[GameManager] MoveToNode: r6_l0 (phase=MapNavigation)
[GameManager] タイル起動: 戦闘 (r6_l0)
[GameManager] エンカウント: リザードマン
[GameManager] Phase: MapNavigation → Combat
[GameManager] Phase: Combat → BattleResult
[AutoRunner] ラストスタンド発動 (Floor 4)
[AutoRunner] === RUN 65 終了: R5 (4Fで死亡) — 敗北 cause=Starvation ===

########## RUN 66  [DEADLOCK デッドロック]  ストール phase=EventEncounter node=r4_l2 floor=3
# reached F3 HP 23/25 coins 86 combats 11/11 LS=False
[GameManager] Phase: GameOver → Title
[GameManager] Phase: Title → RunStart
[GameManager] === ラン開始 === HP:30
[GameManager] Phase: RunStart → FloorIntro
[GameManager] --- フロア 1 [残光の加護] ---
[GameManager] Phase: FloorIntro → MapNavigation
[GameManager] MoveToNode: r1_l2 (phase=MapNavigation)
[GameManager] タイル起動: 秘宝 (r1_l2)
[GameManager] 宝箱: ゴールド+2, 回復ポーション
[GameManager] Phase: MapNavigation → TreasureOpen
[GameManager] Phase: TreasureOpen → MapNavigation
[GameManager] MoveToNode: r2_l2 (phase=MapNavigation)
[GameManager] タイル起動: 戦闘 (r2_l2)
[GameManager] エンカウント: スライム
[GameManager] Phase: MapNavigation → Combat
[GameManager] Phase: Combat → BattleResult
[GameManager] 戦闘結果: スライム — 勝利 (3T) 残HP:30
[GameManager] Phase: BattleResult → Reward
[GameManager] Phase: Reward → MapNavigation
[GameManager] MoveToNode: r3_l2 (phase=MapNavigation)
[GameManager] タイル起動: 激戦 (r3_l2)
[GameManager] エンカウント: ゴブリン
[GameManager] Phase: MapNavigation → Combat
[GameManager] Phase: Combat → BattleResult
[GameManager] 戦闘結果: ゴブリン — 勝利 (3T) 残HP:30
[GameManager] 激戦2戦目: スライム
[GameManager] Phase: BattleResult → Combat
[GameManager] Phase: Combat → BattleResult
[GameManager] 戦闘結果: スライム — 勝利 (1T) 残HP:30
[GameManager] Phase: BattleResult → Reward
[GameManager] Phase: Reward → MapNavigation
[GameManager] MoveToNode: r4_l2 (phase=MapNavigation)
[GameManager] タイル起動: 秘宝 (r4_l2)
[GameManager] 宝箱: ゴールド+3, 回復ポーション
[GameManager] Phase: MapNavigation → TreasureOpen
[GameManager] Phase: TreasureOpen → MapNavigation
[GameManager] MoveToNode: r5_l2 (phase=MapNavigation)
[GameManager] タイル起動: イベント (r5_l2)
[GameManager] Phase: MapNavigation → EventEncounter
[GameManager] Phase: EventEncounter → MapNavigation
[GameManager] MoveToNode: r6_l2 (phase=MapNavigation)
[GameManager] タイル起動: 戦闘 (r6_l2)
[GameManager] エンカウント: スライム
[GameManager] Phase: MapNavigation → Combat
[GameManager] Phase: Combat → BattleResult
[GameManager] 戦闘結果: スライム — 勝利 (2T) 残HP:30
[GameManager] Phase: BattleResult → Reward
[GameManager] Phase: Reward → MapNavigation
[GameManager] MoveToNode: r7_l2 (phase=MapNavigation)
[GameManager] タイル起動: 戦闘 (r7_l2)
[GameManager] エンカウント: スライム
[GameManager] Phase: MapNavigation → Combat
[GameManager] Phase: Combat → BattleResult
[GameManager] 戦闘結果: スライム — 勝利 (2T) 残HP:30
[GameManager] Phase: BattleResult → Reward
[GameManager] Phase: Reward → MapNavigation
[GameManager] MoveToNode: r8_l2 (phase=MapNavigation)
[GameManager] タイル起動: 秘宝 (r8_l2)
[GameManager] 宝箱: ゴールド+4, 木のダイス
[GameManager] Phase: MapNavigation → TreasureOpen
[GameManager] Phase: TreasureOpen → MapNavigation
[GameManager] MoveToNode: r9_l2 (phase=MapNavigation)
[GameManager] タイル起動: 休憩 (r9_l2)
[GameManager] Phase: MapNavigation → RestStop
[GameManager] 休憩回復: +9HP (30%) (現在: 30/30)
[GameManager] Phase: RestStop → MapNavigation
[GameManager] MoveToNode: boss (phase=MapNavigation)
[GameManager] タイル起動: ボス (boss)
[GameManager] ボス 'boss_layer1' 未定義 — フロア1のプールから抽選
[GameManager] ボス戦: ゴブリン
[GameManager] Phase: MapNavigation → Combat
[GameManager] Phase: Combat → BattleResult
[GameManager] 戦闘結果: ゴブリン — 勝利 (3T) 残HP:30
[GameManager] Phase: BattleResult → Reward
[GameManager] Phase: Reward → FloorClear
[GameManager] フロア1クリア → 次へ
[GameManager] 層デバフ: MaxHP-5 → 25
[GameManager] Phase: FloorClear → FloorIntro
[GameManager] --- フロア 2 [嘆きの共鳴] ---
[GameManager] Phase: FloorIntro → MapNavigation
[GameManager] MoveToNode: r1_l2 (phase=MapNavigation)
[GameManager] タイル起動: ショップ (r1_l2)
[GameManager] EnterShop called
[GameManager] MapTransitionController.Instance = null
[GameManager] Phase: MapNavigation → ShopVisit
[GameManager] Phase: ShopVisit → MapNavigation
[GameManager] MoveToNode: r2_l2 (phase=MapNavigation)
[GameManager] タイル起動: 休憩 (r2_l2)
[GameManager] Phase: MapNavigation → RestStop
[GameManager] 休憩回復: +8HP (30%) (現在: 25/25)
[GameManager] Phase: RestStop → MapNavigation
[GameManager] MoveToNode: r3_l2 (phase=MapNavigation)
[GameManager] タイル起動: 秘宝 (r3_l2)
[GameManager] 宝箱: ゴールド+12, 巨人の腕輪
[GameManager] Phase: MapNavigation → TreasureOpen
[GameManager] Phase: TreasureOpen → MapNavigation
[GameManager] MoveToNode: r4_l1 (phase=MapNavigation)
[GameManager] タイル起動: ショップ (r4_l1)
[GameManager] EnterShop called
[GameManager] MapTransitionController.Instance = null
[GameManager] Phase: MapNavigation → ShopVisit
[GameManager] Phase: ShopVisit → MapNavigation
[GameManager] MoveToNode: r5_l0 (phase=MapNavigation)
[GameManager] タイル起動: 戦闘 (r5_l0)
[GameManager] エンカウント: ゴブリン王
[GameManager] Phase: MapNavigation → Combat
[GameManager] Phase: Combat → BattleResult
[GameManager] 戦闘結果: ゴブリン王 — 勝利 (3T) 残HP:25
[GameManager] Phase: BattleResult → Reward
[GameManager] Phase: Reward → MapNavigation
[GameManager] MoveToNode: r6_l0 (phase=MapNavigation)
[GameManager] タイル起動: 戦闘 (r6_l0)
[GameManager] エンカウント: コボルド
[GameManager] Phase: MapNavigation → Combat
[GameManager] Phase: Combat → BattleResult
[GameManager] 戦闘結果: コボルド — 勝利 (1T) 残HP:25
[GameManager] Phase: BattleResult → Reward
[GameManager] Phase: Reward → MapNavigation
[GameManager] MoveToNode: r7_l0 (phase=MapNavigation)
[GameManager] タイル起動: 戦闘 (r7_l0)
[GameManager] エンカウント: スライム
[GameManager] Phase: MapNavigation → Combat
[GameManager] Phase: Combat → BattleResult
[GameManager] 戦闘結果: スライム — 勝利 (1T) 残HP:25
[GameManager] Phase: BattleResult → Reward
[GameManager] Phase: Reward → MapNavigation
[GameManager] MoveToNode: r8_l0 (phase=MapNavigation)
[GameManager] タイル起動: 秘宝 (r8_l0)
[GameManager] 宝箱: ゴールド+8, 治癒の指輪
[GameManager] Phase: MapNavigation → TreasureOpen
[GameManager] Phase: TreasureOpen → MapNavigation
[GameManager] MoveToNode: r9_l0 (phase=MapNavigation)
[GameManager] タイル起動: 休憩 (r9_l0)
[GameManager] Phase: MapNavigation → RestStop
[GameManager] 休憩回復: +8HP (30%) (現在: 25/25)
[GameManager] Phase: RestStop → MapNavigation
[GameManager] MoveToNode: boss (phase=MapNavigation)
[GameManager] タイル起動: ボス (boss)
[GameManager] ボス戦: ゴブリン王
[GameManager] Phase: MapNavigation → Combat
[GameManager] Phase: Combat → BattleResult
[GameManager] 戦闘結果: ゴブリン王 — 勝利 (3T) 残HP:25
[GameManager] Phase: BattleResult → Reward
[GameManager] Phase: Reward → FloorClear
[GameManager] フロア2クリア → 次へ
[GameManager] Phase: FloorClear → FloorIntro
[GameManager] --- フロア 3 [瘴気侵蝕] ---
[GameManager] Phase: FloorIntro → MapNavigation
[GameManager] MoveToNode: r1_l2 (phase=MapNavigation)
[GameManager] タイル起動: ショップ (r1_l2)
[GameManager] EnterShop called
[GameManager] MapTransitionController.Instance = null
[GameManager] Phase: MapNavigation → ShopVisit
[GameManager] Phase: ShopVisit → MapNavigation
[GameManager] MoveToNode: r2_l2 (phase=MapNavigation)
[GameManager] タイル起動: 戦闘 (r2_l2)
[GameManager] エンカウント: 凍れる吟遊詩人
[GameManager] Phase: MapNavigation → Combat
[GameManager] Phase: Combat → BattleResult
[GameManager] 戦闘結果: 凍れる吟遊詩人 — 勝利 (3T) 残HP:25
[GameManager] 層デバフ: 戦闘後2ダメージ (HP:23)
[GameManager] Phase: BattleResult → Reward
[GameManager] Phase: Reward → MapNavigation
[GameManager] MoveToNode: r3_l2 (phase=MapNavigation)
[GameManager] タイル起動: イベント (r3_l2)
[GameManager] Phase: MapNavigation → EventEncounter
[GameManager] Phase: EventEncounter → MapNavigation
[GameManager] MoveToNode: r4_l2 (phase=MapNavigation)
[GameManager] タイル起動: イベント (r4_l2)
[GameManager] Phase: MapNavigation → EventEncounter
[AutoRunner] === RUN 66 終了: DEADLOCK (デッドロック) — ストール phase=EventEncounter node=r4_l2 floor=3 ===

########## RUN 67  [R5 4Fで死亡]  敗北 cause=CombatLoss
# reached F4 HP 0/1 coins 125 combats 13/15 LS=True
[GameManager] Phase: EventEncounter → RunStart
[GameManager] === ラン開始 === HP:30
[GameManager] Phase: RunStart → FloorIntro
[GameManager] --- フロア 1 [残光の加護] ---
[GameManager] Phase: FloorIntro → MapNavigation
[GameManager] MoveToNode: r1_l2 (phase=MapNavigation)
[GameManager] タイル起動: ショップ (r1_l2)
[GameManager] EnterShop called
[GameManager] MapTransitionController.Instance = null
[GameManager] Phase: MapNavigation → ShopVisit
[GameManager] Phase: ShopVisit → MapNavigation
[GameManager] MoveToNode: r2_l2 (phase=MapNavigation)
[GameManager] タイル起動: 休憩 (r2_l2)
[GameManager] Phase: MapNavigation → RestStop
[GameManager] 休憩回復: +9HP (30%) (現在: 30/30)
[GameManager] Phase: RestStop → MapNavigation
[GameManager] MoveToNode: r3_l2 (phase=MapNavigation)
[GameManager] タイル起動: イベント (r3_l2)
[GameManager] Phase: MapNavigation → EventEncounter
[GameManager] Phase: EventEncounter → MapNavigation
[GameManager] MoveToNode: r4_l2 (phase=MapNavigation)
[GameManager] タイル起動: ショップ (r4_l2)
[GameManager] EnterShop called
[GameManager] MapTransitionController.Instance = null
[GameManager] Phase: MapNavigation → ShopVisit
[GameManager] Phase: ShopVisit → MapNavigation
[GameManager] MoveToNode: r5_l2 (phase=MapNavigation)
[GameManager] タイル起動: 戦闘 (r5_l2)
[GameManager] エンカウント: ゴブリン
[GameManager] Phase: MapNavigation → Combat
[GameManager] Phase: Combat → BattleResult
[GameManager] 戦闘結果: ゴブリン — 勝利 (2T) 残HP:25
[GameManager] Phase: BattleResult → Reward
[GameManager] Phase: Reward → MapNavigation
[GameManager] MoveToNode: r6_l2 (phase=MapNavigation)
[GameManager] タイル起動: イベント (r6_l2)
[GameManager] Phase: MapNavigation → EventEncounter
[GameManager] Phase: EventEncounter → MapNavigation
[GameManager] MoveToNode: r7_l2 (phase=MapNavigation)
[GameManager] タイル起動: イベント (r7_l2)
[GameManager] Phase: MapNavigation → EventEncounter
[GameManager] Phase: EventEncounter → MapNavigation
[GameManager] MoveToNode: r8_l2 (phase=MapNavigation)
[GameManager] タイル起動: 秘宝 (r8_l2)
[GameManager] 宝箱: ゴールド+5, 投げ短剣の鞘
[GameManager] Phase: MapNavigation → TreasureOpen
[GameManager] Phase: TreasureOpen → MapNavigation
[GameManager] MoveToNode: r9_l2 (phase=MapNavigation)
[GameManager] タイル起動: 休憩 (r9_l2)
[GameManager] Phase: MapNavigation → RestStop
[GameManager] 休憩回復: +9HP (30%) (現在: 30/30)
[GameManager] Phase: RestStop → MapNavigation
[GameManager] MoveToNode: boss (phase=MapNavigation)
[GameManager] タイル起動: ボス (boss)
[GameManager] ボス 'boss_layer1' 未定義 — フロア1のプールから抽選
[GameManager] ボス戦: スライム
[GameManager] Phase: MapNavigation → Combat
[GameManager] Phase: Combat → BattleResult
[GameManager] 戦闘結果: スライム — 勝利 (1T) 残HP:30
[GameManager] Phase: BattleResult → Reward
[GameManager] Phase: Reward → FloorClear
[GameManager] フロア1クリア → 次へ
[GameManager] 層デバフ: MaxHP-5 → 25
[GameManager] Phase: FloorClear → FloorIntro
[GameManager] --- フロア 2 [嘆きの共鳴] ---
[GameManager] Phase: FloorIntro → MapNavigation
[GameManager] MoveToNode: r1_l1 (phase=MapNavigation)
[GameManager] タイル起動: 秘宝 (r1_l1)
[GameManager] 宝箱: ゴールド+12, 不死の心臓
[GameManager] Phase: MapNavigation → TreasureOpen
[GameManager] Phase: TreasureOpen → MapNavigation
[GameManager] MoveToNode: r2_l1 (phase=MapNavigation)
[GameManager] タイル起動: 戦闘 (r2_l1)
[GameManager] エンカウント: 13番目の死
[GameManager] Phase: MapNavigation → Combat
[GameManager] Phase: Combat → BattleResult
[GameManager] 戦闘結果: 13番目の死 — 勝利 (1T) 残HP:25
[GameManager] Phase: BattleResult → Reward
[GameManager] Phase: Reward → MapNavigation
[GameManager] MoveToNode: r3_l1 (phase=MapNavigation)
[GameManager] タイル起動: イベント (r3_l1)
[GameManager] Phase: MapNavigation → EventEncounter
[GameManager] Phase: EventEncounter → MapNavigation
[GameManager] MoveToNode: r4_l0 (phase=MapNavigation)
[GameManager] タイル起動: 戦闘 (r4_l0)
[GameManager] エンカウント: ダイアウルフ
[GameManager] Phase: MapNavigation → Combat
[GameManager] Phase: Combat → BattleResult
[GameManager] 戦闘結果: ダイアウルフ — 勝利 (1T) 残HP:25
[GameManager] Phase: BattleResult → Reward
[GameManager] Phase: Reward → MapNavigation
[GameManager] MoveToNode: r5_l0 (phase=MapNavigation)
[GameManager] タイル起動: 罠 (r5_l0)
[GameManager] Phase: MapNavigation → TrapTriggered
[GameManager] Phase: TrapTriggered → MapNavigation
[GameManager] MoveToNode: r6_l1 (phase=MapNavigation)
[GameManager] タイル起動: 戦闘 (r6_l1)
[GameManager] エンカウント: コボルド
[GameManager] Phase: MapNavigation → Combat
[GameManager] Phase: Combat → BattleResult
[GameManager] 戦闘結果: コボルド — 勝利 (3T) 残HP:25
[GameManager] Phase: BattleResult → Reward
[GameManager] Phase: Reward → MapNavigation
[GameManager] MoveToNode: r7_l1 (phase=MapNavigation)
[GameManager] タイル起動: イベント (r7_l1)
[GameManager] Phase: MapNavigation → EventEncounter
[GameManager] Phase: EventEncounter → MapNavigation
[GameManager] MoveToNode: r8_l1 (phase=MapNavigation)
[GameManager] タイル起動: 秘宝 (r8_l1)
[GameManager] 宝箱: ゴールド+8, 食通の懐刀
[GameManager] Phase: MapNavigation → TreasureOpen
[GameManager] Phase: TreasureOpen → MapNavigation
[GameManager] MoveToNode: r9_l1 (phase=MapNavigation)
[GameManager] タイル起動: 休憩 (r9_l1)
[GameManager] Phase: MapNavigation → RestStop
[GameManager] 休憩回復: +8HP (30%) (現在: 25/25)
[GameManager] Phase: RestStop → MapNavigation
[GameManager] MoveToNode: boss (phase=MapNavigation)
[GameManager] タイル起動: ボス (boss)
[GameManager] ボス戦: ゴブリン王
[GameManager] Phase: MapNavigation → Combat
[GameManager] Phase: Combat → BattleResult
[GameManager] 戦闘結果: ゴブリン王 — 勝利 (3T) 残HP:25
[GameManager] Phase: BattleResult → Reward
[GameManager] Phase: Reward → FloorClear
[GameManager] フロア2クリア → 次へ
[GameManager] Phase: FloorClear → FloorIntro
[GameManager] --- フロア 3 [瘴気侵蝕] ---
[GameManager] Phase: FloorIntro → MapNavigation
[GameManager] MoveToNode: r1_l2 (phase=MapNavigation)
[GameManager] タイル起動: 秘宝 (r1_l2)
[GameManager] 宝箱: ゴールド+15, 苦難の刻印
[GameManager] Phase: MapNavigation → TreasureOpen
[GameManager] Phase: TreasureOpen → MapNavigation
[GameManager] MoveToNode: r2_l2 (phase=MapNavigation)
[GameManager] タイル起動: ショップ (r2_l2)
[GameManager] EnterShop called
[GameManager] MapTransitionController.Instance = null
[GameManager] Phase: MapNavigation → ShopVisit
[GameManager] Phase: ShopVisit → MapNavigation
[GameManager] MoveToNode: r3_l2 (phase=MapNavigation)
[GameManager] タイル起動: 戦闘 (r3_l2)
[GameManager] エンカウント: オーク
[GameManager] Phase: MapNavigation → Combat
[GameManager] Phase: Combat → BattleResult
[GameManager] 戦闘結果: オーク — 勝利 (1T) 残HP:25
[GameManager] 層デバフ: 戦闘後2ダメージ (HP:23)
[GameManager] Phase: BattleResult → Reward
[GameManager] Phase: Reward → MapNavigation
[GameManager] MoveToNode: r4_l2 (phase=MapNavigation)
[GameManager] タイル起動: イベント (r4_l2)
[GameManager] Phase: MapNavigation → EventEncounter
[GameManager] Phase: EventEncounter → MapNavigation
[GameManager] MoveToNode: r5_l2 (phase=MapNavigation)
[GameManager] タイル起動: 戦闘 (r5_l2)
[GameManager] エンカウント: スライム
[GameManager] Phase: MapNavigation → Combat
[GameManager] Phase: Combat → BattleResult
[GameManager] 戦闘結果: スライム — 勝利 (1T) 残HP:23
[GameManager] 層デバフ: 戦闘後2ダメージ (HP:21)
[GameManager] Phase: BattleResult → Reward
[GameManager] Phase: Reward → MapNavigation
[GameManager] MoveToNode: r6_l2 (phase=MapNavigation)
[GameManager] タイル起動: 激戦 (r6_l2)
[GameManager] エンカウント: コボルド
[GameManager] Phase: MapNavigation → Combat
[GameManager] Phase: Combat → BattleResult
[GameManager] 戦闘結果: コボルド — 勝利 (1T) 残HP:21
[GameManager] 層デバフ: 戦闘後2ダメージ (HP:19)
[GameManager] 激戦2戦目: ダイアウルフ
[GameManager] Phase: BattleResult → Combat
[GameManager] Phase: Combat → BattleResult
[GameManager] 戦闘結果: ダイアウルフ — 勝利 (1T) 残HP:19
[GameManager] 層デバフ: 戦闘後2ダメージ (HP:17)
[GameManager] Phase: BattleResult → Reward
[GameManager] Phase: Reward → MapNavigation
[GameManager] MoveToNode: r7_l1 (phase=MapNavigation)
[GameManager] タイル起動: ショップ (r7_l1)
[GameManager] EnterShop called
[GameManager] MapTransitionController.Instance = null
[GameManager] Phase: MapNavigation → ShopVisit
[GameManager] Phase: ShopVisit → MapNavigation
[GameManager] MoveToNode: r8_l1 (phase=MapNavigation)
[GameManager] タイル起動: 秘宝 (r8_l1)
[GameManager] 宝箱: ゴールド+21, 小回復ポーション
[GameManager] Phase: MapNavigation → TreasureOpen
[GameManager] Phase: TreasureOpen → MapNavigation
[GameManager] MoveToNode: r9_l1 (phase=MapNavigation)
[GameManager] タイル起動: 休憩 (r9_l1)
[GameManager] Phase: MapNavigation → RestStop
[GameManager] 休憩回復: +13HP (50%) (現在: 25/25)
[GameManager] Phase: RestStop → MapNavigation
[GameManager] MoveToNode: boss (phase=MapNavigation)
[GameManager] タイル起動: ボス (boss)
[GameManager] ボス戦: 凍れる吟遊詩人
[GameManager] Phase: MapNavigation → Combat
[GameManager] Phase: Combat → BattleResult
[GameManager] 戦闘結果: 凍れる吟遊詩人 — 勝利 (4T) 残HP:25
[GameManager] 層デバフ: 戦闘後2ダメージ (HP:23)
[GameManager] Phase: BattleResult → Reward
[GameManager] Phase: Reward → FloorClear
[GameManager] フロア3クリア → 次へ
[GameManager] Phase: FloorClear → FloorIntro
[GameManager] --- フロア 4 [煉獄の刻印] ---
[GameManager] Phase: FloorIntro → MapNavigation
[GameManager] MoveToNode: r1_l0 (phase=MapNavigation)
[GameManager] タイル起動: 戦闘 (r1_l0)
[GameManager] エンカウント: ダイアウルフ
[GameManager] Phase: MapNavigation → Combat
[GameManager] Phase: Combat → BattleResult
[GameManager] 戦闘結果: ダイアウルフ — 勝利 (7T) 残HP:25
[GameManager] Phase: BattleResult → Reward
[GameManager] Phase: Reward → MapNavigation
[GameManager] MoveToNode: r2_l0 (phase=MapNavigation)
[GameManager] タイル起動: 罠 (r2_l0)
[GameManager] Phase: MapNavigation → TrapTriggered
[GameManager] Phase: TrapTriggered → MapNavigation
[GameManager] MoveToNode: r3_l0 (phase=MapNavigation)
[GameManager] タイル起動: 激戦 (r3_l0)
[GameManager] エンカウント: ミノタウロス
[GameManager] Phase: MapNavigation → Combat
[GameManager] Phase: Combat → BattleResult
[GameManager] 戦闘結果: ミノタウロス — 勝利 (12T) 残HP:16
[GameManager] 激戦2戦目: 鏡の双子
[GameManager] Phase: BattleResult → Combat
[GameManager] Phase: Combat → BattleResult
[GameManager] 戦闘結果: 鏡の双子 — 敗北 (4T) 残HP:0
[GameManager] 救済発動: マップへ戻る
[GameManager] Phase: BattleResult → MapNavigation
[AutoRunner] ラストスタンド発動 (Floor 4)
[GameManager] MoveToNode: r4_l0 (phase=MapNavigation)
[GameManager] タイル起動: 秘宝 (r4_l0)
[GameManager] 宝箱: ゴールド+0, 治癒の指輪
[GameManager] Phase: MapNavigation → TreasureOpen
[GameManager] Phase: TreasureOpen → MapNavigation
[GameManager] MoveToNode: r5_l0 (phase=MapNavigation)
[GameManager] タイル起動: 戦闘 (r5_l0)
[GameManager] エンカウント: ダイアウルフ
[GameManager] Phase: MapNavigation → Combat
[GameManager] Phase: Combat → BattleResult
[GameManager] 戦闘結果: ダイアウルフ — 敗北 (1T) 残HP:0
[GameManager] Phase: BattleResult → GameOver
[AutoRunner] === RUN 67 終了: R5 (4Fで死亡) — 敗北 cause=CombatLoss ===

########## RUN 68  [DEADLOCK デッドロック]  ストール phase=EventEncounter node=r4_l1 floor=3
# reached F3 HP 1/1 coins 38 combats 10/11 LS=True
[GameManager] Phase: GameOver → Title
[GameManager] Phase: Title → RunStart
[GameManager] === ラン開始 === HP:30
[GameManager] Phase: RunStart → FloorIntro
[GameManager] --- フロア 1 [残光の加護] ---
[GameManager] Phase: FloorIntro → MapNavigation
[GameManager] MoveToNode: r1_l0 (phase=MapNavigation)
[GameManager] タイル起動: 休憩 (r1_l0)
[GameManager] Phase: MapNavigation → RestStop
[GameManager] 休憩回復: +9HP (30%) (現在: 30/30)
[GameManager] Phase: RestStop → MapNavigation
[GameManager] MoveToNode: r2_l0 (phase=MapNavigation)
[GameManager] タイル起動: 戦闘 (r2_l0)
[GameManager] エンカウント: ゴブリン
[GameManager] Phase: MapNavigation → Combat
[GameManager] Phase: Combat → BattleResult
[GameManager] 戦闘結果: ゴブリン — 勝利 (5T) 残HP:28
[GameManager] Phase: BattleResult → Reward
[GameManager] Phase: Reward → MapNavigation
[GameManager] MoveToNode: r3_l0 (phase=MapNavigation)
[GameManager] タイル起動: ショップ (r3_l0)
[GameManager] EnterShop called
[GameManager] MapTransitionController.Instance = null
[GameManager] Phase: MapNavigation → ShopVisit
[GameManager] Phase: ShopVisit → MapNavigation
[GameManager] MoveToNode: r4_l1 (phase=MapNavigation)
[GameManager] タイル起動: イベント (r4_l1)
[GameManager] Phase: MapNavigation → EventEncounter
[GameManager] Phase: EventEncounter → MapNavigation
[GameManager] MoveToNode: r5_l1 (phase=MapNavigation)
[GameManager] タイル起動: 戦闘 (r5_l1)
[GameManager] エンカウント: ゴブリン
[GameManager] Phase: MapNavigation → Combat
[GameManager] Phase: Combat → BattleResult
[GameManager] 戦闘結果: ゴブリン — 勝利 (2T) 残HP:28
[GameManager] Phase: BattleResult → Reward
[GameManager] Phase: Reward → MapNavigation
[GameManager] MoveToNode: r6_l1 (phase=MapNavigation)
[GameManager] タイル起動: 戦闘 (r6_l1)
[GameManager] エンカウント: ゴブリン
[GameManager] Phase: MapNavigation → Combat
[GameManager] Phase: Combat → BattleResult
[GameManager] 戦闘結果: ゴブリン — 勝利 (2T) 残HP:28
[GameManager] Phase: BattleResult → Reward
[GameManager] Phase: Reward → MapNavigation
[GameManager] MoveToNode: r7_l1 (phase=MapNavigation)
[GameManager] タイル起動: 激戦 (r7_l1)
[GameManager] エンカウント: スライム
[GameManager] Phase: MapNavigation → Combat
[GameManager] Phase: Combat → BattleResult
[GameManager] 戦闘結果: スライム — 勝利 (1T) 残HP:28
[GameManager] 激戦2戦目: ゴブリン
[GameManager] Phase: BattleResult → Combat
[GameManager] Phase: Combat → BattleResult
[GameManager] 戦闘結果: ゴブリン — 勝利 (6T) 残HP:26
[GameManager] Phase: BattleResult → Reward
[GameManager] Phase: Reward → MapNavigation
[GameManager] MoveToNode: r8_l1 (phase=MapNavigation)
[GameManager] タイル起動: 秘宝 (r8_l1)
[GameManager] 宝箱: ゴールド+7, 鋼鉄の腕輪
[GameManager] Phase: MapNavigation → TreasureOpen
[GameManager] Phase: TreasureOpen → MapNavigation
[GameManager] MoveToNode: r9_l1 (phase=MapNavigation)
[GameManager] タイル起動: 休憩 (r9_l1)
[GameManager] Phase: MapNavigation → RestStop
[GameManager] 休憩回復: +9HP (30%) (現在: 30/30)
[GameManager] Phase: RestStop → MapNavigation
[GameManager] MoveToNode: boss (phase=MapNavigation)
[GameManager] タイル起動: ボス (boss)
[GameManager] ボス 'boss_layer1' 未定義 — フロア1のプールから抽選
[GameManager] ボス戦: スライム
[GameManager] Phase: MapNavigation → Combat
[GameManager] Phase: Combat → BattleResult
[GameManager] 戦闘結果: スライム — 勝利 (1T) 残HP:30
[GameManager] Phase: BattleResult → Reward
[GameManager] Phase: Reward → FloorClear
[GameManager] フロア1クリア → 次へ
[GameManager] 層デバフ: MaxHP-5 → 25
[GameManager] Phase: FloorClear → FloorIntro
[GameManager] --- フロア 2 [嘆きの共鳴] ---
[GameManager] Phase: FloorIntro → MapNavigation
[GameManager] MoveToNode: r1_l1 (phase=MapNavigation)
[GameManager] タイル起動: 罠 (r1_l1)
[GameManager] Phase: MapNavigation → TrapTriggered
[GameManager] Phase: TrapTriggered → MapNavigation
[GameManager] MoveToNode: r2_l1 (phase=MapNavigation)
[GameManager] タイル起動: 戦闘 (r2_l1)
[GameManager] エンカウント: スケルトン
[GameManager] Phase: MapNavigation → Combat
[GameManager] Phase: Combat → BattleResult
[GameManager] 戦闘結果: スケルトン — 勝利 (4T) 残HP:25
[GameManager] Phase: BattleResult → Reward
[GameManager] Phase: Reward → MapNavigation
[GameManager] MoveToNode: r3_l1 (phase=MapNavigation)
[GameManager] タイル起動: 戦闘 (r3_l1)
[GameManager] エンカウント: 13番目の死
[GameManager] Phase: MapNavigation → Combat
[GameManager] Phase: Combat → BattleResult
[GameManager] 戦闘結果: 13番目の死 — 敗北 (1T) 残HP:0
[GameManager] 救済発動: マップへ戻る
[GameManager] Phase: BattleResult → MapNavigation
[AutoRunner] ラストスタンド発動 (Floor 2)
[GameManager] MoveToNode: r4_l1 (phase=MapNavigation)
[GameManager] タイル起動: 戦闘 (r4_l1)
[GameManager] エンカウント: スケルトン
[GameManager] Phase: MapNavigation → Combat
[GameManager] Phase: Combat → BattleResult
[GameManager] 戦闘結果: スケルトン — 勝利 (3T) 残HP:1
[GameManager] Phase: BattleResult → Reward
[GameManager] Phase: Reward → MapNavigation
[GameManager] MoveToNode: r5_l1 (phase=MapNavigation)
[GameManager] タイル起動: ショップ (r5_l1)
[GameManager] EnterShop called
[GameManager] MapTransitionController.Instance = null
[GameManager] Phase: MapNavigation → ShopVisit
[GameManager] Phase: ShopVisit → MapNavigation
[GameManager] MoveToNode: r6_l1 (phase=MapNavigation)
[GameManager] タイル起動: ショップ (r6_l1)
[GameManager] EnterShop called
[GameManager] MapTransitionController.Instance = null
[GameManager] Phase: MapNavigation → ShopVisit
[GameManager] Phase: ShopVisit → MapNavigation
[GameManager] MoveToNode: r7_l0 (phase=MapNavigation)
[GameManager] タイル起動: 秘宝 (r7_l0)
[GameManager] 宝箱: ゴールド+0, 投げ短剣の鞘
[GameManager] Phase: MapNavigation → TreasureOpen
[GameManager] Phase: TreasureOpen → MapNavigation
[GameManager] MoveToNode: r8_l0 (phase=MapNavigation)
[GameManager] タイル起動: 秘宝 (r8_l0)
[GameManager] 宝箱: ゴールド+0, 鋼の籠手
[GameManager] Phase: MapNavigation → TreasureOpen
[GameManager] Phase: TreasureOpen → MapNavigation
[GameManager] MoveToNode: r9_l0 (phase=MapNavigation)
[GameManager] タイル起動: 休憩 (r9_l0)
[GameManager] Phase: MapNavigation → RestStop
[GameManager] 休憩回復: +1HP (30%) (現在: 1/1)
[GameManager] Phase: RestStop → MapNavigation
[GameManager] MoveToNode: boss (phase=MapNavigation)
[GameManager] タイル起動: ボス (boss)
[GameManager] ボス戦: ゴブリン王
[GameManager] Phase: MapNavigation → Combat
[GameManager] Phase: Combat → BattleResult
[GameManager] 戦闘結果: ゴブリン王 — 勝利 (3T) 残HP:1
[GameManager] Phase: BattleResult → Reward
[GameManager] Phase: Reward → FloorClear
[GameManager] フロア2クリア → 次へ
[GameManager] Phase: FloorClear → FloorIntro
[GameManager] --- フロア 3 [瘴気侵蝕] ---
[GameManager] Phase: FloorIntro → MapNavigation
[GameManager] MoveToNode: r1_l1 (phase=MapNavigation)
[GameManager] タイル起動: 罠 (r1_l1)
[GameManager] Phase: MapNavigation → TrapTriggered
[GameManager] Phase: TrapTriggered → MapNavigation
[GameManager] MoveToNode: r2_l1 (phase=MapNavigation)
[GameManager] タイル起動: 罠 (r2_l1)
[GameManager] Phase: MapNavigation → TrapTriggered
[GameManager] Phase: TrapTriggered → MapNavigation
[GameManager] MoveToNode: r3_l1 (phase=MapNavigation)
[GameManager] タイル起動: 戦闘 (r3_l1)
[GameManager] エンカウント: オーク
[GameManager] Phase: MapNavigation → Combat
[GameManager] Phase: Combat → BattleResult
[GameManager] 戦闘結果: オーク — 勝利 (3T) 残HP:1
[GameManager] 層デバフ: 戦闘後2ダメージ (HP:1)
[GameManager] Phase: BattleResult → Reward
[GameManager] Phase: Reward → MapNavigation
[GameManager] MoveToNode: r4_l1 (phase=MapNavigation)
[GameManager] タイル起動: イベント (r4_l1)
[GameManager] Phase: MapNavigation → EventEncounter
[AutoRunner] === RUN 68 終了: DEADLOCK (デッドロック) — ストール phase=EventEncounter node=r4_l1 floor=3 ===

########## RUN 69  [R5 4Fで死亡]  敗北 cause=Starvation
# reached F4 HP 0/1 coins 72 combats 17/18 LS=True
[GameManager] Phase: EventEncounter → RunStart
[GameManager] === ラン開始 === HP:30
[GameManager] Phase: RunStart → FloorIntro
[GameManager] --- フロア 1 [残光の加護] ---
[GameManager] Phase: FloorIntro → MapNavigation
[GameManager] MoveToNode: r1_l1 (phase=MapNavigation)
[GameManager] タイル起動: 戦闘 (r1_l1)
[GameManager] エンカウント: スライム
[GameManager] Phase: MapNavigation → Combat
[GameManager] Phase: Combat → BattleResult
[GameManager] 戦闘結果: スライム — 勝利 (1T) 残HP:30
[GameManager] Phase: BattleResult → Reward
[GameManager] Phase: Reward → MapNavigation
[GameManager] MoveToNode: r2_l1 (phase=MapNavigation)
[GameManager] タイル起動: 秘宝 (r2_l1)
[GameManager] 宝箱: ゴールド+3, 木のダイス
[GameManager] Phase: MapNavigation → TreasureOpen
[GameManager] Phase: TreasureOpen → MapNavigation
[GameManager] MoveToNode: r3_l1 (phase=MapNavigation)
[GameManager] タイル起動: 戦闘 (r3_l1)
[GameManager] エンカウント: スライム
[GameManager] Phase: MapNavigation → Combat
[GameManager] Phase: Combat → BattleResult
[GameManager] 戦闘結果: スライム — 勝利 (1T) 残HP:30
[GameManager] Phase: BattleResult → Reward
[GameManager] Phase: Reward → MapNavigation
[GameManager] MoveToNode: r4_l1 (phase=MapNavigation)
[GameManager] タイル起動: ショップ (r4_l1)
[GameManager] EnterShop called
[GameManager] MapTransitionController.Instance = null
[GameManager] Phase: MapNavigation → ShopVisit
[GameManager] Phase: ShopVisit → MapNavigation
[GameManager] MoveToNode: r5_l1 (phase=MapNavigation)
[GameManager] タイル起動: イベント (r5_l1)
[GameManager] Phase: MapNavigation → EventEncounter
[GameManager] Phase: EventEncounter → MapNavigation
[GameManager] MoveToNode: r6_l2 (phase=MapNavigation)
[GameManager] タイル起動: 戦闘 (r6_l2)
[GameManager] エンカウント: スライム
[GameManager] Phase: MapNavigation → Combat
[GameManager] Phase: Combat → BattleResult
[GameManager] 戦闘結果: スライム — 勝利 (2T) 残HP:30
[GameManager] Phase: BattleResult → Reward
[GameManager] Phase: Reward → MapNavigation
[GameManager] MoveToNode: r7_l2 (phase=MapNavigation)
[GameManager] タイル起動: 激戦 (r7_l2)
[GameManager] エンカウント: ゴブリン
[GameManager] Phase: MapNavigation → Combat
[GameManager] Phase: Combat → BattleResult
[GameManager] 戦闘結果: ゴブリン — 勝利 (2T) 残HP:30
[GameManager] 激戦2戦目: スライム
[GameManager] Phase: BattleResult → Combat
[GameManager] Phase: Combat → BattleResult
[GameManager] 戦闘結果: スライム — 勝利 (3T) 残HP:30
[GameManager] Phase: BattleResult → Reward
[GameManager] Phase: Reward → MapNavigation
[GameManager] MoveToNode: r8_l2 (phase=MapNavigation)
[GameManager] タイル起動: 秘宝 (r8_l2)
[GameManager] 宝箱: ゴールド+5, 神の見識
[GameManager] Phase: MapNavigation → TreasureOpen
[GameManager] Phase: TreasureOpen → MapNavigation
[GameManager] MoveToNode: r9_l2 (phase=MapNavigation)
[GameManager] タイル起動: 休憩 (r9_l2)
[GameManager] Phase: MapNavigation → RestStop
[GameManager] 休憩回復: +9HP (30%) (現在: 30/30)
[GameManager] Phase: RestStop → MapNavigation
[GameManager] MoveToNode: boss (phase=MapNavigation)
[GameManager] タイル起動: ボス (boss)
[GameManager] ボス 'boss_layer1' 未定義 — フロア1のプールから抽選
[GameManager] ボス戦: ゴブリン
[GameManager] Phase: MapNavigation → Combat
[GameManager] Phase: Combat → BattleResult
[GameManager] 戦闘結果: ゴブリン — 勝利 (4T) 残HP:30
[GameManager] Phase: BattleResult → Reward
[GameManager] Phase: Reward → FloorClear
[GameManager] フロア1クリア → 次へ
[GameManager] 層デバフ: MaxHP-5 → 25
[GameManager] Phase: FloorClear → FloorIntro
[GameManager] --- フロア 2 [嘆きの共鳴] ---
[GameManager] Phase: FloorIntro → MapNavigation
[GameManager] MoveToNode: r1_l1 (phase=MapNavigation)
[GameManager] タイル起動: ショップ (r1_l1)
[GameManager] EnterShop called
[GameManager] MapTransitionController.Instance = null
[GameManager] Phase: MapNavigation → ShopVisit
[GameManager] Phase: ShopVisit → MapNavigation
[GameManager] MoveToNode: r2_l1 (phase=MapNavigation)
[GameManager] タイル起動: 戦闘 (r2_l1)
[GameManager] エンカウント: スライム
[GameManager] Phase: MapNavigation → Combat
[GameManager] Phase: Combat → BattleResult
[GameManager] 戦闘結果: スライム — 勝利 (2T) 残HP:25
[GameManager] Phase: BattleResult → Reward
[GameManager] Phase: Reward → MapNavigation
[GameManager] MoveToNode: r3_l1 (phase=MapNavigation)
[GameManager] タイル起動: 激戦 (r3_l1)
[GameManager] エンカウント: 13番目の死
[GameManager] Phase: MapNavigation → Combat
[GameManager] Phase: Combat → BattleResult
[GameManager] 戦闘結果: 13番目の死 — 勝利 (2T) 残HP:25
[GameManager] 激戦2戦目: ダイアウルフ
[GameManager] Phase: BattleResult → Combat
[GameManager] Phase: Combat → BattleResult
[GameManager] 戦闘結果: ダイアウルフ — 勝利 (3T) 残HP:25
[GameManager] Phase: BattleResult → Reward
[GameManager] Phase: Reward → MapNavigation
[GameManager] MoveToNode: r4_l1 (phase=MapNavigation)
[GameManager] タイル起動: 罠 (r4_l1)
[GameManager] Phase: MapNavigation → TrapTriggered
[GameManager] Phase: TrapTriggered → MapNavigation
[GameManager] MoveToNode: r5_l1 (phase=MapNavigation)
[GameManager] タイル起動: 休憩 (r5_l1)
[GameManager] Phase: MapNavigation → RestStop
[GameManager] 休憩回復: +8HP (30%) (現在: 25/25)
[GameManager] Phase: RestStop → MapNavigation
[GameManager] MoveToNode: r6_l1 (phase=MapNavigation)
[GameManager] タイル起動: ショップ (r6_l1)
[GameManager] EnterShop called
[GameManager] MapTransitionController.Instance = null
[GameManager] Phase: MapNavigation → ShopVisit
[GameManager] Phase: ShopVisit → MapNavigation
[GameManager] MoveToNode: r7_l1 (phase=MapNavigation)
[GameManager] タイル起動: 戦闘 (r7_l1)
[GameManager] エンカウント: コボルド
[GameManager] Phase: MapNavigation → Combat
[GameManager] Phase: Combat → BattleResult
[GameManager] 戦闘結果: コボルド — 勝利 (2T) 残HP:25
[GameManager] Phase: BattleResult → Reward
[GameManager] Phase: Reward → MapNavigation
[GameManager] MoveToNode: r8_l1 (phase=MapNavigation)
[GameManager] タイル起動: 秘宝 (r8_l1)
[GameManager] 宝箱: ゴールド+6, 完全回復エリクサー
[GameManager] Phase: MapNavigation → TreasureOpen
[GameManager] Phase: TreasureOpen → MapNavigation
[GameManager] MoveToNode: r9_l1 (phase=MapNavigation)
[GameManager] タイル起動: 休憩 (r9_l1)
[GameManager] Phase: MapNavigation → RestStop
[GameManager] 休憩回復: +8HP (30%) (現在: 25/25)
[GameManager] Phase: RestStop → MapNavigation
[GameManager] MoveToNode: boss (phase=MapNavigation)
[GameManager] タイル起動: ボス (boss)
[GameManager] ボス戦: ゴブリン王
[GameManager] Phase: MapNavigation → Combat
[GameManager] Phase: Combat → BattleResult
[GameManager] 戦闘結果: ゴブリン王 — 勝利 (11T) 残HP:21
[GameManager] Phase: BattleResult → Reward
[GameManager] Phase: Reward → FloorClear
[GameManager] フロア2クリア → 次へ
[GameManager] Phase: FloorClear → FloorIntro
[GameManager] --- フロア 3 [瘴気侵蝕] ---
[GameManager] Phase: FloorIntro → MapNavigation
[GameManager] MoveToNode: r1_l1 (phase=MapNavigation)
[GameManager] タイル起動: 戦闘 (r1_l1)
[GameManager] エンカウント: スケルトン
[GameManager] Phase: MapNavigation → Combat
[GameManager] Phase: Combat → BattleResult
[GameManager] 戦闘結果: スケルトン — 勝利 (5T) 残HP:24
[GameManager] 層デバフ: 戦闘後2ダメージ (HP:22)
[GameManager] Phase: BattleResult → Reward
[GameManager] Phase: Reward → MapNavigation
[GameManager] MoveToNode: r2_l2 (phase=MapNavigation)
[GameManager] タイル起動: イベント (r2_l2)
[GameManager] Phase: MapNavigation → EventEncounter
[GameManager] Phase: EventEncounter → MapNavigation
[GameManager] MoveToNode: r3_l1 (phase=MapNavigation)
[GameManager] タイル起動: 戦闘 (r3_l1)
[GameManager] エンカウント: オーク
[GameManager] Phase: MapNavigation → Combat
[GameManager] Phase: Combat → BattleResult
[GameManager] 戦闘結果: オーク — 勝利 (6T) 残HP:2
[GameManager] 層デバフ: 戦闘後2ダメージ (HP:1)
[GameManager] Phase: BattleResult → Reward
[GameManager] Phase: Reward → MapNavigation
[GameManager] MoveToNode: r4_l1 (phase=MapNavigation)
[GameManager] タイル起動: ショップ (r4_l1)
[GameManager] EnterShop called
[GameManager] MapTransitionController.Instance = null
[GameManager] Phase: MapNavigation → ShopVisit
[GameManager] Phase: ShopVisit → MapNavigation
[GameManager] MoveToNode: r5_l0 (phase=MapNavigation)
[GameManager] タイル起動: 秘宝 (r5_l0)
[GameManager] 宝箱: ゴールド+6, 鋼鉄の腕輪
[GameManager] Phase: MapNavigation → TreasureOpen
[GameManager] Phase: TreasureOpen → MapNavigation
[GameManager] MoveToNode: r6_l1 (phase=MapNavigation)
[GameManager] タイル起動: ショップ (r6_l1)
[GameManager] EnterShop called
[GameManager] MapTransitionController.Instance = null
[GameManager] Phase: MapNavigation → ShopVisit
[GameManager] Phase: ShopVisit → MapNavigation
[GameManager] MoveToNode: r7_l1 (phase=MapNavigation)
[GameManager] タイル起動: 罠 (r7_l1)
[GameManager] Phase: MapNavigation → TrapTriggered
[GameManager] Phase: TrapTriggered → MapNavigation
[GameManager] MoveToNode: r8_l1 (phase=MapNavigation)
[GameManager] タイル起動: 秘宝 (r8_l1)
[GameManager] 宝箱: ゴールド+18, 銅貨のダイス
[GameManager] Phase: MapNavigation → TreasureOpen
[GameManager] Phase: TreasureOpen → MapNavigation
[GameManager] MoveToNode: r9_l1 (phase=MapNavigation)
[GameManager] タイル起動: 休憩 (r9_l1)
[GameManager] Phase: MapNavigation → RestStop
[GameManager] 休憩回復: +13HP (50%) (現在: 14/25)
[GameManager] Phase: RestStop → MapNavigation
[GameManager] MoveToNode: boss (phase=MapNavigation)
[GameManager] タイル起動: ボス (boss)
[GameManager] ボス戦: 凍れる吟遊詩人
[GameManager] Phase: MapNavigation → Combat
[GameManager] Phase: Combat → BattleResult
[GameManager] 戦闘結果: 凍れる吟遊詩人 — 勝利 (2T) 残HP:14
[GameManager] 層デバフ: 戦闘後2ダメージ (HP:12)
[GameManager] Phase: BattleResult → Reward
[GameManager] Phase: Reward → FloorClear
[GameManager] フロア3クリア → 次へ
[GameManager] Phase: FloorClear → FloorIntro
[GameManager] --- フロア 4 [煉獄の刻印] ---
[GameManager] Phase: FloorIntro → MapNavigation
[GameManager] MoveToNode: r1_l1 (phase=MapNavigation)
[GameManager] タイル起動: 戦闘 (r1_l1)
[GameManager] エンカウント: コボルド
[GameManager] Phase: MapNavigation → Combat
[GameManager] Phase: Combat → BattleResult
[GameManager] 戦闘結果: コボルド — 勝利 (2T) 残HP:20
[GameManager] Phase: BattleResult → Reward
[GameManager] Phase: Reward → MapNavigation
[GameManager] MoveToNode: r2_l1 (phase=MapNavigation)
[GameManager] タイル起動: イベント (r2_l1)
[GameManager] Phase: MapNavigation → EventEncounter
[GameManager] Phase: EventEncounter → MapNavigation
[GameManager] MoveToNode: r3_l2 (phase=MapNavigation)
[GameManager] タイル起動: ショップ (r3_l2)
[GameManager] EnterShop called
[GameManager] MapTransitionController.Instance = null
[GameManager] Phase: MapNavigation → ShopVisit
[GameManager] Phase: ShopVisit → MapNavigation
[GameManager] MoveToNode: r4_l2 (phase=MapNavigation)
[GameManager] タイル起動: ショップ (r4_l2)
[GameManager] EnterShop called
[GameManager] MapTransitionController.Instance = null
[GameManager] Phase: MapNavigation → ShopVisit
[GameManager] Phase: ShopVisit → MapNavigation
[GameManager] MoveToNode: r5_l2 (phase=MapNavigation)
[GameManager] タイル起動: 戦闘 (r5_l2)
[GameManager] エンカウント: 鏡の双子
[GameManager] Phase: MapNavigation → Combat
[GameManager] Phase: Combat → BattleResult
[GameManager] 戦闘結果: 鏡の双子 — 勝利 (6T) 残HP:10
[GameManager] Phase: BattleResult → Reward
[GameManager] Phase: Reward → MapNavigation
[GameManager] MoveToNode: r6_l2 (phase=MapNavigation)
[AutoRunner] ラストスタンド発動 (Floor 4)
[AutoRunner] === RUN 69 終了: R5 (4Fで死亡) — 敗北 cause=Starvation ===

########## RUN 70  [R5 4Fで死亡]  敗北 cause=CombatLoss
# reached F4 HP 0/1 coins 86 combats 15/17 LS=True
[GameManager] Phase: GameOver → Title
[GameManager] Phase: Title → RunStart
[GameManager] === ラン開始 === HP:30
[GameManager] Phase: RunStart → FloorIntro
[GameManager] --- フロア 1 [残光の加護] ---
[GameManager] Phase: FloorIntro → MapNavigation
[GameManager] MoveToNode: r1_l0 (phase=MapNavigation)
[GameManager] タイル起動: 戦闘 (r1_l0)
[GameManager] エンカウント: スライム
[GameManager] Phase: MapNavigation → Combat
[GameManager] Phase: Combat → BattleResult
[GameManager] 戦闘結果: スライム — 勝利 (2T) 残HP:30
[GameManager] Phase: BattleResult → Reward
[GameManager] Phase: Reward → MapNavigation
[GameManager] MoveToNode: r2_l0 (phase=MapNavigation)
[GameManager] タイル起動: ショップ (r2_l0)
[GameManager] EnterShop called
[GameManager] MapTransitionController.Instance = null
[GameManager] Phase: MapNavigation → ShopVisit
[GameManager] Phase: ShopVisit → MapNavigation
[GameManager] MoveToNode: r3_l1 (phase=MapNavigation)
[GameManager] タイル起動: 戦闘 (r3_l1)
[GameManager] エンカウント: ゴブリン
[GameManager] Phase: MapNavigation → Combat
[GameManager] Phase: Combat → BattleResult
[GameManager] 戦闘結果: ゴブリン — 勝利 (2T) 残HP:30
[GameManager] Phase: BattleResult → Reward
[GameManager] Phase: Reward → MapNavigation
[GameManager] MoveToNode: r4_l1 (phase=MapNavigation)
[GameManager] タイル起動: 戦闘 (r4_l1)
[GameManager] エンカウント: スライム
[GameManager] Phase: MapNavigation → Combat
[GameManager] Phase: Combat → BattleResult
[GameManager] 戦闘結果: スライム — 勝利 (1T) 残HP:30
[GameManager] Phase: BattleResult → Reward
[GameManager] Phase: Reward → MapNavigation
[GameManager] MoveToNode: r5_l1 (phase=MapNavigation)
[GameManager] タイル起動: 激戦 (r5_l1)
[GameManager] エンカウント: ゴブリン
[GameManager] Phase: MapNavigation → Combat
[GameManager] Phase: Combat → BattleResult
[GameManager] 戦闘結果: ゴブリン — 勝利 (2T) 残HP:30
[GameManager] 激戦2戦目: スライム
[GameManager] Phase: BattleResult → Combat
[GameManager] Phase: Combat → BattleResult
[GameManager] 戦闘結果: スライム — 勝利 (3T) 残HP:29
[GameManager] Phase: BattleResult → Reward
[GameManager] Phase: Reward → MapNavigation
[GameManager] MoveToNode: r6_l1 (phase=MapNavigation)
[GameManager] タイル起動: 戦闘 (r6_l1)
[GameManager] エンカウント: スライム
[GameManager] Phase: MapNavigation → Combat
[GameManager] Phase: Combat → BattleResult
[GameManager] 戦闘結果: スライム — 勝利 (1T) 残HP:29
[GameManager] Phase: BattleResult → Reward
[GameManager] Phase: Reward → MapNavigation
[GameManager] MoveToNode: r7_l1 (phase=MapNavigation)
[GameManager] タイル起動: ショップ (r7_l1)
[GameManager] EnterShop called
[GameManager] MapTransitionController.Instance = null
[GameManager] Phase: MapNavigation → ShopVisit
[GameManager] Phase: ShopVisit → MapNavigation
[GameManager] MoveToNode: r8_l1 (phase=MapNavigation)
[GameManager] タイル起動: 秘宝 (r8_l1)
[GameManager] 宝箱: ゴールド+7, 癒しの靴
[GameManager] Phase: MapNavigation → TreasureOpen
[GameManager] Phase: TreasureOpen → MapNavigation
[GameManager] MoveToNode: r9_l1 (phase=MapNavigation)
[GameManager] タイル起動: 休憩 (r9_l1)
[GameManager] Phase: MapNavigation → RestStop
[GameManager] 休憩回復: +9HP (30%) (現在: 30/30)
[GameManager] Phase: RestStop → MapNavigation
[GameManager] MoveToNode: boss (phase=MapNavigation)
[GameManager] タイル起動: ボス (boss)
[GameManager] ボス 'boss_layer1' 未定義 — フロア1のプールから抽選
[GameManager] ボス戦: ゴブリン
[GameManager] Phase: MapNavigation → Combat
[GameManager] Phase: Combat → BattleResult
[GameManager] 戦闘結果: ゴブリン — 勝利 (4T) 残HP:29
[GameManager] Phase: BattleResult → Reward
[GameManager] Phase: Reward → FloorClear
[GameManager] フロア1クリア → 次へ
[GameManager] 層デバフ: MaxHP-5 → 25
[GameManager] Phase: FloorClear → FloorIntro
[GameManager] --- フロア 2 [嘆きの共鳴] ---
[GameManager] Phase: FloorIntro → MapNavigation
[GameManager] MoveToNode: r1_l1 (phase=MapNavigation)
[GameManager] タイル起動: 秘宝 (r1_l1)
[GameManager] 宝箱: ゴールド+10, 安らぎの靴
[GameManager] Phase: MapNavigation → TreasureOpen
[GameManager] Phase: TreasureOpen → MapNavigation
[GameManager] MoveToNode: r2_l1 (phase=MapNavigation)
[GameManager] タイル起動: 戦闘 (r2_l1)
[GameManager] エンカウント: ダイアウルフ
[GameManager] Phase: MapNavigation → Combat
[GameManager] Phase: Combat → BattleResult
[GameManager] 戦闘結果: ダイアウルフ — 勝利 (2T) 残HP:25
[GameManager] Phase: BattleResult → Reward
[GameManager] Phase: Reward → MapNavigation
[GameManager] MoveToNode: r3_l0 (phase=MapNavigation)
[GameManager] タイル起動: 戦闘 (r3_l0)
[GameManager] エンカウント: ゴブリン王
[GameManager] Phase: MapNavigation → Combat
[GameManager] Phase: Combat → BattleResult
[GameManager] 戦闘結果: ゴブリン王 — 勝利 (9T) 残HP:24
[GameManager] Phase: BattleResult → Reward
[GameManager] Phase: Reward → MapNavigation
[GameManager] MoveToNode: r4_l1 (phase=MapNavigation)
[GameManager] タイル起動: 戦闘 (r4_l1)
[GameManager] エンカウント: スライム
[GameManager] Phase: MapNavigation → Combat
[GameManager] Phase: Combat → BattleResult
[GameManager] 戦闘結果: スライム — 勝利 (2T) 残HP:25
[GameManager] Phase: BattleResult → Reward
[GameManager] Phase: Reward → MapNavigation
[GameManager] MoveToNode: r5_l1 (phase=MapNavigation)
[GameManager] タイル起動: イベント (r5_l1)
[GameManager] Phase: MapNavigation → EventEncounter
[GameManager] Phase: EventEncounter → MapNavigation
[GameManager] MoveToNode: r6_l1 (phase=MapNavigation)
[GameManager] タイル起動: 罠 (r6_l1)
[GameManager] Phase: MapNavigation → TrapTriggered
[GameManager] Phase: TrapTriggered → MapNavigation
[GameManager] MoveToNode: r7_l0 (phase=MapNavigation)
[GameManager] タイル起動: 戦闘 (r7_l0)
[GameManager] エンカウント: スケルトン
[GameManager] Phase: MapNavigation → Combat
[GameManager] Phase: Combat → BattleResult
[GameManager] 戦闘結果: スケルトン — 勝利 (5T) 残HP:23
[GameManager] Phase: BattleResult → Reward
[GameManager] Phase: Reward → MapNavigation
[GameManager] MoveToNode: r8_l0 (phase=MapNavigation)
[GameManager] タイル起動: 秘宝 (r8_l0)
[GameManager] 宝箱: ゴールド+12, 小回復ポーション
[GameManager] Phase: MapNavigation → TreasureOpen
[GameManager] Phase: TreasureOpen → MapNavigation
[GameManager] MoveToNode: r9_l0 (phase=MapNavigation)
[GameManager] タイル起動: 休憩 (r9_l0)
[GameManager] Phase: MapNavigation → RestStop
[GameManager] 休憩回復: +8HP (30%) (現在: 25/25)
[GameManager] Phase: RestStop → MapNavigation
[GameManager] MoveToNode: boss (phase=MapNavigation)
[GameManager] タイル起動: ボス (boss)
[GameManager] ボス戦: ゴブリン王
[GameManager] Phase: MapNavigation → Combat
[GameManager] Phase: Combat → BattleResult
[GameManager] 戦闘結果: ゴブリン王 — 勝利 (7T) 残HP:25
[GameManager] Phase: BattleResult → Reward
[GameManager] Phase: Reward → FloorClear
[GameManager] フロア2クリア → 次へ
[GameManager] Phase: FloorClear → FloorIntro
[GameManager] --- フロア 3 [瘴気侵蝕] ---
[GameManager] Phase: FloorIntro → MapNavigation
[GameManager] MoveToNode: r1_l0 (phase=MapNavigation)
[GameManager] タイル起動: イベント (r1_l0)
[GameManager] Phase: MapNavigation → EventEncounter
[GameManager] Phase: EventEncounter → MapNavigation
[GameManager] MoveToNode: r2_l1 (phase=MapNavigation)
[GameManager] タイル起動: イベント (r2_l1)
[GameManager] Phase: MapNavigation → EventEncounter
[GameManager] Phase: EventEncounter → MapNavigation
[GameManager] MoveToNode: r3_l2 (phase=MapNavigation)
[GameManager] タイル起動: 戦闘 (r3_l2)
[GameManager] エンカウント: コボルド
[GameManager] Phase: MapNavigation → Combat
[GameManager] Phase: Combat → BattleResult
[GameManager] 戦闘結果: コボルド — 勝利 (3T) 残HP:24
[GameManager] 層デバフ: 戦闘後2ダメージ (HP:22)
[GameManager] Phase: BattleResult → Reward
[GameManager] Phase: Reward → MapNavigation
[GameManager] MoveToNode: r4_l2 (phase=MapNavigation)
[GameManager] タイル起動: 罠 (r4_l2)
[GameManager] Phase: MapNavigation → TrapTriggered
[GameManager] Phase: TrapTriggered → MapNavigation
[GameManager] MoveToNode: r5_l2 (phase=MapNavigation)
[GameManager] タイル起動: 秘宝 (r5_l2)
[GameManager] 宝箱: ゴールド+18, 観察者の眼鏡
[GameManager] Phase: MapNavigation → TreasureOpen
[GameManager] Phase: TreasureOpen → MapNavigation
[GameManager] MoveToNode: r6_l2 (phase=MapNavigation)
[GameManager] タイル起動: ショップ (r6_l2)
[GameManager] EnterShop called
[GameManager] MapTransitionController.Instance = null
[GameManager] Phase: MapNavigation → ShopVisit
[GameManager] Phase: ShopVisit → MapNavigation
[GameManager] MoveToNode: r7_l2 (phase=MapNavigation)
[GameManager] タイル起動: 激戦 (r7_l2)
[GameManager] エンカウント: ハーピィ
[GameManager] Phase: MapNavigation → Combat
[GameManager] Phase: Combat → BattleResult
[GameManager] 戦闘結果: ハーピィ — 敗北 (12T) 残HP:0
[GameManager] 救済発動: マップへ戻る
[GameManager] Phase: BattleResult → MapNavigation
[AutoRunner] ラストスタンド発動 (Floor 3)
[GameManager] MoveToNode: r8_l2 (phase=MapNavigation)
[GameManager] タイル起動: 秘宝 (r8_l2)
[GameManager] 宝箱: ゴールド+0, 観察者の眼鏡
[GameManager] Phase: MapNavigation → TreasureOpen
[GameManager] Phase: TreasureOpen → MapNavigation
[GameManager] MoveToNode: r9_l2 (phase=MapNavigation)
[GameManager] タイル起動: 休憩 (r9_l2)
[GameManager] Phase: MapNavigation → RestStop
[GameManager] 休憩回復: +1HP (50%) (現在: 1/1)
[GameManager] Phase: RestStop → MapNavigation
[GameManager] MoveToNode: boss (phase=MapNavigation)
[GameManager] タイル起動: ボス (boss)
[GameManager] ボス戦: 凍れる吟遊詩人
[GameManager] Phase: MapNavigation → Combat
[GameManager] Phase: Combat → BattleResult
[GameManager] 戦闘結果: 凍れる吟遊詩人 — 勝利 (9T) 残HP:1
[GameManager] 層デバフ: 戦闘後2ダメージ (HP:1)
[GameManager] Phase: BattleResult → Reward
[GameManager] Phase: Reward → FloorClear
[GameManager] フロア3クリア → 次へ
[GameManager] Phase: FloorClear → FloorIntro
[GameManager] --- フロア 4 [煉獄の刻印] ---
[GameManager] Phase: FloorIntro → MapNavigation
[GameManager] MoveToNode: r1_l1 (phase=MapNavigation)
[GameManager] タイル起動: 秘宝 (r1_l1)
[GameManager] 宝箱: ゴールド+0, 鎖帷子
[GameManager] Phase: MapNavigation → TreasureOpen
[GameManager] Phase: TreasureOpen → MapNavigation
[GameManager] MoveToNode: r2_l1 (phase=MapNavigation)
[GameManager] タイル起動: 戦闘 (r2_l1)
[GameManager] エンカウント: 鏡の双子
[GameManager] Phase: MapNavigation → Combat
[GameManager] Phase: Combat → BattleResult
[GameManager] 戦闘結果: 鏡の双子 — 勝利 (14T) 残HP:1
[GameManager] Phase: BattleResult → Reward
[GameManager] Phase: Reward → MapNavigation
[GameManager] MoveToNode: r3_l1 (phase=MapNavigation)
[GameManager] タイル起動: 戦闘 (r3_l1)
[GameManager] エンカウント: ダイアウルフ
[GameManager] Phase: MapNavigation → Combat
[GameManager] Phase: Combat → BattleResult
[GameManager] 戦闘結果: ダイアウルフ — 敗北 (4T) 残HP:0
[GameManager] Phase: BattleResult → GameOver
[AutoRunner] === RUN 70 終了: R5 (4Fで死亡) — 敗北 cause=CombatLoss ===

########## RUN 71  [DEADLOCK デッドロック]  移動先なし(MapNavigation)
# reached F4 HP 1/1 coins 105 combats 13/14 LS=True
[GameManager] Phase: GameOver → Title
[GameManager] Phase: Title → RunStart
[GameManager] === ラン開始 === HP:30
[GameManager] Phase: RunStart → FloorIntro
[GameManager] --- フロア 1 [残光の加護] ---
[GameManager] Phase: FloorIntro → MapNavigation
[GameManager] MoveToNode: r1_l1 (phase=MapNavigation)
[GameManager] タイル起動: ショップ (r1_l1)
[GameManager] EnterShop called
[GameManager] MapTransitionController.Instance = null
[GameManager] Phase: MapNavigation → ShopVisit
[GameManager] Phase: ShopVisit → MapNavigation
[GameManager] MoveToNode: r2_l1 (phase=MapNavigation)
[GameManager] タイル起動: イベント (r2_l1)
[GameManager] Phase: MapNavigation → EventEncounter
[GameManager] Phase: EventEncounter → MapNavigation
[GameManager] MoveToNode: r3_l1 (phase=MapNavigation)
[GameManager] タイル起動: 戦闘 (r3_l1)
[GameManager] エンカウント: ゴブリン
[GameManager] Phase: MapNavigation → Combat
[GameManager] Phase: Combat → BattleResult
[GameManager] 戦闘結果: ゴブリン — 勝利 (4T) 残HP:28
[GameManager] Phase: BattleResult → Reward
[GameManager] Phase: Reward → MapNavigation
[GameManager] MoveToNode: r4_l0 (phase=MapNavigation)
[GameManager] タイル起動: イベント (r4_l0)
[GameManager] Phase: MapNavigation → EventEncounter
[GameManager] Phase: EventEncounter → MapNavigation
[GameManager] MoveToNode: r5_l1 (phase=MapNavigation)
[GameManager] タイル起動: ショップ (r5_l1)
[GameManager] EnterShop called
[GameManager] MapTransitionController.Instance = null
[GameManager] Phase: MapNavigation → ShopVisit
[GameManager] Phase: ShopVisit → MapNavigation
[GameManager] MoveToNode: r6_l1 (phase=MapNavigation)
[GameManager] タイル起動: 戦闘 (r6_l1)
[GameManager] エンカウント: スライム
[GameManager] Phase: MapNavigation → Combat
[GameManager] Phase: Combat → BattleResult
[GameManager] 戦闘結果: スライム — 勝利 (1T) 残HP:28
[GameManager] Phase: BattleResult → Reward
[GameManager] Phase: Reward → MapNavigation
[GameManager] MoveToNode: r7_l1 (phase=MapNavigation)
[GameManager] タイル起動: 秘宝 (r7_l1)
[GameManager] 宝箱: ゴールド+2, 黒煙の符
[GameManager] Phase: MapNavigation → TreasureOpen
[GameManager] Phase: TreasureOpen → MapNavigation
[GameManager] MoveToNode: r8_l1 (phase=MapNavigation)
[GameManager] タイル起動: 秘宝 (r8_l1)
[GameManager] 宝箱: ゴールド+7, 鉄のダイス
[GameManager] Phase: MapNavigation → TreasureOpen
[GameManager] Phase: TreasureOpen → MapNavigation
[GameManager] MoveToNode: r9_l1 (phase=MapNavigation)
[GameManager] タイル起動: 休憩 (r9_l1)
[GameManager] Phase: MapNavigation → RestStop
[GameManager] 休憩回復: +9HP (30%) (現在: 30/30)
[GameManager] Phase: RestStop → MapNavigation
[GameManager] MoveToNode: boss (phase=MapNavigation)
[GameManager] タイル起動: ボス (boss)
[GameManager] ボス 'boss_layer1' 未定義 — フロア1のプールから抽選
[GameManager] ボス戦: ゴブリン
[GameManager] Phase: MapNavigation → Combat
[GameManager] Phase: Combat → BattleResult
[GameManager] 戦闘結果: ゴブリン — 勝利 (1T) 残HP:30
[GameManager] Phase: BattleResult → Reward
[GameManager] Phase: Reward → FloorClear
[GameManager] フロア1クリア → 次へ
[GameManager] 層デバフ: MaxHP-5 → 25
[GameManager] Phase: FloorClear → FloorIntro
[GameManager] --- フロア 2 [嘆きの共鳴] ---
[GameManager] Phase: FloorIntro → MapNavigation
[GameManager] MoveToNode: r1_l0 (phase=MapNavigation)
[GameManager] タイル起動: 戦闘 (r1_l0)
[GameManager] エンカウント: ゴブリン
[GameManager] Phase: MapNavigation → Combat
[GameManager] Phase: Combat → BattleResult
[GameManager] 戦闘結果: ゴブリン — 勝利 (1T) 残HP:25
[GameManager] Phase: BattleResult → Reward
[GameManager] Phase: Reward → MapNavigation
[GameManager] MoveToNode: r2_l1 (phase=MapNavigation)
[GameManager] タイル起動: イベント (r2_l1)
[GameManager] Phase: MapNavigation → EventEncounter
[GameManager] Phase: EventEncounter → MapNavigation
[GameManager] MoveToNode: r3_l1 (phase=MapNavigation)
[GameManager] タイル起動: イベント (r3_l1)
[GameManager] Phase: MapNavigation → EventEncounter
[GameManager] イベント戦闘: ダイアウルフ (elite=True)
[GameManager] Phase: EventEncounter → Combat
[GameManager] Phase: Combat → BattleResult
[GameManager] 戦闘結果: ダイアウルフ — 勝利 (4T) 残HP:25
[GameManager] Phase: BattleResult → MapNavigation
[GameManager] MoveToNode: r4_l2 (phase=MapNavigation)
[GameManager] タイル起動: 戦闘 (r4_l2)
[GameManager] エンカウント: コボルド
[GameManager] Phase: MapNavigation → Combat
[GameManager] Phase: Combat → BattleResult
[GameManager] 戦闘結果: コボルド — 勝利 (3T) 残HP:25
[GameManager] Phase: BattleResult → Reward
[GameManager] Phase: Reward → MapNavigation
[GameManager] MoveToNode: r5_l2 (phase=MapNavigation)
[GameManager] タイル起動: 罠 (r5_l2)
[GameManager] Phase: MapNavigation → TrapTriggered
[GameManager] Phase: TrapTriggered → MapNavigation
[GameManager] MoveToNode: r6_l2 (phase=MapNavigation)
[GameManager] タイル起動: ショップ (r6_l2)
[GameManager] EnterShop called
[GameManager] MapTransitionController.Instance = null
[GameManager] Phase: MapNavigation → ShopVisit
[GameManager] Phase: ShopVisit → MapNavigation
[GameManager] MoveToNode: r7_l2 (phase=MapNavigation)
[GameManager] タイル起動: 戦闘 (r7_l2)
[GameManager] エンカウント: 13番目の死
[GameManager] Phase: MapNavigation → Combat
[GameManager] Phase: Combat → BattleResult
[GameManager] 戦闘結果: 13番目の死 — 勝利 (3T) 残HP:25
[GameManager] Phase: BattleResult → Reward
[GameManager] Phase: Reward → MapNavigation
[GameManager] MoveToNode: r8_l2 (phase=MapNavigation)
[GameManager] タイル起動: 秘宝 (r8_l2)
[GameManager] 宝箱: ゴールド+12, 鎖帷子
[GameManager] Phase: MapNavigation → TreasureOpen
[GameManager] Phase: TreasureOpen → MapNavigation
[GameManager] MoveToNode: r9_l2 (phase=MapNavigation)
[GameManager] タイル起動: 休憩 (r9_l2)
[GameManager] Phase: MapNavigation → RestStop
[GameManager] 休憩回復: +8HP (30%) (現在: 25/25)
[GameManager] Phase: RestStop → MapNavigation
[GameManager] MoveToNode: boss (phase=MapNavigation)
[GameManager] タイル起動: ボス (boss)
[GameManager] ボス戦: ゴブリン王
[GameManager] Phase: MapNavigation → Combat
[GameManager] Phase: Combat → BattleResult
[GameManager] 戦闘結果: ゴブリン王 — 勝利 (9T) 残HP:25
[GameManager] Phase: BattleResult → Reward
[GameManager] Phase: Reward → FloorClear
[GameManager] フロア2クリア → 次へ
[GameManager] Phase: FloorClear → FloorIntro
[GameManager] --- フロア 3 [瘴気侵蝕] ---
[GameManager] Phase: FloorIntro → MapNavigation
[GameManager] MoveToNode: r1_l1 (phase=MapNavigation)
[GameManager] タイル起動: 戦闘 (r1_l1)
[GameManager] エンカウント: ゴブリン
[GameManager] Phase: MapNavigation → Combat
[GameManager] Phase: Combat → BattleResult
[GameManager] 戦闘結果: ゴブリン — 勝利 (2T) 残HP:25
[GameManager] 層デバフ: 戦闘後2ダメージ (HP:23)
[GameManager] Phase: BattleResult → Reward
[GameManager] Phase: Reward → MapNavigation
[GameManager] MoveToNode: r2_l1 (phase=MapNavigation)
[GameManager] タイル起動: 秘宝 (r2_l1)
[GameManager] 宝箱: ゴールド+12, 苦難の刻印
[GameManager] Phase: MapNavigation → TreasureOpen
[GameManager] Phase: TreasureOpen → MapNavigation
[GameManager] MoveToNode: r3_l1 (phase=MapNavigation)
[GameManager] タイル起動: ショップ (r3_l1)
[GameManager] EnterShop called
[GameManager] MapTransitionController.Instance = null
[GameManager] Phase: MapNavigation → ShopVisit
[GameManager] Phase: ShopVisit → MapNavigation
[GameManager] MoveToNode: r4_l0 (phase=MapNavigation)
[GameManager] タイル起動: 戦闘 (r4_l0)
[GameManager] エンカウント: 凍れる吟遊詩人
[GameManager] Phase: MapNavigation → Combat
[GameManager] Phase: Combat → BattleResult
[GameManager] 戦闘結果: 凍れる吟遊詩人 — 勝利 (7T) 残HP:23
[GameManager] 層デバフ: 戦闘後2ダメージ (HP:21)
[GameManager] Phase: BattleResult → Reward
[GameManager] Phase: Reward → MapNavigation
[GameManager] MoveToNode: r5_l0 (phase=MapNavigation)
[GameManager] タイル起動: 戦闘 (r5_l0)
[GameManager] エンカウント: ダイアウルフ
[GameManager] Phase: MapNavigation → Combat
[GameManager] Phase: Combat → BattleResult
[GameManager] 戦闘結果: ダイアウルフ — 勝利 (11T) 残HP:19
[GameManager] 層デバフ: 戦闘後2ダメージ (HP:17)
[GameManager] Phase: BattleResult → Reward
[GameManager] Phase: Reward → MapNavigation
[GameManager] MoveToNode: r6_l1 (phase=MapNavigation)
[GameManager] タイル起動: ショップ (r6_l1)
[GameManager] EnterShop called
[GameManager] MapTransitionController.Instance = null
[GameManager] Phase: MapNavigation → ShopVisit
[GameManager] Phase: ShopVisit → MapNavigation
[GameManager] MoveToNode: r7_l1 (phase=MapNavigation)
[GameManager] タイル起動: 罠 (r7_l1)
[GameManager] Phase: MapNavigation → TrapTriggered
[GameManager] Phase: TrapTriggered → MapNavigation
[GameManager] MoveToNode: r8_l1 (phase=MapNavigation)
[GameManager] タイル起動: 秘宝 (r8_l1)
[GameManager] 宝箱: ゴールド+15, 静寂のローブ
[GameManager] Phase: MapNavigation → TreasureOpen
[GameManager] Phase: TreasureOpen → MapNavigation
[GameManager] MoveToNode: r9_l1 (phase=MapNavigation)
[GameManager] タイル起動: 休憩 (r9_l1)
[GameManager] Phase: MapNavigation → RestStop
[GameManager] 休憩回復: +13HP (50%) (現在: 25/25)
[GameManager] Phase: RestStop → MapNavigation
[GameManager] MoveToNode: boss (phase=MapNavigation)
[GameManager] タイル起動: ボス (boss)
[GameManager] ボス戦: 凍れる吟遊詩人
[GameManager] Phase: MapNavigation → Combat
[GameManager] Phase: Combat → BattleResult
[GameManager] 戦闘結果: 凍れる吟遊詩人 — 勝利 (7T) 残HP:25
[GameManager] 層デバフ: 戦闘後2ダメージ (HP:23)
[GameManager] Phase: BattleResult → Reward
[GameManager] Phase: Reward → FloorClear
[GameManager] フロア3クリア → 次へ
[GameManager] Phase: FloorClear → FloorIntro
[GameManager] --- フロア 4 [煉獄の刻印] ---
[GameManager] Phase: FloorIntro → MapNavigation
[GameManager] MoveToNode: r1_l0 (phase=MapNavigation)
[GameManager] タイル起動: 秘宝 (r1_l0)
[GameManager] 宝箱: ゴールド+20, 偏りのダイス
[GameManager] Phase: MapNavigation → TreasureOpen
[GameManager] Phase: TreasureOpen → MapNavigation
[GameManager] MoveToNode: r2_l0 (phase=MapNavigation)
[GameManager] タイル起動: ショップ (r2_l0)
[GameManager] EnterShop called
[GameManager] MapTransitionController.Instance = null
[GameManager] Phase: MapNavigation → ShopVisit
[GameManager] Phase: ShopVisit → MapNavigation
[GameManager] MoveToNode: r3_l0 (phase=MapNavigation)
[GameManager] タイル起動: イベント (r3_l0)
[GameManager] Phase: MapNavigation → EventEncounter
[GameManager] Phase: EventEncounter → MapNavigation
[GameManager] MoveToNode: r4_l0 (phase=MapNavigation)
[GameManager] タイル起動: 戦闘 (r4_l0)
[GameManager] エンカウント: ミノタウロス
[GameManager] Phase: MapNavigation → Combat
[GameManager] Phase: Combat → BattleResult
[GameManager] 戦闘結果: ミノタウロス — 勝利 (9T) 残HP:12
[GameManager] Phase: BattleResult → Reward
[GameManager] Phase: Reward → MapNavigation
[GameManager] MoveToNode: r5_l0 (phase=MapNavigation)
[GameManager] タイル起動: ショップ (r5_l0)
[GameManager] EnterShop called
[GameManager] MapTransitionController.Instance = null
[GameManager] Phase: MapNavigation → ShopVisit
[GameManager] Phase: ShopVisit → MapNavigation
[GameManager] MoveToNode: r6_l0 (phase=MapNavigation)
[GameManager] タイル起動: 秘宝 (r6_l0)
[GameManager] 宝箱: ゴールド+16, 観察者の眼鏡
[GameManager] Phase: MapNavigation → TreasureOpen
[GameManager] Phase: TreasureOpen → MapNavigation
[GameManager] MoveToNode: r7_l0 (phase=MapNavigation)
[GameManager] タイル起動: 罠 (r7_l0)
[GameManager] Phase: MapNavigation → TrapTriggered
[GameManager] Phase: TrapTriggered → MapNavigation
[GameManager] MoveToNode: r8_l0 (phase=MapNavigation)
[GameManager] 空腹ダメージ: 5 (HP: 7/25)
[AutoRunner] ラストスタンド発動 (Floor 4)
[AutoRunner] === RUN 71 終了: DEADLOCK (デッドロック) — 移動先なし(MapNavigation) ===

########## RUN 72  [DEADLOCK デッドロック]  移動先なし(MapNavigation)
# reached F5 HP 1/1 coins 157 combats 21/22 LS=True
[GameManager] Phase: MapNavigation → RunStart
[GameManager] === ラン開始 === HP:30
[GameManager] Phase: RunStart → FloorIntro
[GameManager] --- フロア 1 [残光の加護] ---
[GameManager] Phase: FloorIntro → MapNavigation
[GameManager] MoveToNode: r1_l2 (phase=MapNavigation)
[GameManager] タイル起動: イベント (r1_l2)
[GameManager] Phase: MapNavigation → EventEncounter
[GameManager] Phase: EventEncounter → MapNavigation
[GameManager] MoveToNode: r2_l2 (phase=MapNavigation)
[GameManager] タイル起動: 秘宝 (r2_l2)
[GameManager] 宝箱: ゴールド+6, 木のダイス
[GameManager] Phase: MapNavigation → TreasureOpen
[GameManager] Phase: TreasureOpen → MapNavigation
[GameManager] MoveToNode: r3_l2 (phase=MapNavigation)
[GameManager] タイル起動: イベント (r3_l2)
[GameManager] Phase: MapNavigation → EventEncounter
[GameManager] Phase: EventEncounter → MapNavigation
[GameManager] MoveToNode: r4_l1 (phase=MapNavigation)
[GameManager] タイル起動: イベント (r4_l1)
[GameManager] Phase: MapNavigation → EventEncounter
[GameManager] Phase: EventEncounter → MapNavigation
[GameManager] MoveToNode: r5_l1 (phase=MapNavigation)
[GameManager] タイル起動: 休憩 (r5_l1)
[GameManager] Phase: MapNavigation → RestStop
[GameManager] 休憩回復: +9HP (30%) (現在: 30/30)
[GameManager] Phase: RestStop → MapNavigation
[GameManager] MoveToNode: r6_l0 (phase=MapNavigation)
[GameManager] タイル起動: 戦闘 (r6_l0)
[GameManager] エンカウント: スライム
[GameManager] Phase: MapNavigation → Combat
[GameManager] Phase: Combat → BattleResult
[GameManager] 戦闘結果: スライム — 勝利 (1T) 残HP:30
[GameManager] Phase: BattleResult → Reward
[GameManager] Phase: Reward → MapNavigation
[GameManager] MoveToNode: r7_l1 (phase=MapNavigation)
[GameManager] タイル起動: 戦闘 (r7_l1)
[GameManager] エンカウント: スライム
[GameManager] Phase: MapNavigation → Combat
[GameManager] Phase: Combat → BattleResult
[GameManager] 戦闘結果: スライム — 勝利 (2T) 残HP:30
[GameManager] Phase: BattleResult → Reward
[GameManager] Phase: Reward → MapNavigation
[GameManager] MoveToNode: r8_l1 (phase=MapNavigation)
[GameManager] タイル起動: 秘宝 (r8_l1)
[GameManager] 宝箱: ゴールド+3, 不死の心臓
[GameManager] Phase: MapNavigation → TreasureOpen
[GameManager] Phase: TreasureOpen → MapNavigation
[GameManager] MoveToNode: r9_l1 (phase=MapNavigation)
[GameManager] タイル起動: 休憩 (r9_l1)
[GameManager] Phase: MapNavigation → RestStop
[GameManager] 休憩回復: +9HP (30%) (現在: 30/30)
[GameManager] Phase: RestStop → MapNavigation
[GameManager] MoveToNode: boss (phase=MapNavigation)
[GameManager] タイル起動: ボス (boss)
[GameManager] ボス 'boss_layer1' 未定義 — フロア1のプールから抽選
[GameManager] ボス戦: スライム
[GameManager] Phase: MapNavigation → Combat
[GameManager] Phase: Combat → BattleResult
[GameManager] 戦闘結果: スライム — 勝利 (1T) 残HP:30
[GameManager] Phase: BattleResult → Reward
[GameManager] Phase: Reward → FloorClear
[GameManager] フロア1クリア → 次へ
[GameManager] 層デバフ: MaxHP-5 → 25
[GameManager] Phase: FloorClear → FloorIntro
[GameManager] --- フロア 2 [嘆きの共鳴] ---
[GameManager] Phase: FloorIntro → MapNavigation
[GameManager] MoveToNode: r1_l0 (phase=MapNavigation)
[GameManager] タイル起動: 戦闘 (r1_l0)
[GameManager] エンカウント: ゴブリン王
[GameManager] Phase: MapNavigation → Combat
[GameManager] Phase: Combat → BattleResult
[GameManager] 戦闘結果: ゴブリン王 — 勝利 (12T) 残HP:25
[GameManager] Phase: BattleResult → Reward
[GameManager] Phase: Reward → MapNavigation
[GameManager] MoveToNode: r2_l0 (phase=MapNavigation)
[GameManager] タイル起動: イベント (r2_l0)
[GameManager] Phase: MapNavigation → EventEncounter
[GameManager] Phase: EventEncounter → MapNavigation
[GameManager] MoveToNode: r3_l0 (phase=MapNavigation)
[GameManager] タイル起動: 戦闘 (r3_l0)
[GameManager] エンカウント: 13番目の死
[GameManager] Phase: MapNavigation → Combat
[GameManager] Phase: Combat → BattleResult
[GameManager] 戦闘結果: 13番目の死 — 勝利 (3T) 残HP:23
[GameManager] Phase: BattleResult → Reward
[GameManager] Phase: Reward → MapNavigation
[GameManager] MoveToNode: r4_l0 (phase=MapNavigation)
[GameManager] タイル起動: イベント (r4_l0)
[GameManager] Phase: MapNavigation → EventEncounter
[GameManager] Phase: EventEncounter → MapNavigation
[GameManager] MoveToNode: r5_l0 (phase=MapNavigation)
[GameManager] タイル起動: 激戦 (r5_l0)
[GameManager] エンカウント: スケルトン
[GameManager] Phase: MapNavigation → Combat
[GameManager] Phase: Combat → BattleResult
[GameManager] 戦闘結果: スケルトン — 勝利 (15T) 残HP:23
[GameManager] 激戦2戦目: スライム
[GameManager] Phase: BattleResult → Combat
[GameManager] Phase: Combat → BattleResult
[GameManager] 戦闘結果: スライム — 勝利 (2T) 残HP:23
[GameManager] Phase: BattleResult → Reward
[GameManager] Phase: Reward → MapNavigation
[GameManager] MoveToNode: r6_l0 (phase=MapNavigation)
[GameManager] タイル起動: 戦闘 (r6_l0)
[GameManager] エンカウント: ゴブリン王
[GameManager] Phase: MapNavigation → Combat
[GameManager] Phase: Combat → BattleResult
[GameManager] 戦闘結果: ゴブリン王 — 勝利 (4T) 残HP:23
[GameManager] Phase: BattleResult → Reward
[GameManager] Phase: Reward → MapNavigation
[GameManager] MoveToNode: r7_l0 (phase=MapNavigation)
[GameManager] タイル起動: 戦闘 (r7_l0)
[GameManager] エンカウント: ダイアウルフ
[GameManager] Phase: MapNavigation → Combat
[GameManager] Phase: Combat → BattleResult
[GameManager] 戦闘結果: ダイアウルフ — 勝利 (2T) 残HP:23
[GameManager] Phase: BattleResult → Reward
[GameManager] Phase: Reward → MapNavigation
[GameManager] MoveToNode: r8_l0 (phase=MapNavigation)
[GameManager] タイル起動: 秘宝 (r8_l0)
[GameManager] 宝箱: ゴールド+8, 鋼の籠手
[GameManager] Phase: MapNavigation → TreasureOpen
[GameManager] Phase: TreasureOpen → MapNavigation
[GameManager] MoveToNode: r9_l0 (phase=MapNavigation)
[GameManager] タイル起動: 休憩 (r9_l0)
[GameManager] Phase: MapNavigation → RestStop
[GameManager] 休憩回復: +8HP (30%) (現在: 25/25)
[GameManager] Phase: RestStop → MapNavigation
[GameManager] MoveToNode: boss (phase=MapNavigation)
[GameManager] タイル起動: ボス (boss)
[GameManager] ボス戦: ゴブリン王
[GameManager] Phase: MapNavigation → Combat
[GameManager] Phase: Combat → BattleResult
[GameManager] 戦闘結果: ゴブリン王 — 勝利 (10T) 残HP:25
[GameManager] Phase: BattleResult → Reward
[GameManager] Phase: Reward → FloorClear
[GameManager] フロア2クリア → 次へ
[GameManager] Phase: FloorClear → FloorIntro
[GameManager] --- フロア 3 [瘴気侵蝕] ---
[GameManager] Phase: FloorIntro → MapNavigation
[GameManager] MoveToNode: r1_l2 (phase=MapNavigation)
[GameManager] タイル起動: 戦闘 (r1_l2)
[GameManager] エンカウント: オーク
[GameManager] Phase: MapNavigation → Combat
[GameManager] Phase: Combat → BattleResult
[GameManager] 戦闘結果: オーク — 勝利 (7T) 残HP:25
[GameManager] 層デバフ: 戦闘後2ダメージ (HP:23)
[GameManager] Phase: BattleResult → Reward
[GameManager] Phase: Reward → MapNavigation
[GameManager] MoveToNode: r2_l2 (phase=MapNavigation)
[GameManager] タイル起動: 激戦 (r2_l2)
[GameManager] エンカウント: 凍れる吟遊詩人
[GameManager] Phase: MapNavigation → Combat
[GameManager] Phase: Combat → BattleResult
[GameManager] 戦闘結果: 凍れる吟遊詩人 — 勝利 (10T) 残HP:23
[GameManager] 層デバフ: 戦闘後2ダメージ (HP:21)
[GameManager] 激戦2戦目: 13番目の死
[GameManager] Phase: BattleResult → Combat
[GameManager] Phase: Combat → BattleResult
[GameManager] 戦闘結果: 13番目の死 — 勝利 (3T) 残HP:21
[GameManager] 層デバフ: 戦闘後2ダメージ (HP:19)
[GameManager] Phase: BattleResult → Reward
[GameManager] Phase: Reward → MapNavigation
[GameManager] MoveToNode: r3_l1 (phase=MapNavigation)
[GameManager] タイル起動: 戦闘 (r3_l1)
[GameManager] エンカウント: オーク
[GameManager] Phase: MapNavigation → Combat
[GameManager] Phase: Combat → BattleResult
[GameManager] 戦闘結果: オーク — 勝利 (7T) 残HP:19
[GameManager] 層デバフ: 戦闘後2ダメージ (HP:17)
[GameManager] Phase: BattleResult → Reward
[GameManager] Phase: Reward → MapNavigation
[GameManager] MoveToNode: r4_l1 (phase=MapNavigation)
[GameManager] タイル起動: 秘宝 (r4_l1)
[GameManager] 宝箱: ゴールド+18, 骨のダイス
[GameManager] Phase: MapNavigation → TreasureOpen
[GameManager] Phase: TreasureOpen → MapNavigation
[GameManager] MoveToNode: r5_l0 (phase=MapNavigation)
[GameManager] タイル起動: 秘宝 (r5_l0)
[GameManager] 宝箱: ゴールド+12, 骨のダイス
[GameManager] Phase: MapNavigation → TreasureOpen
[GameManager] Phase: TreasureOpen → MapNavigation
[GameManager] MoveToNode: r6_l0 (phase=MapNavigation)
[GameManager] タイル起動: イベント (r6_l0)
[GameManager] Phase: MapNavigation → EventEncounter
[GameManager] Phase: EventEncounter → MapNavigation
[GameManager] MoveToNode: r7_l1 (phase=MapNavigation)
[GameManager] タイル起動: 秘宝 (r7_l1)
[GameManager] 宝箱: ゴールド+9, 黄金の天秤
[GameManager] Phase: MapNavigation → TreasureOpen
[GameManager] Phase: TreasureOpen → MapNavigation
[GameManager] MoveToNode: r8_l1 (phase=MapNavigation)
[GameManager] タイル起動: 秘宝 (r8_l1)
[GameManager] 宝箱: ゴールド+18, 革の胸当て
[GameManager] Phase: MapNavigation → TreasureOpen
[GameManager] Phase: TreasureOpen → MapNavigation
[GameManager] MoveToNode: r9_l1 (phase=MapNavigation)
[GameManager] タイル起動: 休憩 (r9_l1)
[GameManager] Phase: MapNavigation → RestStop
[GameManager] 休憩回復: +13HP (50%) (現在: 25/25)
[GameManager] Phase: RestStop → MapNavigation
[GameManager] MoveToNode: boss (phase=MapNavigation)
[GameManager] タイル起動: ボス (boss)
[GameManager] ボス戦: 凍れる吟遊詩人
[GameManager] Phase: MapNavigation → Combat
[GameManager] Phase: Combat → BattleResult
[GameManager] 戦闘結果: 凍れる吟遊詩人 — 勝利 (8T) 残HP:25
[GameManager] 層デバフ: 戦闘後2ダメージ (HP:23)
[GameManager] Phase: BattleResult → Reward
[GameManager] Phase: Reward → FloorClear
[GameManager] フロア3クリア → 次へ
[GameManager] Phase: FloorClear → FloorIntro
[GameManager] --- フロア 4 [煉獄の刻印] ---
[GameManager] Phase: FloorIntro → MapNavigation
[GameManager] MoveToNode: r1_l0 (phase=MapNavigation)
[GameManager] タイル起動: ショップ (r1_l0)
[GameManager] EnterShop called
[GameManager] MapTransitionController.Instance = null
[GameManager] Phase: MapNavigation → ShopVisit
[GameManager] Phase: ShopVisit → MapNavigation
[GameManager] MoveToNode: r2_l0 (phase=MapNavigation)
[GameManager] タイル起動: ショップ (r2_l0)
[GameManager] EnterShop called
[GameManager] MapTransitionController.Instance = null
[GameManager] Phase: MapNavigation → ShopVisit
[GameManager] Phase: ShopVisit → MapNavigation
[GameManager] MoveToNode: r3_l0 (phase=MapNavigation)
[GameManager] タイル起動: ショップ (r3_l0)
[GameManager] EnterShop called
[GameManager] MapTransitionController.Instance = null
[GameManager] Phase: MapNavigation → ShopVisit
[GameManager] Phase: ShopVisit → MapNavigation
[GameManager] MoveToNode: r4_l0 (phase=MapNavigation)
[GameManager] タイル起動: ショップ (r4_l0)
[GameManager] EnterShop called
[GameManager] MapTransitionController.Instance = null
[GameManager] Phase: MapNavigation → ShopVisit
[GameManager] Phase: ShopVisit → MapNavigation
[GameManager] MoveToNode: r5_l0 (phase=MapNavigation)
[GameManager] タイル起動: 秘宝 (r5_l0)
[GameManager] 宝箱: ゴールド+8, 革の胸当て
[GameManager] Phase: MapNavigation → TreasureOpen
[GameManager] Phase: TreasureOpen → MapNavigation
[GameManager] MoveToNode: r6_l1 (phase=MapNavigation)
[GameManager] タイル起動: イベント (r6_l1)
[GameManager] Phase: MapNavigation → EventEncounter
[GameManager] Phase: EventEncounter → MapNavigation
[GameManager] MoveToNode: r7_l2 (phase=MapNavigation)
[GameManager] タイル起動: 戦闘 (r7_l2)
[AutoRunner] ラストスタンド発動 (Floor 5)
[AutoRunner] === RUN 72 終了: DEADLOCK (デッドロック) — 移動先なし(MapNavigation) ===

########## RUN 73  [R5 4Fで死亡]  敗北 cause=CombatLoss
# reached F4 HP 0/1 coins 76 combats 17/19 LS=True
[GameManager] Phase: MapNavigation → RunStart
[GameManager] === ラン開始 === HP:30
[GameManager] Phase: RunStart → FloorIntro
[GameManager] --- フロア 1 [残光の加護] ---
[GameManager] Phase: FloorIntro → MapNavigation
[GameManager] MoveToNode: r1_l2 (phase=MapNavigation)
[GameManager] タイル起動: イベント (r1_l2)
[GameManager] Phase: MapNavigation → EventEncounter
[GameManager] Phase: EventEncounter → MapNavigation
[GameManager] MoveToNode: r2_l1 (phase=MapNavigation)
[GameManager] タイル起動: ショップ (r2_l1)
[GameManager] EnterShop called
[GameManager] MapTransitionController.Instance = null
[GameManager] Phase: MapNavigation → ShopVisit
[GameManager] Phase: ShopVisit → MapNavigation
[GameManager] MoveToNode: r3_l1 (phase=MapNavigation)
[GameManager] タイル起動: 戦闘 (r3_l1)
[GameManager] エンカウント: ゴブリン
[GameManager] Phase: MapNavigation → Combat
[GameManager] Phase: Combat → BattleResult
[GameManager] 戦闘結果: ゴブリン — 勝利 (1T) 残HP:30
[GameManager] Phase: BattleResult → Reward
[GameManager] Phase: Reward → MapNavigation
[GameManager] MoveToNode: r4_l1 (phase=MapNavigation)
[GameManager] タイル起動: 秘宝 (r4_l1)
[GameManager] 宝箱: ゴールド+4, 小回復ポーション
[GameManager] Phase: MapNavigation → TreasureOpen
[GameManager] Phase: TreasureOpen → MapNavigation
[GameManager] MoveToNode: r5_l1 (phase=MapNavigation)
[GameManager] タイル起動: 秘宝 (r5_l1)
[GameManager] 宝箱: ゴールド+6, 死神の数珠
[GameManager] Phase: MapNavigation → TreasureOpen
[GameManager] Phase: TreasureOpen → MapNavigation
[GameManager] MoveToNode: r6_l1 (phase=MapNavigation)
[GameManager] タイル起動: 激戦 (r6_l1)
[GameManager] エンカウント: ゴブリン
[GameManager] Phase: MapNavigation → Combat
[GameManager] Phase: Combat → BattleResult
[GameManager] 戦闘結果: ゴブリン — 勝利 (1T) 残HP:30
[GameManager] 激戦2戦目: スライム
[GameManager] Phase: BattleResult → Combat
[GameManager] Phase: Combat → BattleResult
[GameManager] 戦闘結果: スライム — 勝利 (2T) 残HP:30
[GameManager] Phase: BattleResult → Reward
[GameManager] Phase: Reward → MapNavigation
[GameManager] MoveToNode: r7_l1 (phase=MapNavigation)
[GameManager] タイル起動: 罠 (r7_l1)
[GameManager] Phase: MapNavigation → TrapTriggered
[GameManager] Phase: TrapTriggered → MapNavigation
[GameManager] MoveToNode: r8_l1 (phase=MapNavigation)
[GameManager] タイル起動: 秘宝 (r8_l1)
[GameManager] 宝箱: ゴールド+6, 鋼鉄の腕輪
[GameManager] Phase: MapNavigation → TreasureOpen
[GameManager] Phase: TreasureOpen → MapNavigation
[GameManager] MoveToNode: r9_l1 (phase=MapNavigation)
[GameManager] タイル起動: 休憩 (r9_l1)
[GameManager] Phase: MapNavigation → RestStop
[GameManager] 休憩回復: +9HP (30%) (現在: 30/30)
[GameManager] Phase: RestStop → MapNavigation
[GameManager] MoveToNode: boss (phase=MapNavigation)
[GameManager] タイル起動: ボス (boss)
[GameManager] ボス 'boss_layer1' 未定義 — フロア1のプールから抽選
[GameManager] ボス戦: スライム
[GameManager] Phase: MapNavigation → Combat
[GameManager] Phase: Combat → BattleResult
[GameManager] 戦闘結果: スライム — 勝利 (1T) 残HP:30
[GameManager] Phase: BattleResult → Reward
[GameManager] Phase: Reward → FloorClear
[GameManager] フロア1クリア → 次へ
[GameManager] 層デバフ: MaxHP-5 → 25
[GameManager] Phase: FloorClear → FloorIntro
[GameManager] --- フロア 2 [嘆きの共鳴] ---
[GameManager] Phase: FloorIntro → MapNavigation
[GameManager] MoveToNode: r1_l1 (phase=MapNavigation)
[GameManager] タイル起動: ショップ (r1_l1)
[GameManager] EnterShop called
[GameManager] MapTransitionController.Instance = null
[GameManager] Phase: MapNavigation → ShopVisit
[GameManager] Phase: ShopVisit → MapNavigation
[GameManager] MoveToNode: r2_l1 (phase=MapNavigation)
[GameManager] タイル起動: 戦闘 (r2_l1)
[GameManager] エンカウント: スケルトン
[GameManager] Phase: MapNavigation → Combat
[GameManager] Phase: Combat → BattleResult
[GameManager] 戦闘結果: スケルトン — 勝利 (3T) 残HP:25
[GameManager] Phase: BattleResult → Reward
[GameManager] Phase: Reward → MapNavigation
[GameManager] MoveToNode: r3_l1 (phase=MapNavigation)
[GameManager] タイル起動: 戦闘 (r3_l1)
[GameManager] エンカウント: スライム
[GameManager] Phase: MapNavigation → Combat
[GameManager] Phase: Combat → BattleResult
[GameManager] 戦闘結果: スライム — 勝利 (1T) 残HP:25
[GameManager] Phase: BattleResult → Reward
[GameManager] Phase: Reward → MapNavigation
[GameManager] MoveToNode: r4_l1 (phase=MapNavigation)
[GameManager] タイル起動: 戦闘 (r4_l1)
[GameManager] エンカウント: 13番目の死
[GameManager] Phase: MapNavigation → Combat
[GameManager] Phase: Combat → BattleResult
[GameManager] 戦闘結果: 13番目の死 — 敗北 (1T) 残HP:0
[GameManager] 救済発動: マップへ戻る
[GameManager] Phase: BattleResult → MapNavigation
[AutoRunner] ラストスタンド発動 (Floor 2)
[GameManager] MoveToNode: r5_l1 (phase=MapNavigation)
[GameManager] タイル起動: 戦闘 (r5_l1)
[GameManager] エンカウント: ゴブリン王
[GameManager] Phase: MapNavigation → Combat
[GameManager] Phase: Combat → BattleResult
[GameManager] 戦闘結果: ゴブリン王 — 勝利 (3T) 残HP:1
[GameManager] Phase: BattleResult → Reward
[GameManager] Phase: Reward → MapNavigation
[GameManager] MoveToNode: r6_l2 (phase=MapNavigation)
[GameManager] タイル起動: 秘宝 (r6_l2)
[GameManager] 宝箱: ゴールド+0, 木のダイス
[GameManager] Phase: MapNavigation → TreasureOpen
[GameManager] Phase: TreasureOpen → MapNavigation
[GameManager] MoveToNode: r7_l2 (phase=MapNavigation)
[GameManager] タイル起動: 秘宝 (r7_l2)
[GameManager] 宝箱: ゴールド+0, 鋼の籠手
[GameManager] Phase: MapNavigation → TreasureOpen
[GameManager] Phase: TreasureOpen → MapNavigation
[GameManager] MoveToNode: r8_l2 (phase=MapNavigation)
[GameManager] タイル起動: 秘宝 (r8_l2)
[GameManager] 宝箱: ゴールド+0, 骨のダイス
[GameManager] Phase: MapNavigation → TreasureOpen
[GameManager] Phase: TreasureOpen → MapNavigation
[GameManager] MoveToNode: r9_l2 (phase=MapNavigation)
[GameManager] タイル起動: 休憩 (r9_l2)
[GameManager] Phase: MapNavigation → RestStop
[GameManager] 休憩回復: +1HP (30%) (現在: 1/1)
[GameManager] Phase: RestStop → MapNavigation
[GameManager] MoveToNode: boss (phase=MapNavigation)
[GameManager] タイル起動: ボス (boss)
[GameManager] ボス戦: ゴブリン王
[GameManager] Phase: MapNavigation → Combat
[GameManager] Phase: Combat → BattleResult
[GameManager] 戦闘結果: ゴブリン王 — 勝利 (3T) 残HP:1
[GameManager] Phase: BattleResult → Reward
[GameManager] Phase: Reward → FloorClear
[GameManager] フロア2クリア → 次へ
[GameManager] Phase: FloorClear → FloorIntro
[GameManager] --- フロア 3 [瘴気侵蝕] ---
[GameManager] Phase: FloorIntro → MapNavigation
[GameManager] MoveToNode: r1_l1 (phase=MapNavigation)
[GameManager] タイル起動: ショップ (r1_l1)
[GameManager] EnterShop called
[GameManager] MapTransitionController.Instance = null
[GameManager] Phase: MapNavigation → ShopVisit
[GameManager] Phase: ShopVisit → MapNavigation
[GameManager] MoveToNode: r2_l1 (phase=MapNavigation)
[GameManager] タイル起動: 戦闘 (r2_l1)
[GameManager] エンカウント: ハーピィ
[GameManager] Phase: MapNavigation → Combat
[GameManager] Phase: Combat → BattleResult
[GameManager] 戦闘結果: ハーピィ — 勝利 (4T) 残HP:1
[GameManager] 層デバフ: 戦闘後2ダメージ (HP:1)
[GameManager] Phase: BattleResult → Reward
[GameManager] Phase: Reward → MapNavigation
[GameManager] MoveToNode: r3_l1 (phase=MapNavigation)
[GameManager] タイル起動: 戦闘 (r3_l1)
[GameManager] エンカウント: オーク
[GameManager] Phase: MapNavigation → Combat
[GameManager] Phase: Combat → BattleResult
[GameManager] 戦闘結果: オーク — 勝利 (4T) 残HP:1
[GameManager] 層デバフ: 戦闘後2ダメージ (HP:1)
[GameManager] Phase: BattleResult → Reward
[GameManager] Phase: Reward → MapNavigation
[GameManager] MoveToNode: r4_l1 (phase=MapNavigation)
[GameManager] タイル起動: 戦闘 (r4_l1)
[GameManager] エンカウント: ハーピィ
[GameManager] Phase: MapNavigation → Combat
[GameManager] Phase: Combat → BattleResult
[GameManager] 戦闘結果: ハーピィ — 勝利 (2T) 残HP:1
[GameManager] 層デバフ: 戦闘後2ダメージ (HP:1)
[GameManager] Phase: BattleResult → Reward
[GameManager] Phase: Reward → MapNavigation
[GameManager] MoveToNode: r5_l0 (phase=MapNavigation)
[GameManager] タイル起動: 戦闘 (r5_l0)
[GameManager] エンカウント: オーク
[GameManager] Phase: MapNavigation → Combat
[GameManager] Phase: Combat → BattleResult
[GameManager] 戦闘結果: オーク — 勝利 (2T) 残HP:1
[GameManager] 層デバフ: 戦闘後2ダメージ (HP:1)
[GameManager] Phase: BattleResult → Reward
[GameManager] Phase: Reward → MapNavigation
[GameManager] MoveToNode: r6_l0 (phase=MapNavigation)
[GameManager] タイル起動: ショップ (r6_l0)
[GameManager] EnterShop called
[GameManager] MapTransitionController.Instance = null
[GameManager] Phase: MapNavigation → ShopVisit
[GameManager] Phase: ShopVisit → MapNavigation
[GameManager] MoveToNode: r7_l0 (phase=MapNavigation)
[GameManager] タイル起動: ショップ (r7_l0)
[GameManager] EnterShop called
[GameManager] MapTransitionController.Instance = null
[GameManager] Phase: MapNavigation → ShopVisit
[GameManager] Phase: ShopVisit → MapNavigation
[GameManager] MoveToNode: r8_l0 (phase=MapNavigation)
[GameManager] タイル起動: 秘宝 (r8_l0)
[GameManager] 宝箱: ゴールド+0, 銅貨のダイス
[GameManager] Phase: MapNavigation → TreasureOpen
[GameManager] Phase: TreasureOpen → MapNavigation
[GameManager] MoveToNode: r9_l0 (phase=MapNavigation)
[GameManager] タイル起動: 休憩 (r9_l0)
[GameManager] Phase: MapNavigation → RestStop
[GameManager] 休憩回復: +1HP (50%) (現在: 1/1)
[GameManager] Phase: RestStop → MapNavigation
[GameManager] MoveToNode: boss (phase=MapNavigation)
[GameManager] タイル起動: ボス (boss)
[GameManager] ボス戦: 凍れる吟遊詩人
[GameManager] Phase: MapNavigation → Combat
[GameManager] Phase: Combat → BattleResult
[GameManager] 戦闘結果: 凍れる吟遊詩人 — 勝利 (5T) 残HP:1
[GameManager] 層デバフ: 戦闘後2ダメージ (HP:1)
[GameManager] Phase: BattleResult → Reward
[GameManager] Phase: Reward → FloorClear
[GameManager] フロア3クリア → 次へ
[GameManager] Phase: FloorClear → FloorIntro
[GameManager] --- フロア 4 [煉獄の刻印] ---
[GameManager] Phase: FloorIntro → MapNavigation
[GameManager] MoveToNode: r1_l2 (phase=MapNavigation)
[GameManager] タイル起動: ショップ (r1_l2)
[GameManager] EnterShop called
[GameManager] MapTransitionController.Instance = null
[GameManager] Phase: MapNavigation → ShopVisit
[GameManager] Phase: ShopVisit → MapNavigation
[GameManager] MoveToNode: r2_l2 (phase=MapNavigation)
[GameManager] タイル起動: 戦闘 (r2_l2)
[GameManager] エンカウント: ミノタウロス
[GameManager] Phase: MapNavigation → Combat
[GameManager] Phase: Combat → BattleResult
[GameManager] 戦闘結果: ミノタウロス — 勝利 (5T) 残HP:1
[GameManager] Phase: BattleResult → Reward
[GameManager] Phase: Reward → MapNavigation
[GameManager] MoveToNode: r3_l2 (phase=MapNavigation)
[GameManager] タイル起動: 罠 (r3_l2)
[GameManager] Phase: MapNavigation → TrapTriggered
[GameManager] Phase: TrapTriggered → MapNavigation
[GameManager] MoveToNode: r4_l1 (phase=MapNavigation)
[GameManager] タイル起動: イベント (r4_l1)
[GameManager] Phase: MapNavigation → EventEncounter
[GameManager] Phase: EventEncounter → MapNavigation
[GameManager] MoveToNode: r5_l1 (phase=MapNavigation)
[GameManager] タイル起動: イベント (r5_l1)
[GameManager] Phase: MapNavigation → EventEncounter
[GameManager] Phase: EventEncounter → MapNavigation
[GameManager] MoveToNode: r6_l1 (phase=MapNavigation)
[GameManager] タイル起動: 激戦 (r6_l1)
[GameManager] エンカウント: 鏡の双子
[AutoRunner] === RUN 73 終了: R5 (4Fで死亡) — 敗北 cause=CombatLoss ===

########## RUN 74  [R5 4Fで死亡]  敗北 cause=CombatLoss
# reached F4 HP 0/1 coins 59 combats 15/17 LS=True
[GameManager] Phase: GameOver → Title
[GameManager] Phase: Title → RunStart
[GameManager] === ラン開始 === HP:30
[GameManager] Phase: RunStart → FloorIntro
[GameManager] --- フロア 1 [残光の加護] ---
[GameManager] Phase: FloorIntro → MapNavigation
[GameManager] MoveToNode: r1_l0 (phase=MapNavigation)
[GameManager] タイル起動: 秘宝 (r1_l0)
[GameManager] 宝箱: ゴールド+5, 鷹の眼
[GameManager] Phase: MapNavigation → TreasureOpen
[GameManager] Phase: TreasureOpen → MapNavigation
[GameManager] MoveToNode: r2_l1 (phase=MapNavigation)
[GameManager] タイル起動: イベント (r2_l1)
[GameManager] Phase: MapNavigation → EventEncounter
[GameManager] Phase: EventEncounter → MapNavigation
[GameManager] MoveToNode: r3_l1 (phase=MapNavigation)
[GameManager] タイル起動: 休憩 (r3_l1)
[GameManager] Phase: MapNavigation → RestStop
[GameManager] 休憩回復: +9HP (30%) (現在: 30/30)
[GameManager] Phase: RestStop → MapNavigation
[GameManager] MoveToNode: r4_l0 (phase=MapNavigation)
[GameManager] タイル起動: 戦闘 (r4_l0)
[GameManager] エンカウント: ゴブリン
[GameManager] Phase: MapNavigation → Combat
[GameManager] Phase: Combat → BattleResult
[GameManager] 戦闘結果: ゴブリン — 勝利 (3T) 残HP:29
[GameManager] Phase: BattleResult → Reward
[GameManager] Phase: Reward → MapNavigation
[GameManager] MoveToNode: r5_l0 (phase=MapNavigation)
[GameManager] タイル起動: 激戦 (r5_l0)
[GameManager] エンカウント: スライム
[GameManager] Phase: MapNavigation → Combat
[GameManager] Phase: Combat → BattleResult
[GameManager] 戦闘結果: スライム — 勝利 (1T) 残HP:29
[GameManager] 激戦2戦目: ゴブリン
[GameManager] Phase: BattleResult → Combat
[GameManager] Phase: Combat → BattleResult
[GameManager] 戦闘結果: ゴブリン — 勝利 (2T) 残HP:29
[GameManager] Phase: BattleResult → Reward
[GameManager] Phase: Reward → MapNavigation
[GameManager] MoveToNode: r6_l0 (phase=MapNavigation)
[GameManager] タイル起動: イベント (r6_l0)
[GameManager] Phase: MapNavigation → EventEncounter
[GameManager] Phase: EventEncounter → MapNavigation
[GameManager] MoveToNode: r7_l1 (phase=MapNavigation)
[GameManager] タイル起動: ショップ (r7_l1)
[GameManager] EnterShop called
[GameManager] MapTransitionController.Instance = null
[GameManager] Phase: MapNavigation → ShopVisit
[GameManager] Phase: ShopVisit → MapNavigation
[GameManager] MoveToNode: r8_l1 (phase=MapNavigation)
[GameManager] タイル起動: 秘宝 (r8_l1)
[GameManager] 宝箱: ゴールド+2, 灯心の鈴
[GameManager] Phase: MapNavigation → TreasureOpen
[GameManager] Phase: TreasureOpen → MapNavigation
[GameManager] MoveToNode: r9_l1 (phase=MapNavigation)
[GameManager] タイル起動: 休憩 (r9_l1)
[GameManager] Phase: MapNavigation → RestStop
[GameManager] 休憩回復: +9HP (30%) (現在: 30/30)
[GameManager] Phase: RestStop → MapNavigation
[GameManager] MoveToNode: boss (phase=MapNavigation)
[GameManager] タイル起動: ボス (boss)
[GameManager] ボス 'boss_layer1' 未定義 — フロア1のプールから抽選
[GameManager] ボス戦: ゴブリン
[GameManager] Phase: MapNavigation → Combat
[GameManager] Phase: Combat → BattleResult
[GameManager] 戦闘結果: ゴブリン — 勝利 (1T) 残HP:30
[GameManager] Phase: BattleResult → Reward
[GameManager] Phase: Reward → FloorClear
[GameManager] フロア1クリア → 次へ
[GameManager] 層デバフ: MaxHP-5 → 25
[GameManager] Phase: FloorClear → FloorIntro
[GameManager] --- フロア 2 [嘆きの共鳴] ---
[GameManager] Phase: FloorIntro → MapNavigation
[GameManager] MoveToNode: r1_l0 (phase=MapNavigation)
[GameManager] タイル起動: 戦闘 (r1_l0)
[GameManager] エンカウント: ゴブリン王
[GameManager] Phase: MapNavigation → Combat
[GameManager] Phase: Combat → BattleResult
[GameManager] 戦闘結果: ゴブリン王 — 勝利 (5T) 残HP:25
[GameManager] Phase: BattleResult → Reward
[GameManager] Phase: Reward → MapNavigation
[GameManager] MoveToNode: r2_l0 (phase=MapNavigation)
[GameManager] タイル起動: 戦闘 (r2_l0)
[GameManager] エンカウント: コボルド
[GameManager] Phase: MapNavigation → Combat
[GameManager] Phase: Combat → BattleResult
[GameManager] 戦闘結果: コボルド — 勝利 (2T) 残HP:25
[GameManager] Phase: BattleResult → Reward
[GameManager] Phase: Reward → MapNavigation
[GameManager] MoveToNode: r3_l0 (phase=MapNavigation)
[GameManager] タイル起動: ショップ (r3_l0)
[GameManager] EnterShop called
[GameManager] MapTransitionController.Instance = null
[GameManager] Phase: MapNavigation → ShopVisit
[GameManager] Phase: ShopVisit → MapNavigation
[GameManager] MoveToNode: r4_l1 (phase=MapNavigation)
[GameManager] タイル起動: 戦闘 (r4_l1)
[GameManager] エンカウント: ダイアウルフ
[GameManager] Phase: MapNavigation → Combat
[GameManager] Phase: Combat → BattleResult
[GameManager] 戦闘結果: ダイアウルフ — 勝利 (10T) 残HP:8
[GameManager] Phase: BattleResult → Reward
[GameManager] Phase: Reward → MapNavigation
[GameManager] MoveToNode: r5_l2 (phase=MapNavigation)
[GameManager] タイル起動: 罠 (r5_l2)
[GameManager] Phase: MapNavigation → TrapTriggered
[GameManager] Phase: TrapTriggered → MapNavigation
[GameManager] MoveToNode: r6_l2 (phase=MapNavigation)
[GameManager] タイル起動: 戦闘 (r6_l2)
[GameManager] エンカウント: ダイアウルフ
[GameManager] Phase: MapNavigation → Combat
[GameManager] Phase: Combat → BattleResult
[GameManager] 戦闘結果: ダイアウルフ — 勝利 (2T) 残HP:8
[GameManager] Phase: BattleResult → Reward
[GameManager] Phase: Reward → MapNavigation
[GameManager] MoveToNode: r7_l2 (phase=MapNavigation)
[GameManager] タイル起動: 罠 (r7_l2)
[GameManager] Phase: MapNavigation → TrapTriggered
[GameManager] Phase: TrapTriggered → MapNavigation
[GameManager] MoveToNode: r8_l2 (phase=MapNavigation)
[GameManager] タイル起動: 秘宝 (r8_l2)
[GameManager] 宝箱: ゴールド+10, 安らぎの靴
[GameManager] Phase: MapNavigation → TreasureOpen
[GameManager] Phase: TreasureOpen → MapNavigation
[GameManager] MoveToNode: r9_l2 (phase=MapNavigation)
[GameManager] タイル起動: 休憩 (r9_l2)
[GameManager] Phase: MapNavigation → RestStop
[GameManager] 休憩回復: +8HP (30%) (現在: 17/25)
[GameManager] Phase: RestStop → MapNavigation
[GameManager] MoveToNode: boss (phase=MapNavigation)
[GameManager] タイル起動: ボス (boss)
[GameManager] ボス戦: ゴブリン王
[GameManager] Phase: MapNavigation → Combat
[GameManager] Phase: Combat → BattleResult
[GameManager] 戦闘結果: ゴブリン王 — 勝利 (4T) 残HP:18
[GameManager] Phase: BattleResult → Reward
[GameManager] Phase: Reward → FloorClear
[GameManager] フロア2クリア → 次へ
[GameManager] Phase: FloorClear → FloorIntro
[GameManager] --- フロア 3 [瘴気侵蝕] ---
[GameManager] Phase: FloorIntro → MapNavigation
[GameManager] MoveToNode: r1_l0 (phase=MapNavigation)
[GameManager] タイル起動: 戦闘 (r1_l0)
[GameManager] エンカウント: ダイアウルフ
[GameManager] Phase: MapNavigation → Combat
[GameManager] Phase: Combat → BattleResult
[GameManager] 戦闘結果: ダイアウルフ — 勝利 (6T) 残HP:23
[GameManager] 層デバフ: 戦闘後2ダメージ (HP:21)
[GameManager] Phase: BattleResult → Reward
[GameManager] Phase: Reward → MapNavigation
[GameManager] MoveToNode: r2_l0 (phase=MapNavigation)
[GameManager] タイル起動: 秘宝 (r2_l0)
[GameManager] 宝箱: ゴールド+18, 苦難の刻印
[GameManager] Phase: MapNavigation → TreasureOpen
[GameManager] Phase: TreasureOpen → MapNavigation
[GameManager] MoveToNode: r3_l0 (phase=MapNavigation)
[GameManager] タイル起動: 激戦 (r3_l0)
[GameManager] エンカウント: 凍れる吟遊詩人
[GameManager] Phase: MapNavigation → Combat
[GameManager] Phase: Combat → BattleResult
[GameManager] 戦闘結果: 凍れる吟遊詩人 — 勝利 (12T) 残HP:12
[GameManager] 層デバフ: 戦闘後2ダメージ (HP:10)
[GameManager] 激戦2戦目: オーク
[GameManager] Phase: BattleResult → Combat
[GameManager] Phase: Combat → BattleResult
[GameManager] 戦闘結果: オーク — 勝利 (4T) 残HP:5
[GameManager] 層デバフ: 戦闘後2ダメージ (HP:3)
[GameManager] Phase: BattleResult → Reward
[GameManager] Phase: Reward → MapNavigation
[GameManager] MoveToNode: r4_l0 (phase=MapNavigation)
[GameManager] タイル起動: イベント (r4_l0)
[GameManager] Phase: MapNavigation → EventEncounter
[GameManager] Phase: EventEncounter → MapNavigation
[GameManager] MoveToNode: r5_l1 (phase=MapNavigation)
[GameManager] タイル起動: ショップ (r5_l1)
[GameManager] EnterShop called
[GameManager] MapTransitionController.Instance = null
[GameManager] Phase: MapNavigation → ShopVisit
[GameManager] Phase: ShopVisit → MapNavigation
[GameManager] MoveToNode: r6_l1 (phase=MapNavigation)
[GameManager] タイル起動: ショップ (r6_l1)
[GameManager] EnterShop called
[GameManager] MapTransitionController.Instance = null
[GameManager] Phase: MapNavigation → ShopVisit
[GameManager] Phase: ShopVisit → MapNavigation
[GameManager] MoveToNode: r7_l1 (phase=MapNavigation)
[GameManager] タイル起動: イベント (r7_l1)
[GameManager] Phase: MapNavigation → EventEncounter
[GameManager] Phase: EventEncounter → MapNavigation
[GameManager] MoveToNode: r8_l1 (phase=MapNavigation)
[GameManager] タイル起動: 秘宝 (r8_l1)
[GameManager] 宝箱: ゴールド+21, 小回復ポーション
[GameManager] Phase: MapNavigation → TreasureOpen
[GameManager] Phase: TreasureOpen → MapNavigation
[GameManager] MoveToNode: r9_l1 (phase=MapNavigation)
[GameManager] タイル起動: 休憩 (r9_l1)
[GameManager] Phase: MapNavigation → RestStop
[GameManager] 休憩回復: +13HP (50%) (現在: 22/25)
[GameManager] Phase: RestStop → MapNavigation
[GameManager] MoveToNode: boss (phase=MapNavigation)
[GameManager] タイル起動: ボス (boss)
[GameManager] ボス戦: 凍れる吟遊詩人
[GameManager] Phase: MapNavigation → Combat
[GameManager] Phase: Combat → BattleResult
[GameManager] 戦闘結果: 凍れる吟遊詩人 — 勝利 (5T) 残HP:23
[GameManager] 層デバフ: 戦闘後2ダメージ (HP:21)
[GameManager] Phase: BattleResult → Reward
[GameManager] Phase: Reward → FloorClear
[GameManager] フロア3クリア → 次へ
[GameManager] Phase: FloorClear → FloorIntro
[GameManager] --- フロア 4 [煉獄の刻印] ---
[GameManager] Phase: FloorIntro → MapNavigation
[GameManager] MoveToNode: r1_l2 (phase=MapNavigation)
[GameManager] タイル起動: 戦闘 (r1_l2)
[GameManager] エンカウント: ハーピィ
[GameManager] Phase: MapNavigation → Combat
[GameManager] Phase: Combat → BattleResult
[GameManager] 戦闘結果: ハーピィ — 勝利 (5T) 残HP:12
[GameManager] Phase: BattleResult → Reward
[GameManager] Phase: Reward → MapNavigation
[GameManager] MoveToNode: r2_l1 (phase=MapNavigation)
[GameManager] タイル起動: イベント (r2_l1)
[GameManager] Phase: MapNavigation → EventEncounter
[GameManager] Phase: EventEncounter → MapNavigation
[GameManager] MoveToNode: r3_l2 (phase=MapNavigation)
[GameManager] タイル起動: 戦闘 (r3_l2)
[GameManager] エンカウント: 凍れる吟遊詩人
[GameManager] Phase: MapNavigation → Combat
[GameManager] Phase: Combat → BattleResult
[GameManager] 戦闘結果: 凍れる吟遊詩人 — 勝利 (3T) 残HP:14
[GameManager] Phase: BattleResult → Reward
[GameManager] Phase: Reward → MapNavigation
[GameManager] MoveToNode: r4_l2 (phase=MapNavigation)
[GameManager] タイル起動: 罠 (r4_l2)
[GameManager] Phase: MapNavigation → TrapTriggered
[GameManager] Phase: TrapTriggered → MapNavigation
[GameManager] MoveToNode: r5_l2 (phase=MapNavigation)
[GameManager] タイル起動: ショップ (r5_l2)
[GameManager] EnterShop called
[GameManager] MapTransitionController.Instance = null
[GameManager] Phase: MapNavigation → ShopVisit
[GameManager] Phase: ShopVisit → MapNavigation
[GameManager] MoveToNode: r6_l2 (phase=MapNavigation)
[GameManager] タイル起動: 激戦 (r6_l2)
[GameManager] エンカウント: ミノタウロス
[GameManager] Phase: MapNavigation → Combat
[GameManager] Phase: Combat → BattleResult
[GameManager] 戦闘結果: ミノタウロス — 敗北 (6T) 残HP:0
[GameManager] 救済発動: マップへ戻る
[AutoRunner] ラストスタンド発動 (Floor 4)
[AutoRunner] === RUN 74 終了: R5 (4Fで死亡) — 敗北 cause=CombatLoss ===

########## RUN 75  [R5 4Fで死亡]  敗北 cause=Starvation
# reached F4 HP 0/1 coins 159 combats 17/17 LS=True
[GameManager] Phase: GameOver → Title
[GameManager] Phase: Title → RunStart
[GameManager] === ラン開始 === HP:30
[GameManager] Phase: RunStart → FloorIntro
[GameManager] --- フロア 1 [残光の加護] ---
[GameManager] Phase: FloorIntro → MapNavigation
[GameManager] MoveToNode: r1_l0 (phase=MapNavigation)
[GameManager] タイル起動: 戦闘 (r1_l0)
[GameManager] エンカウント: ゴブリン
[GameManager] Phase: MapNavigation → Combat
[GameManager] Phase: Combat → BattleResult
[GameManager] 戦闘結果: ゴブリン — 勝利 (4T) 残HP:27
[GameManager] Phase: BattleResult → Reward
[GameManager] Phase: Reward → MapNavigation
[GameManager] MoveToNode: r2_l0 (phase=MapNavigation)
[GameManager] タイル起動: 戦闘 (r2_l0)
[GameManager] エンカウント: スライム
[GameManager] Phase: MapNavigation → Combat
[GameManager] Phase: Combat → BattleResult
[GameManager] 戦闘結果: スライム — 勝利 (1T) 残HP:27
[GameManager] Phase: BattleResult → Reward
[GameManager] Phase: Reward → MapNavigation
[GameManager] MoveToNode: r3_l0 (phase=MapNavigation)
[GameManager] タイル起動: ショップ (r3_l0)
[GameManager] EnterShop called
[GameManager] MapTransitionController.Instance = null
[GameManager] Phase: MapNavigation → ShopVisit
[GameManager] Phase: ShopVisit → MapNavigation
[GameManager] MoveToNode: r4_l0 (phase=MapNavigation)
[GameManager] タイル起動: 罠 (r4_l0)
[GameManager] Phase: MapNavigation → TrapTriggered
[GameManager] Phase: TrapTriggered → MapNavigation
[GameManager] MoveToNode: r5_l1 (phase=MapNavigation)
[GameManager] タイル起動: ショップ (r5_l1)
[GameManager] EnterShop called
[GameManager] MapTransitionController.Instance = null
[GameManager] Phase: MapNavigation → ShopVisit
[GameManager] Phase: ShopVisit → MapNavigation
[GameManager] MoveToNode: r6_l1 (phase=MapNavigation)
[GameManager] タイル起動: 戦闘 (r6_l1)
[GameManager] エンカウント: スライム
[GameManager] Phase: MapNavigation → Combat
[GameManager] Phase: Combat → BattleResult
[GameManager] 戦闘結果: スライム — 勝利 (1T) 残HP:27
[GameManager] Phase: BattleResult → Reward
[GameManager] Phase: Reward → MapNavigation
[GameManager] MoveToNode: r7_l0 (phase=MapNavigation)
[GameManager] タイル起動: ショップ (r7_l0)
[GameManager] EnterShop called
[GameManager] MapTransitionController.Instance = null
[GameManager] Phase: MapNavigation → ShopVisit
[GameManager] Phase: ShopVisit → MapNavigation
[GameManager] MoveToNode: r8_l0 (phase=MapNavigation)
[GameManager] タイル起動: 秘宝 (r8_l0)
[GameManager] 宝箱: ゴールド+4, 偏りのダイス
[GameManager] Phase: MapNavigation → TreasureOpen
[GameManager] Phase: TreasureOpen → MapNavigation
[GameManager] MoveToNode: r9_l0 (phase=MapNavigation)
[GameManager] タイル起動: 休憩 (r9_l0)
[GameManager] Phase: MapNavigation → RestStop
[GameManager] 休憩回復: +9HP (30%) (現在: 30/30)
[GameManager] Phase: RestStop → MapNavigation
[GameManager] MoveToNode: boss (phase=MapNavigation)
[GameManager] タイル起動: ボス (boss)
[GameManager] ボス 'boss_layer1' 未定義 — フロア1のプールから抽選
[GameManager] ボス戦: ゴブリン
[GameManager] Phase: MapNavigation → Combat
[GameManager] Phase: Combat → BattleResult
[GameManager] 戦闘結果: ゴブリン — 勝利 (5T) 残HP:30
[GameManager] Phase: BattleResult → Reward
[GameManager] Phase: Reward → FloorClear
[GameManager] フロア1クリア → 次へ
[GameManager] 層デバフ: MaxHP-5 → 25
[GameManager] Phase: FloorClear → FloorIntro
[GameManager] --- フロア 2 [嘆きの共鳴] ---
[GameManager] Phase: FloorIntro → MapNavigation
[GameManager] MoveToNode: r1_l0 (phase=MapNavigation)
[GameManager] タイル起動: 戦闘 (r1_l0)
[GameManager] エンカウント: スケルトン
[GameManager] Phase: MapNavigation → Combat
[GameManager] Phase: Combat → BattleResult
[GameManager] 戦闘結果: スケルトン — 勝利 (5T) 残HP:21
[GameManager] Phase: BattleResult → Reward
[GameManager] Phase: Reward → MapNavigation
[GameManager] MoveToNode: r2_l0 (phase=MapNavigation)
[GameManager] タイル起動: ショップ (r2_l0)
[GameManager] EnterShop called
[GameManager] MapTransitionController.Instance = null
[GameManager] Phase: MapNavigation → ShopVisit
[GameManager] Phase: ShopVisit → MapNavigation
[GameManager] MoveToNode: r3_l0 (phase=MapNavigation)
[GameManager] タイル起動: 戦闘 (r3_l0)
[GameManager] エンカウント: コボルド
[GameManager] Phase: MapNavigation → Combat
[GameManager] Phase: Combat → BattleResult
[GameManager] 戦闘結果: コボルド — 勝利 (3T) 残HP:21
[GameManager] Phase: BattleResult → Reward
[GameManager] Phase: Reward → MapNavigation
[GameManager] MoveToNode: r4_l0 (phase=MapNavigation)
[GameManager] タイル起動: 秘宝 (r4_l0)
[GameManager] 宝箱: ゴールド+6, 投げ短剣の鞘
[GameManager] Phase: MapNavigation → TreasureOpen
[GameManager] Phase: TreasureOpen → MapNavigation
[GameManager] MoveToNode: r5_l1 (phase=MapNavigation)
[GameManager] タイル起動: ショップ (r5_l1)
[GameManager] EnterShop called
[GameManager] MapTransitionController.Instance = null
[GameManager] Phase: MapNavigation → ShopVisit
[GameManager] Phase: ShopVisit → MapNavigation
[GameManager] MoveToNode: r6_l1 (phase=MapNavigation)
[GameManager] タイル起動: イベント (r6_l1)
[GameManager] Phase: MapNavigation → EventEncounter
[GameManager] Phase: EventEncounter → MapNavigation
[GameManager] MoveToNode: r7_l0 (phase=MapNavigation)
[GameManager] タイル起動: 戦闘 (r7_l0)
[GameManager] エンカウント: コボルド
[GameManager] Phase: MapNavigation → Combat
[GameManager] Phase: Combat → BattleResult
[GameManager] 戦闘結果: コボルド — 勝利 (2T) 残HP:21
[GameManager] Phase: BattleResult → Reward
[GameManager] Phase: Reward → MapNavigation
[GameManager] MoveToNode: r8_l0 (phase=MapNavigation)
[GameManager] タイル起動: 秘宝 (r8_l0)
[GameManager] 宝箱: ゴールド+12, 生命の宝玉
[GameManager] Phase: MapNavigation → TreasureOpen
[GameManager] Phase: TreasureOpen → MapNavigation
[GameManager] MoveToNode: r9_l0 (phase=MapNavigation)
[GameManager] タイル起動: 休憩 (r9_l0)
[GameManager] Phase: MapNavigation → RestStop
[GameManager] 休憩回復: +8HP (30%) (現在: 25/25)
[GameManager] Phase: RestStop → MapNavigation
[GameManager] MoveToNode: boss (phase=MapNavigation)
[GameManager] タイル起動: ボス (boss)
[GameManager] ボス戦: ゴブリン王
[GameManager] Phase: MapNavigation → Combat
[GameManager] Phase: Combat → BattleResult
[GameManager] 戦闘結果: ゴブリン王 — 勝利 (9T) 残HP:20
[GameManager] Phase: BattleResult → Reward
[GameManager] Phase: Reward → FloorClear
[GameManager] フロア2クリア → 次へ
[GameManager] Phase: FloorClear → FloorIntro
[GameManager] --- フロア 3 [瘴気侵蝕] ---
[GameManager] Phase: FloorIntro → MapNavigation
[GameManager] MoveToNode: r1_l1 (phase=MapNavigation)
[GameManager] タイル起動: 戦闘 (r1_l1)
[GameManager] エンカウント: ゴブリン王
[GameManager] Phase: MapNavigation → Combat
[GameManager] Phase: Combat → BattleResult
[GameManager] 戦闘結果: ゴブリン王 — 勝利 (7T) 残HP:25
[GameManager] 層デバフ: 戦闘後2ダメージ (HP:23)
[GameManager] Phase: BattleResult → Reward
[GameManager] Phase: Reward → MapNavigation
[GameManager] MoveToNode: r2_l1 (phase=MapNavigation)
[GameManager] タイル起動: 戦闘 (r2_l1)
[GameManager] エンカウント: ハーピィ
[GameManager] Phase: MapNavigation → Combat
[GameManager] Phase: Combat → BattleResult
[GameManager] 戦闘結果: ハーピィ — 勝利 (4T) 残HP:23
[GameManager] 層デバフ: 戦闘後2ダメージ (HP:21)
[GameManager] Phase: BattleResult → Reward
[GameManager] Phase: Reward → MapNavigation
[GameManager] MoveToNode: r3_l0 (phase=MapNavigation)
[GameManager] タイル起動: 戦闘 (r3_l0)
[GameManager] エンカウント: スライム
[GameManager] Phase: MapNavigation → Combat
[GameManager] Phase: Combat → BattleResult
[GameManager] 戦闘結果: スライム — 勝利 (1T) 残HP:21
[GameManager] 層デバフ: 戦闘後2ダメージ (HP:19)
[GameManager] Phase: BattleResult → Reward
[GameManager] Phase: Reward → MapNavigation
[GameManager] MoveToNode: r4_l0 (phase=MapNavigation)
[GameManager] タイル起動: ショップ (r4_l0)
[GameManager] EnterShop called
[GameManager] MapTransitionController.Instance = null
[GameManager] Phase: MapNavigation → ShopVisit
[GameManager] Phase: ShopVisit → MapNavigation
[GameManager] MoveToNode: r5_l0 (phase=MapNavigation)
[GameManager] タイル起動: ショップ (r5_l0)
[GameManager] EnterShop called
[GameManager] MapTransitionController.Instance = null
[GameManager] Phase: MapNavigation → ShopVisit
[GameManager] Phase: ShopVisit → MapNavigation
[GameManager] MoveToNode: r6_l0 (phase=MapNavigation)
[GameManager] タイル起動: イベント (r6_l0)
[GameManager] Phase: MapNavigation → EventEncounter
[GameManager] Phase: EventEncounter → MapNavigation
[GameManager] MoveToNode: r7_l0 (phase=MapNavigation)
[GameManager] タイル起動: 戦闘 (r7_l0)
[GameManager] エンカウント: 凍れる吟遊詩人
[GameManager] Phase: MapNavigation → Combat
[GameManager] Phase: Combat → BattleResult
[GameManager] 戦闘結果: 凍れる吟遊詩人 — 勝利 (8T) 残HP:18
[GameManager] 層デバフ: 戦闘後2ダメージ (HP:16)
[GameManager] Phase: BattleResult → Reward
[GameManager] Phase: Reward → MapNavigation
[GameManager] MoveToNode: r8_l0 (phase=MapNavigation)
[GameManager] タイル起動: 秘宝 (r8_l0)
[GameManager] 宝箱: ゴールド+12, 連刃の篭手
[GameManager] Phase: MapNavigation → TreasureOpen
[GameManager] Phase: TreasureOpen → MapNavigation
[GameManager] MoveToNode: r9_l0 (phase=MapNavigation)
[GameManager] タイル起動: 休憩 (r9_l0)
[GameManager] Phase: MapNavigation → RestStop
[GameManager] 休憩回復: +13HP (50%) (現在: 25/25)
[GameManager] Phase: RestStop → MapNavigation
[GameManager] MoveToNode: boss (phase=MapNavigation)
[GameManager] タイル起動: ボス (boss)
[GameManager] ボス戦: 凍れる吟遊詩人
[GameManager] Phase: MapNavigation → Combat
[GameManager] Phase: Combat → BattleResult
[GameManager] 戦闘結果: 凍れる吟遊詩人 — 勝利 (5T) 残HP:25
[GameManager] 層デバフ: 戦闘後2ダメージ (HP:23)
[GameManager] Phase: BattleResult → Reward
[GameManager] Phase: Reward → FloorClear
[GameManager] フロア3クリア → 次へ
[GameManager] Phase: FloorClear → FloorIntro
[GameManager] --- フロア 4 [煉獄の刻印] ---
[GameManager] Phase: FloorIntro → MapNavigation
[GameManager] MoveToNode: r1_l0 (phase=MapNavigation)
[GameManager] タイル起動: 戦闘 (r1_l0)
[GameManager] エンカウント: コボルド
[GameManager] Phase: MapNavigation → Combat
[GameManager] Phase: Combat → BattleResult
[GameManager] 戦闘結果: コボルド — 勝利 (1T) 残HP:25
[GameManager] Phase: BattleResult → Reward
[GameManager] Phase: Reward → MapNavigation
[GameManager] MoveToNode: r2_l0 (phase=MapNavigation)
[GameManager] タイル起動: イベント (r2_l0)
[GameManager] Phase: MapNavigation → EventEncounter
[GameManager] Phase: EventEncounter → MapNavigation
[GameManager] MoveToNode: r3_l0 (phase=MapNavigation)
[GameManager] タイル起動: 休憩 (r3_l0)
[GameManager] Phase: MapNavigation → RestStop
[GameManager] 休憩回復: +8HP (30%) (現在: 25/25)
[GameManager] Phase: RestStop → MapNavigation
[GameManager] MoveToNode: r4_l0 (phase=MapNavigation)
[GameManager] タイル起動: 戦闘 (r4_l0)
[GameManager] エンカウント: リザードマン
[GameManager] Phase: MapNavigation → Combat
[GameManager] Phase: Combat → BattleResult
[GameManager] 戦闘結果: リザードマン — 勝利 (5T) 残HP:22
[GameManager] Phase: BattleResult → Reward
[GameManager] Phase: Reward → MapNavigation
[GameManager] MoveToNode: r5_l0 (phase=MapNavigation)
[GameManager] タイル起動: 罠 (r5_l0)
[GameManager] Phase: MapNavigation → TrapTriggered
[GameManager] Phase: TrapTriggered → MapNavigation
[GameManager] MoveToNode: r6_l0 (phase=MapNavigation)
[GameManager] タイル起動: 戦闘 (r6_l0)
[GameManager] エンカウント: オーク
[AutoRunner] ラストスタンド発動 (Floor 4)
[AutoRunner] === RUN 75 終了: R5 (4Fで死亡) — 敗北 cause=Starvation ===

########## RUN 76  [R4 3Fで死亡]  敗北 cause=CombatLoss
# reached F3 HP 0/1 coins 77 combats 14/16 LS=True
[GameManager] Phase: GameOver → Title
[GameManager] Phase: Title → RunStart
[GameManager] === ラン開始 === HP:30
[GameManager] Phase: RunStart → FloorIntro
[GameManager] --- フロア 1 [残光の加護] ---
[GameManager] Phase: FloorIntro → MapNavigation
[GameManager] MoveToNode: r1_l2 (phase=MapNavigation)
[GameManager] タイル起動: 戦闘 (r1_l2)
[GameManager] エンカウント: ゴブリン
[GameManager] Phase: MapNavigation → Combat
[GameManager] Phase: Combat → BattleResult
[GameManager] 戦闘結果: ゴブリン — 勝利 (2T) 残HP:30
[GameManager] Phase: BattleResult → Reward
[GameManager] Phase: Reward → MapNavigation
[GameManager] MoveToNode: r2_l1 (phase=MapNavigation)
[GameManager] タイル起動: 激戦 (r2_l1)
[GameManager] エンカウント: ゴブリン
[GameManager] Phase: MapNavigation → Combat
[GameManager] Phase: Combat → BattleResult
[GameManager] 戦闘結果: ゴブリン — 勝利 (3T) 残HP:28
[GameManager] 激戦2戦目: スライム
[GameManager] Phase: BattleResult → Combat
[GameManager] Phase: Combat → BattleResult
[GameManager] 戦闘結果: スライム — 勝利 (2T) 残HP:28
[GameManager] Phase: BattleResult → Reward
[GameManager] Phase: Reward → MapNavigation
[GameManager] MoveToNode: r3_l1 (phase=MapNavigation)
[GameManager] タイル起動: 休憩 (r3_l1)
[GameManager] Phase: MapNavigation → RestStop
[GameManager] 休憩回復: +9HP (30%) (現在: 30/30)
[GameManager] Phase: RestStop → MapNavigation
[GameManager] MoveToNode: r4_l1 (phase=MapNavigation)
[GameManager] タイル起動: 戦闘 (r4_l1)
[GameManager] エンカウント: スライム
[GameManager] Phase: MapNavigation → Combat
[GameManager] Phase: Combat → BattleResult
[GameManager] 戦闘結果: スライム — 勝利 (1T) 残HP:30
[GameManager] Phase: BattleResult → Reward
[GameManager] Phase: Reward → MapNavigation
[GameManager] MoveToNode: r5_l2 (phase=MapNavigation)
[GameManager] タイル起動: 戦闘 (r5_l2)
[GameManager] エンカウント: ゴブリン
[GameManager] Phase: MapNavigation → Combat
[GameManager] Phase: Combat → BattleResult
[GameManager] 戦闘結果: ゴブリン — 勝利 (2T) 残HP:30
[GameManager] Phase: BattleResult → Reward
[GameManager] Phase: Reward → MapNavigation
[GameManager] MoveToNode: r6_l2 (phase=MapNavigation)
[GameManager] タイル起動: 罠 (r6_l2)
[GameManager] Phase: MapNavigation → TrapTriggered
[GameManager] Phase: TrapTriggered → MapNavigation
[GameManager] MoveToNode: r7_l2 (phase=MapNavigation)
[GameManager] タイル起動: 戦闘 (r7_l2)
[GameManager] エンカウント: スライム
[GameManager] Phase: MapNavigation → Combat
[GameManager] Phase: Combat → BattleResult
[GameManager] 戦闘結果: スライム — 勝利 (3T) 残HP:30
[GameManager] Phase: BattleResult → Reward
[GameManager] Phase: Reward → MapNavigation
[GameManager] MoveToNode: r8_l2 (phase=MapNavigation)
[GameManager] タイル起動: 秘宝 (r8_l2)
[GameManager] 宝箱: ゴールド+4, 偏りのダイス
[GameManager] Phase: MapNavigation → TreasureOpen
[GameManager] Phase: TreasureOpen → MapNavigation
[GameManager] MoveToNode: r9_l2 (phase=MapNavigation)
[GameManager] タイル起動: 休憩 (r9_l2)
[GameManager] Phase: MapNavigation → RestStop
[GameManager] 休憩回復: +9HP (30%) (現在: 30/30)
[GameManager] Phase: RestStop → MapNavigation
[GameManager] MoveToNode: boss (phase=MapNavigation)
[GameManager] タイル起動: ボス (boss)
[GameManager] ボス 'boss_layer1' 未定義 — フロア1のプールから抽選
[GameManager] ボス戦: スライム
[GameManager] Phase: MapNavigation → Combat
[GameManager] Phase: Combat → BattleResult
[GameManager] 戦闘結果: スライム — 勝利 (4T) 残HP:30
[GameManager] Phase: BattleResult → Reward
[GameManager] Phase: Reward → FloorClear
[GameManager] フロア1クリア → 次へ
[GameManager] 層デバフ: MaxHP-5 → 25
[GameManager] Phase: FloorClear → FloorIntro
[GameManager] --- フロア 2 [嘆きの共鳴] ---
[GameManager] Phase: FloorIntro → MapNavigation
[GameManager] MoveToNode: r1_l2 (phase=MapNavigation)
[GameManager] タイル起動: 戦闘 (r1_l2)
[GameManager] エンカウント: スライム
[GameManager] Phase: MapNavigation → Combat
[GameManager] Phase: Combat → BattleResult
[GameManager] 戦闘結果: スライム — 勝利 (1T) 残HP:25
[GameManager] Phase: BattleResult → Reward
[GameManager] Phase: Reward → MapNavigation
[GameManager] MoveToNode: r2_l1 (phase=MapNavigation)
[GameManager] タイル起動: 戦闘 (r2_l1)
[GameManager] エンカウント: スケルトン
[GameManager] Phase: MapNavigation → Combat
[GameManager] Phase: Combat → BattleResult
[GameManager] 戦闘結果: スケルトン — 勝利 (9T) 残HP:16
[GameManager] Phase: BattleResult → Reward
[GameManager] Phase: Reward → MapNavigation
[GameManager] MoveToNode: r3_l1 (phase=MapNavigation)
[GameManager] タイル起動: 戦闘 (r3_l1)
[GameManager] エンカウント: ダイアウルフ
[GameManager] Phase: MapNavigation → Combat
[GameManager] Phase: Combat → BattleResult
[GameManager] 戦闘結果: ダイアウルフ — 勝利 (6T) 残HP:16
[GameManager] Phase: BattleResult → Reward
[GameManager] Phase: Reward → MapNavigation
[GameManager] MoveToNode: r4_l1 (phase=MapNavigation)
[GameManager] タイル起動: 戦闘 (r4_l1)
[GameManager] エンカウント: コボルド
[GameManager] Phase: MapNavigation → Combat
[GameManager] Phase: Combat → BattleResult
[GameManager] 戦闘結果: コボルド — 勝利 (3T) 残HP:16
[GameManager] Phase: BattleResult → Reward
[GameManager] Phase: Reward → MapNavigation
[GameManager] MoveToNode: r5_l2 (phase=MapNavigation)
[GameManager] タイル起動: ショップ (r5_l2)
[GameManager] EnterShop called
[GameManager] MapTransitionController.Instance = null
[GameManager] Phase: MapNavigation → ShopVisit
[GameManager] Phase: ShopVisit → MapNavigation
[GameManager] MoveToNode: r6_l2 (phase=MapNavigation)
[GameManager] タイル起動: 戦闘 (r6_l2)
[GameManager] エンカウント: ダイアウルフ
[GameManager] Phase: MapNavigation → Combat
[GameManager] Phase: Combat → BattleResult
[GameManager] 戦闘結果: ダイアウルフ — 勝利 (3T) 残HP:16
[GameManager] Phase: BattleResult → Reward
[GameManager] Phase: Reward → MapNavigation
[GameManager] MoveToNode: r7_l1 (phase=MapNavigation)
[GameManager] タイル起動: 秘宝 (r7_l1)
[GameManager] 宝箱: ゴールド+4, 革の手甲
[GameManager] Phase: MapNavigation → TreasureOpen
[GameManager] Phase: TreasureOpen → MapNavigation
[GameManager] MoveToNode: r8_l1 (phase=MapNavigation)
[GameManager] タイル起動: 秘宝 (r8_l1)
[GameManager] 宝箱: ゴールド+4, 観察者の眼鏡
[GameManager] Phase: MapNavigation → TreasureOpen
[GameManager] Phase: TreasureOpen → MapNavigation
[GameManager] MoveToNode: r9_l1 (phase=MapNavigation)
[GameManager] タイル起動: 休憩 (r9_l1)
[GameManager] Phase: MapNavigation → RestStop
[GameManager] 休憩回復: +8HP (30%) (現在: 24/25)
[GameManager] Phase: RestStop → MapNavigation
[GameManager] MoveToNode: boss (phase=MapNavigation)
[GameManager] タイル起動: ボス (boss)
[GameManager] ボス戦: ゴブリン王
[GameManager] Phase: MapNavigation → Combat
[GameManager] Phase: Combat → BattleResult
[GameManager] 戦闘結果: ゴブリン王 — 勝利 (5T) 残HP:24
[GameManager] Phase: BattleResult → Reward
[GameManager] Phase: Reward → FloorClear
[GameManager] フロア2クリア → 次へ
[GameManager] Phase: FloorClear → FloorIntro
[GameManager] --- フロア 3 [瘴気侵蝕] ---
[GameManager] Phase: FloorIntro → MapNavigation
[GameManager] MoveToNode: r1_l0 (phase=MapNavigation)
[GameManager] タイル起動: 戦闘 (r1_l0)
[GameManager] エンカウント: オーク
[GameManager] Phase: MapNavigation → Combat
[GameManager] Phase: Combat → BattleResult
[GameManager] 戦闘結果: オーク — 敗北 (8T) 残HP:0
[GameManager] 救済発動: マップへ戻る
[GameManager] Phase: BattleResult → MapNavigation
[AutoRunner] ラストスタンド発動 (Floor 3)
[GameManager] MoveToNode: r2_l0 (phase=MapNavigation)
[GameManager] タイル起動: 激戦 (r2_l0)
[GameManager] エンカウント: ハーピィ
[GameManager] Phase: MapNavigation → Combat
[GameManager] Phase: Combat → BattleResult
[GameManager] 戦闘結果: ハーピィ — 勝利 (7T) 残HP:1
[GameManager] 層デバフ: 戦闘後2ダメージ (HP:1)
[GameManager] 激戦2戦目: ダイアウルフ
[GameManager] Phase: BattleResult → Combat
[GameManager] Phase: Combat → BattleResult
[GameManager] 戦闘結果: ダイアウルフ — 敗北 (2T) 残HP:0
[GameManager] Phase: BattleResult → GameOver
[AutoRunner] === RUN 76 終了: R4 (3Fで死亡) — 敗北 cause=CombatLoss ===

########## RUN 77  [R5 4Fで死亡]  敗北 cause=Starvation
# reached F4 HP 0/1 coins 60 combats 14/15 LS=True
[GameManager] Phase: GameOver → Title
[GameManager] Phase: Title → RunStart
[GameManager] === ラン開始 === HP:30
[GameManager] Phase: RunStart → FloorIntro
[GameManager] --- フロア 1 [残光の加護] ---
[GameManager] Phase: FloorIntro → MapNavigation
[GameManager] MoveToNode: r1_l0 (phase=MapNavigation)
[GameManager] タイル起動: 戦闘 (r1_l0)
[GameManager] エンカウント: スライム
[GameManager] Phase: MapNavigation → Combat
[GameManager] Phase: Combat → BattleResult
[GameManager] 戦闘結果: スライム — 勝利 (2T) 残HP:30
[GameManager] Phase: BattleResult → Reward
[GameManager] Phase: Reward → MapNavigation
[GameManager] MoveToNode: r2_l0 (phase=MapNavigation)
[GameManager] タイル起動: 激戦 (r2_l0)
[GameManager] エンカウント: ゴブリン
[GameManager] Phase: MapNavigation → Combat
[GameManager] Phase: Combat → BattleResult
[GameManager] 戦闘結果: ゴブリン — 勝利 (1T) 残HP:30
[GameManager] 激戦2戦目: スライム
[GameManager] Phase: BattleResult → Combat
[GameManager] Phase: Combat → BattleResult
[GameManager] 戦闘結果: スライム — 勝利 (2T) 残HP:30
[GameManager] Phase: BattleResult → Reward
[GameManager] Phase: Reward → MapNavigation
[GameManager] MoveToNode: r3_l0 (phase=MapNavigation)
[GameManager] タイル起動: 戦闘 (r3_l0)
[GameManager] エンカウント: ゴブリン
[GameManager] Phase: MapNavigation → Combat
[GameManager] Phase: Combat → BattleResult
[GameManager] 戦闘結果: ゴブリン — 勝利 (2T) 残HP:30
[GameManager] Phase: BattleResult → Reward
[GameManager] Phase: Reward → MapNavigation
[GameManager] MoveToNode: r4_l1 (phase=MapNavigation)
[GameManager] タイル起動: 戦闘 (r4_l1)
[GameManager] エンカウント: ゴブリン
[GameManager] Phase: MapNavigation → Combat
[GameManager] Phase: Combat → BattleResult
[GameManager] 戦闘結果: ゴブリン — 勝利 (2T) 残HP:30
[GameManager] Phase: BattleResult → Reward
[GameManager] Phase: Reward → MapNavigation
[GameManager] MoveToNode: r5_l0 (phase=MapNavigation)
[GameManager] タイル起動: 戦闘 (r5_l0)
[GameManager] エンカウント: スライム
[GameManager] Phase: MapNavigation → Combat
[GameManager] Phase: Combat → BattleResult
[GameManager] 戦闘結果: スライム — 勝利 (1T) 残HP:30
[GameManager] Phase: BattleResult → Reward
[GameManager] Phase: Reward → MapNavigation
[GameManager] MoveToNode: r6_l0 (phase=MapNavigation)
[GameManager] タイル起動: イベント (r6_l0)
[GameManager] Phase: MapNavigation → EventEncounter
[GameManager] Phase: EventEncounter → MapNavigation
[GameManager] MoveToNode: r7_l0 (phase=MapNavigation)
[GameManager] タイル起動: 戦闘 (r7_l0)
[GameManager] エンカウント: スライム
[GameManager] Phase: MapNavigation → Combat
[GameManager] Phase: Combat → BattleResult
[GameManager] 戦闘結果: スライム — 勝利 (1T) 残HP:30
[GameManager] Phase: BattleResult → Reward
[GameManager] Phase: Reward → MapNavigation
[GameManager] MoveToNode: r8_l0 (phase=MapNavigation)
[GameManager] タイル起動: 秘宝 (r8_l0)
[GameManager] 宝箱: ゴールド+5, 鉄のダイス
[GameManager] Phase: MapNavigation → TreasureOpen
[GameManager] Phase: TreasureOpen → MapNavigation
[GameManager] MoveToNode: r9_l0 (phase=MapNavigation)
[GameManager] タイル起動: 休憩 (r9_l0)
[GameManager] Phase: MapNavigation → RestStop
[GameManager] 休憩回復: +9HP (30%) (現在: 30/30)
[GameManager] Phase: RestStop → MapNavigation
[GameManager] MoveToNode: boss (phase=MapNavigation)
[GameManager] タイル起動: ボス (boss)
[GameManager] ボス 'boss_layer1' 未定義 — フロア1のプールから抽選
[GameManager] ボス戦: スライム
[GameManager] Phase: MapNavigation → Combat
[GameManager] Phase: Combat → BattleResult
[GameManager] 戦闘結果: スライム — 勝利 (1T) 残HP:30
[GameManager] Phase: BattleResult → Reward
[GameManager] Phase: Reward → FloorClear
[GameManager] フロア1クリア → 次へ
[GameManager] 層デバフ: MaxHP-5 → 25
[GameManager] Phase: FloorClear → FloorIntro
[GameManager] --- フロア 2 [嘆きの共鳴] ---
[GameManager] Phase: FloorIntro → MapNavigation
[GameManager] MoveToNode: r1_l1 (phase=MapNavigation)
[GameManager] タイル起動: ショップ (r1_l1)
[GameManager] EnterShop called
[GameManager] MapTransitionController.Instance = null
[GameManager] Phase: MapNavigation → ShopVisit
[GameManager] Phase: ShopVisit → MapNavigation
[GameManager] MoveToNode: r2_l1 (phase=MapNavigation)
[GameManager] タイル起動: 戦闘 (r2_l1)
[GameManager] エンカウント: ゴブリン王
[GameManager] Phase: MapNavigation → Combat
[GameManager] Phase: Combat → BattleResult
[GameManager] 戦闘結果: ゴブリン王 — 勝利 (5T) 残HP:23
[GameManager] Phase: BattleResult → Reward
[GameManager] Phase: Reward → MapNavigation
[GameManager] MoveToNode: r3_l1 (phase=MapNavigation)
[GameManager] タイル起動: イベント (r3_l1)
[GameManager] Phase: MapNavigation → EventEncounter
[GameManager] Phase: EventEncounter → MapNavigation
[GameManager] MoveToNode: r4_l0 (phase=MapNavigation)
[GameManager] タイル起動: ショップ (r4_l0)
[GameManager] EnterShop called
[GameManager] MapTransitionController.Instance = null
[GameManager] Phase: MapNavigation → ShopVisit
[GameManager] Phase: ShopVisit → MapNavigation
[GameManager] MoveToNode: r5_l0 (phase=MapNavigation)
[GameManager] タイル起動: 戦闘 (r5_l0)
[GameManager] エンカウント: ゴブリン王
[GameManager] Phase: MapNavigation → Combat
[GameManager] Phase: Combat → BattleResult
[GameManager] 戦闘結果: ゴブリン王 — 勝利 (7T) 残HP:13
[GameManager] Phase: BattleResult → Reward
[GameManager] Phase: Reward → MapNavigation
[GameManager] MoveToNode: r6_l0 (phase=MapNavigation)
[GameManager] タイル起動: 秘宝 (r6_l0)
[GameManager] 宝箱: ゴールド+6, 食通の懐刀
[GameManager] Phase: MapNavigation → TreasureOpen
[GameManager] Phase: TreasureOpen → MapNavigation
[GameManager] MoveToNode: r7_l1 (phase=MapNavigation)
[GameManager] タイル起動: ショップ (r7_l1)
[GameManager] EnterShop called
[GameManager] MapTransitionController.Instance = null
[GameManager] Phase: MapNavigation → ShopVisit
[GameManager] Phase: ShopVisit → MapNavigation
[GameManager] MoveToNode: r8_l1 (phase=MapNavigation)
[GameManager] タイル起動: 秘宝 (r8_l1)
[GameManager] 宝箱: ゴールド+12, 銅貨のダイス
[GameManager] Phase: MapNavigation → TreasureOpen
[GameManager] Phase: TreasureOpen → MapNavigation
[GameManager] MoveToNode: r9_l1 (phase=MapNavigation)
[GameManager] タイル起動: 休憩 (r9_l1)
[GameManager] Phase: MapNavigation → RestStop
[GameManager] 休憩回復: +8HP (30%) (現在: 21/25)
[GameManager] Phase: RestStop → MapNavigation
[GameManager] MoveToNode: boss (phase=MapNavigation)
[GameManager] タイル起動: ボス (boss)
[GameManager] ボス戦: ゴブリン王
[GameManager] Phase: MapNavigation → Combat
[GameManager] Phase: Combat → BattleResult
[GameManager] 戦闘結果: ゴブリン王 — 勝利 (9T) 残HP:21
[GameManager] Phase: BattleResult → Reward
[GameManager] Phase: Reward → FloorClear
[GameManager] フロア2クリア → 次へ
[GameManager] Phase: FloorClear → FloorIntro
[GameManager] --- フロア 3 [瘴気侵蝕] ---
[GameManager] Phase: FloorIntro → MapNavigation
[GameManager] MoveToNode: r1_l2 (phase=MapNavigation)
[GameManager] タイル起動: ショップ (r1_l2)
[GameManager] EnterShop called
[GameManager] MapTransitionController.Instance = null
[GameManager] Phase: MapNavigation → ShopVisit
[GameManager] Phase: ShopVisit → MapNavigation
[GameManager] MoveToNode: r2_l2 (phase=MapNavigation)
[GameManager] タイル起動: イベント (r2_l2)
[GameManager] Phase: MapNavigation → EventEncounter
[GameManager] Phase: EventEncounter → MapNavigation
[GameManager] MoveToNode: r3_l2 (phase=MapNavigation)
[GameManager] タイル起動: 戦闘 (r3_l2)
[GameManager] エンカウント: ゴブリン
[GameManager] Phase: MapNavigation → Combat
[GameManager] Phase: Combat → BattleResult
[GameManager] 戦闘結果: ゴブリン — 勝利 (2T) 残HP:25
[GameManager] 層デバフ: 戦闘後2ダメージ (HP:23)
[GameManager] Phase: BattleResult → Reward
[GameManager] Phase: Reward → MapNavigation
[GameManager] MoveToNode: r4_l1 (phase=MapNavigation)
[GameManager] タイル起動: ショップ (r4_l1)
[GameManager] EnterShop called
[GameManager] MapTransitionController.Instance = null
[GameManager] Phase: MapNavigation → ShopVisit
[GameManager] Phase: ShopVisit → MapNavigation
[GameManager] MoveToNode: r5_l1 (phase=MapNavigation)
[GameManager] タイル起動: ショップ (r5_l1)
[GameManager] EnterShop called
[GameManager] MapTransitionController.Instance = null
[GameManager] Phase: MapNavigation → ShopVisit
[GameManager] Phase: ShopVisit → MapNavigation
[GameManager] MoveToNode: r6_l1 (phase=MapNavigation)
[GameManager] タイル起動: 戦闘 (r6_l1)
[GameManager] エンカウント: オーク
[GameManager] Phase: MapNavigation → Combat
[GameManager] Phase: Combat → BattleResult
[GameManager] 戦闘結果: オーク — 勝利 (6T) 残HP:20
[GameManager] 層デバフ: 戦闘後2ダメージ (HP:18)
[GameManager] Phase: BattleResult → Reward
[GameManager] Phase: Reward → MapNavigation
[GameManager] MoveToNode: r7_l0 (phase=MapNavigation)
[GameManager] タイル起動: ショップ (r7_l0)
[GameManager] EnterShop called
[GameManager] MapTransitionController.Instance = null
[GameManager] Phase: MapNavigation → ShopVisit
[GameManager] Phase: ShopVisit → MapNavigation
[GameManager] MoveToNode: r8_l0 (phase=MapNavigation)
[GameManager] タイル起動: 秘宝 (r8_l0)
[GameManager] 宝箱: ゴールド+9, 黒煙の符
[GameManager] Phase: MapNavigation → TreasureOpen
[GameManager] Phase: TreasureOpen → MapNavigation
[GameManager] MoveToNode: r9_l0 (phase=MapNavigation)
[GameManager] タイル起動: 休憩 (r9_l0)
[GameManager] Phase: MapNavigation → RestStop
[GameManager] 休憩回復: +13HP (50%) (現在: 25/25)
[GameManager] Phase: RestStop → MapNavigation
[GameManager] MoveToNode: boss (phase=MapNavigation)
[GameManager] タイル起動: ボス (boss)
[GameManager] ボス戦: 凍れる吟遊詩人
[GameManager] Phase: MapNavigation → Combat
[GameManager] Phase: Combat → BattleResult
[GameManager] 戦闘結果: 凍れる吟遊詩人 — 勝利 (7T) 残HP:25
[GameManager] 層デバフ: 戦闘後2ダメージ (HP:23)
[GameManager] Phase: BattleResult → Reward
[GameManager] Phase: Reward → FloorClear
[GameManager] フロア3クリア → 次へ
[GameManager] Phase: FloorClear → FloorIntro
[GameManager] --- フロア 4 [煉獄の刻印] ---
[GameManager] Phase: FloorIntro → MapNavigation
[GameManager] MoveToNode: r1_l0 (phase=MapNavigation)
[GameManager] タイル起動: イベント (r1_l0)
[GameManager] Phase: MapNavigation → EventEncounter
[GameManager] Phase: EventEncounter → MapNavigation
[GameManager] MoveToNode: r2_l1 (phase=MapNavigation)
[GameManager] タイル起動: イベント (r2_l1)
[GameManager] Phase: MapNavigation → EventEncounter
[GameManager] Phase: EventEncounter → MapNavigation
[GameManager] MoveToNode: r3_l1 (phase=MapNavigation)
[GameManager] タイル起動: イベント (r3_l1)
[GameManager] Phase: MapNavigation → EventEncounter
[GameManager] Phase: EventEncounter → MapNavigation
[GameManager] MoveToNode: r4_l1 (phase=MapNavigation)
[GameManager] タイル起動: ショップ (r4_l1)
[GameManager] EnterShop called
[GameManager] MapTransitionController.Instance = null
[GameManager] Phase: MapNavigation → ShopVisit
[GameManager] Phase: ShopVisit → MapNavigation
[GameManager] MoveToNode: r5_l0 (phase=MapNavigation)
[GameManager] タイル起動: 戦闘 (r5_l0)
[GameManager] エンカウント: ミノタウロス
[GameManager] Phase: MapNavigation → Combat
[GameManager] Phase: Combat → BattleResult
[GameManager] 戦闘結果: ミノタウロス — 敗北 (7T) 残HP:0
[GameManager] 救済発動: マップへ戻る
[GameManager] Phase: BattleResult → MapNavigation
[AutoRunner] ラストスタンド発動 (Floor 4)
[GameManager] MoveToNode: r6_l0 (phase=MapNavigation)
[GameManager] タイル起動: 罠 (r6_l0)
[GameManager] Phase: MapNavigation → TrapTriggered
[AutoRunner] === RUN 77 終了: R5 (4Fで死亡) — 敗北 cause=Starvation ===

########## RUN 78  [R5 4Fで死亡]  敗北 cause=CombatLoss
# reached F4 HP 0/1 coins 63 combats 11/13 LS=True
[GameManager] Phase: GameOver → Title
[GameManager] Phase: Title → RunStart
[GameManager] === ラン開始 === HP:30
[GameManager] Phase: RunStart → FloorIntro
[GameManager] --- フロア 1 [残光の加護] ---
[GameManager] Phase: FloorIntro → MapNavigation
[GameManager] MoveToNode: r1_l2 (phase=MapNavigation)
[GameManager] タイル起動: ショップ (r1_l2)
[GameManager] EnterShop called
[GameManager] MapTransitionController.Instance = null
[GameManager] Phase: MapNavigation → ShopVisit
[GameManager] Phase: ShopVisit → MapNavigation
[GameManager] MoveToNode: r2_l1 (phase=MapNavigation)
[GameManager] タイル起動: ショップ (r2_l1)
[GameManager] EnterShop called
[GameManager] MapTransitionController.Instance = null
[GameManager] Phase: MapNavigation → ShopVisit
[GameManager] Phase: ShopVisit → MapNavigation
[GameManager] MoveToNode: r3_l0 (phase=MapNavigation)
[GameManager] タイル起動: 戦闘 (r3_l0)
[GameManager] エンカウント: スライム
[GameManager] Phase: MapNavigation → Combat
[GameManager] Phase: Combat → BattleResult
[GameManager] 戦闘結果: スライム — 勝利 (2T) 残HP:30
[GameManager] Phase: BattleResult → Reward
[GameManager] Phase: Reward → MapNavigation
[GameManager] MoveToNode: r4_l0 (phase=MapNavigation)
[GameManager] タイル起動: 戦闘 (r4_l0)
[GameManager] エンカウント: ゴブリン
[GameManager] Phase: MapNavigation → Combat
[GameManager] Phase: Combat → BattleResult
[GameManager] 戦闘結果: ゴブリン — 勝利 (3T) 残HP:28
[GameManager] Phase: BattleResult → Reward
[GameManager] Phase: Reward → MapNavigation
[GameManager] MoveToNode: r5_l0 (phase=MapNavigation)
[GameManager] タイル起動: 罠 (r5_l0)
[GameManager] Phase: MapNavigation → TrapTriggered
[GameManager] Phase: TrapTriggered → MapNavigation
[GameManager] MoveToNode: r6_l0 (phase=MapNavigation)
[GameManager] タイル起動: イベント (r6_l0)
[GameManager] Phase: MapNavigation → EventEncounter
[GameManager] Phase: EventEncounter → MapNavigation
[GameManager] MoveToNode: r7_l0 (phase=MapNavigation)
[GameManager] タイル起動: ショップ (r7_l0)
[GameManager] EnterShop called
[GameManager] MapTransitionController.Instance = null
[GameManager] Phase: MapNavigation → ShopVisit
[GameManager] Phase: ShopVisit → MapNavigation
[GameManager] MoveToNode: r8_l0 (phase=MapNavigation)
[GameManager] タイル起動: 秘宝 (r8_l0)
[GameManager] 宝箱: ゴールド+7, 小回復ポーション
[GameManager] Phase: MapNavigation → TreasureOpen
[GameManager] Phase: TreasureOpen → MapNavigation
[GameManager] MoveToNode: r9_l0 (phase=MapNavigation)
[GameManager] タイル起動: 休憩 (r9_l0)
[GameManager] Phase: MapNavigation → RestStop
[GameManager] 休憩回復: +9HP (30%) (現在: 30/30)
[GameManager] Phase: RestStop → MapNavigation
[GameManager] MoveToNode: boss (phase=MapNavigation)
[GameManager] タイル起動: ボス (boss)
[GameManager] ボス 'boss_layer1' 未定義 — フロア1のプールから抽選
[GameManager] ボス戦: スライム
[GameManager] Phase: MapNavigation → Combat
[GameManager] Phase: Combat → BattleResult
[GameManager] 戦闘結果: スライム — 勝利 (2T) 残HP:30
[GameManager] Phase: BattleResult → Reward
[GameManager] Phase: Reward → FloorClear
[GameManager] フロア1クリア → 次へ
[GameManager] 層デバフ: MaxHP-5 → 25
[GameManager] Phase: FloorClear → FloorIntro
[GameManager] --- フロア 2 [嘆きの共鳴] ---
[GameManager] Phase: FloorIntro → MapNavigation
[GameManager] MoveToNode: r1_l0 (phase=MapNavigation)
[GameManager] タイル起動: 戦闘 (r1_l0)
[GameManager] エンカウント: ゴブリン王
[GameManager] Phase: MapNavigation → Combat
[GameManager] Phase: Combat → BattleResult
[GameManager] 戦闘結果: ゴブリン王 — 勝利 (10T) 残HP:15
[GameManager] Phase: BattleResult → Reward
[GameManager] Phase: Reward → MapNavigation
[GameManager] MoveToNode: r2_l0 (phase=MapNavigation)
[GameManager] タイル起動: イベント (r2_l0)
[GameManager] Phase: MapNavigation → EventEncounter
[GameManager] Phase: EventEncounter → MapNavigation
[GameManager] MoveToNode: r3_l0 (phase=MapNavigation)
[GameManager] タイル起動: ショップ (r3_l0)
[GameManager] EnterShop called
[GameManager] MapTransitionController.Instance = null
[GameManager] Phase: MapNavigation → ShopVisit
[GameManager] Phase: ShopVisit → MapNavigation
[GameManager] MoveToNode: r4_l0 (phase=MapNavigation)
[GameManager] タイル起動: ショップ (r4_l0)
[GameManager] EnterShop called
[GameManager] MapTransitionController.Instance = null
[GameManager] Phase: MapNavigation → ShopVisit
[GameManager] Phase: ShopVisit → MapNavigation
[GameManager] MoveToNode: r5_l0 (phase=MapNavigation)
[GameManager] タイル起動: ショップ (r5_l0)
[GameManager] EnterShop called
[GameManager] MapTransitionController.Instance = null
[GameManager] Phase: MapNavigation → ShopVisit
[GameManager] Phase: ShopVisit → MapNavigation
[GameManager] MoveToNode: r6_l0 (phase=MapNavigation)
[GameManager] タイル起動: 休憩 (r6_l0)
[GameManager] Phase: MapNavigation → RestStop
[GameManager] 休憩回復: +8HP (30%) (現在: 23/25)
[GameManager] Phase: RestStop → MapNavigation
[GameManager] MoveToNode: r7_l1 (phase=MapNavigation)
[GameManager] タイル起動: 戦闘 (r7_l1)
[GameManager] エンカウント: ゴブリン王
[GameManager] Phase: MapNavigation → Combat
[GameManager] Phase: Combat → BattleResult
[GameManager] 戦闘結果: ゴブリン王 — 勝利 (8T) 残HP:22
[GameManager] Phase: BattleResult → Reward
[GameManager] Phase: Reward → MapNavigation
[GameManager] MoveToNode: r8_l1 (phase=MapNavigation)
[GameManager] タイル起動: 秘宝 (r8_l1)
[GameManager] 宝箱: ゴールド+8, 鎖帷子
[GameManager] Phase: MapNavigation → TreasureOpen
[GameManager] Phase: TreasureOpen → MapNavigation
[GameManager] MoveToNode: r9_l1 (phase=MapNavigation)
[GameManager] タイル起動: 休憩 (r9_l1)
[GameManager] Phase: MapNavigation → RestStop
[GameManager] 休憩回復: +8HP (30%) (現在: 25/25)
[GameManager] Phase: RestStop → MapNavigation
[GameManager] MoveToNode: boss (phase=MapNavigation)
[GameManager] タイル起動: ボス (boss)
[GameManager] ボス戦: ゴブリン王
[GameManager] Phase: MapNavigation → Combat
[GameManager] Phase: Combat → BattleResult
[GameManager] 戦闘結果: ゴブリン王 — 勝利 (8T) 残HP:25
[GameManager] Phase: BattleResult → Reward
[GameManager] Phase: Reward → FloorClear
[GameManager] フロア2クリア → 次へ
[GameManager] Phase: FloorClear → FloorIntro
[GameManager] --- フロア 3 [瘴気侵蝕] ---
[GameManager] Phase: FloorIntro → MapNavigation
[GameManager] MoveToNode: r1_l1 (phase=MapNavigation)
[GameManager] タイル起動: 戦闘 (r1_l1)
[GameManager] エンカウント: 13番目の死
[GameManager] Phase: MapNavigation → Combat
[GameManager] Phase: Combat → BattleResult
[GameManager] 戦闘結果: 13番目の死 — 勝利 (3T) 残HP:11
[GameManager] 層デバフ: 戦闘後2ダメージ (HP:9)
[GameManager] Phase: BattleResult → Reward
[GameManager] Phase: Reward → MapNavigation
[GameManager] MoveToNode: r2_l1 (phase=MapNavigation)
[GameManager] タイル起動: 戦闘 (r2_l1)
[GameManager] エンカウント: オーク
[GameManager] Phase: MapNavigation → Combat
[GameManager] Phase: Combat → BattleResult
[GameManager] 戦闘結果: オーク — 敗北 (15T) 残HP:0
[GameManager] 救済発動: マップへ戻る
[GameManager] Phase: BattleResult → MapNavigation
[AutoRunner] ラストスタンド発動 (Floor 3)
[GameManager] MoveToNode: r3_l0 (phase=MapNavigation)
[GameManager] タイル起動: ショップ (r3_l0)
[GameManager] EnterShop called
[GameManager] MapTransitionController.Instance = null
[GameManager] Phase: MapNavigation → ShopVisit
[GameManager] Phase: ShopVisit → MapNavigation
[GameManager] MoveToNode: r4_l0 (phase=MapNavigation)
[GameManager] タイル起動: 戦闘 (r4_l0)
[GameManager] エンカウント: 凍れる吟遊詩人
[GameManager] Phase: MapNavigation → Combat
[GameManager] Phase: Combat → BattleResult
[GameManager] 戦闘結果: 凍れる吟遊詩人 — 勝利 (11T) 残HP:1
[GameManager] 層デバフ: 戦闘後2ダメージ (HP:1)
[GameManager] Phase: BattleResult → Reward
[GameManager] Phase: Reward → MapNavigation
[GameManager] MoveToNode: r5_l0 (phase=MapNavigation)
[GameManager] タイル起動: 戦闘 (r5_l0)
[GameManager] エンカウント: ハーピィ
[GameManager] Phase: MapNavigation → Combat
[GameManager] Phase: Combat → BattleResult
[GameManager] 戦闘結果: ハーピィ — 勝利 (4T) 残HP:1
[GameManager] 層デバフ: 戦闘後2ダメージ (HP:1)
[GameManager] Phase: BattleResult → Reward
[GameManager] Phase: Reward → MapNavigation
[GameManager] MoveToNode: r6_l1 (phase=MapNavigation)
[GameManager] タイル起動: 戦闘 (r6_l1)
[GameManager] エンカウント: スケルトン
[GameManager] Phase: MapNavigation → Combat
[GameManager] Phase: Combat → BattleResult
[GameManager] 戦闘結果: スケルトン — 勝利 (5T) 残HP:1
[GameManager] 層デバフ: 戦闘後2ダメージ (HP:1)
[GameManager] Phase: BattleResult → Reward
[GameManager] Phase: Reward → MapNavigation
[GameManager] MoveToNode: r7_l1 (phase=MapNavigation)
[GameManager] タイル起動: イベント (r7_l1)
[GameManager] Phase: MapNavigation → EventEncounter
[GameManager] Phase: EventEncounter → MapNavigation
[GameManager] MoveToNode: r8_l1 (phase=MapNavigation)
[GameManager] タイル起動: 秘宝 (r8_l1)
[GameManager] 宝箱: ゴールド+0, 鎖帷子
[GameManager] Phase: MapNavigation → TreasureOpen
[GameManager] Phase: TreasureOpen → MapNavigation
[GameManager] MoveToNode: r9_l1 (phase=MapNavigation)
[GameManager] タイル起動: 休憩 (r9_l1)
[GameManager] Phase: MapNavigation → RestStop
[GameManager] 休憩回復: +1HP (50%) (現在: 1/1)
[GameManager] Phase: RestStop → MapNavigation
[GameManager] MoveToNode: boss (phase=MapNavigation)
[GameManager] タイル起動: ボス (boss)
[GameManager] ボス戦: 凍れる吟遊詩人
[GameManager] Phase: MapNavigation → Combat
[GameManager] Phase: Combat → BattleResult
[GameManager] 戦闘結果: 凍れる吟遊詩人 — 勝利 (7T) 残HP:1
[GameManager] 層デバフ: 戦闘後2ダメージ (HP:1)
[GameManager] Phase: BattleResult → Reward
[GameManager] Phase: Reward → FloorClear
[GameManager] フロア3クリア → 次へ
[GameManager] Phase: FloorClear → FloorIntro
[GameManager] --- フロア 4 [煉獄の刻印] ---
[GameManager] Phase: FloorIntro → MapNavigation
[GameManager] MoveToNode: r1_l0 (phase=MapNavigation)
[GameManager] タイル起動: ショップ (r1_l0)
[GameManager] EnterShop called
[GameManager] MapTransitionController.Instance = null
[GameManager] Phase: MapNavigation → ShopVisit
[GameManager] Phase: ShopVisit → MapNavigation
[GameManager] MoveToNode: r2_l1 (phase=MapNavigation)
[GameManager] タイル起動: 戦闘 (r2_l1)
[GameManager] エンカウント: ゴブリン王
[GameManager] Phase: MapNavigation → Combat
[GameManager] Phase: Combat → BattleResult
[GameManager] 戦闘結果: ゴブリン王 — 敗北 (7T) 残HP:0
[GameManager] Phase: BattleResult → GameOver
[AutoRunner] === RUN 78 終了: R5 (4Fで死亡) — 敗北 cause=CombatLoss ===

########## RUN 79  [R4 3Fで死亡]  敗北 cause=CombatLoss
# reached F3 HP 0/1 coins 96 combats 15/17 LS=True
[GameManager] Phase: GameOver → Title
[GameManager] Phase: Title → RunStart
[GameManager] === ラン開始 === HP:30
[GameManager] Phase: RunStart → FloorIntro
[GameManager] --- フロア 1 [残光の加護] ---
[GameManager] Phase: FloorIntro → MapNavigation
[GameManager] MoveToNode: r1_l0 (phase=MapNavigation)
[GameManager] タイル起動: 戦闘 (r1_l0)
[GameManager] エンカウント: スライム
[GameManager] Phase: MapNavigation → Combat
[GameManager] Phase: Combat → BattleResult
[GameManager] 戦闘結果: スライム — 勝利 (2T) 残HP:30
[GameManager] Phase: BattleResult → Reward
[GameManager] Phase: Reward → MapNavigation
[GameManager] MoveToNode: r2_l1 (phase=MapNavigation)
[GameManager] タイル起動: 戦闘 (r2_l1)
[GameManager] エンカウント: スライム
[GameManager] Phase: MapNavigation → Combat
[GameManager] Phase: Combat → BattleResult
[GameManager] 戦闘結果: スライム — 勝利 (1T) 残HP:30
[GameManager] Phase: BattleResult → Reward
[GameManager] Phase: Reward → MapNavigation
[GameManager] MoveToNode: r3_l1 (phase=MapNavigation)
[GameManager] タイル起動: 秘宝 (r3_l1)
[GameManager] 宝箱: ゴールド+6, 骨のダイス
[GameManager] Phase: MapNavigation → TreasureOpen
[GameManager] Phase: TreasureOpen → MapNavigation
[GameManager] MoveToNode: r4_l1 (phase=MapNavigation)
[GameManager] タイル起動: イベント (r4_l1)
[GameManager] Phase: MapNavigation → EventEncounter
[GameManager] Phase: EventEncounter → MapNavigation
[GameManager] MoveToNode: r5_l1 (phase=MapNavigation)
[GameManager] タイル起動: 戦闘 (r5_l1)
[GameManager] エンカウント: ゴブリン
[GameManager] Phase: MapNavigation → Combat
[GameManager] Phase: Combat → BattleResult
[GameManager] 戦闘結果: ゴブリン — 勝利 (2T) 残HP:30
[GameManager] Phase: BattleResult → Reward
[GameManager] Phase: Reward → MapNavigation
[GameManager] MoveToNode: r6_l1 (phase=MapNavigation)
[GameManager] タイル起動: イベント (r6_l1)
[GameManager] Phase: MapNavigation → EventEncounter
[GameManager] Phase: EventEncounter → MapNavigation
[GameManager] MoveToNode: r7_l1 (phase=MapNavigation)
[GameManager] タイル起動: 休憩 (r7_l1)
[GameManager] Phase: MapNavigation → RestStop
[GameManager] 休憩回復: +9HP (30%) (現在: 30/30)
[GameManager] Phase: RestStop → MapNavigation
[GameManager] MoveToNode: r8_l1 (phase=MapNavigation)
[GameManager] タイル起動: 秘宝 (r8_l1)
[GameManager] 宝箱: ゴールド+6, 灯心の鈴
[GameManager] Phase: MapNavigation → TreasureOpen
[GameManager] Phase: TreasureOpen → MapNavigation
[GameManager] MoveToNode: r9_l1 (phase=MapNavigation)
[GameManager] タイル起動: 休憩 (r9_l1)
[GameManager] Phase: MapNavigation → RestStop
[GameManager] 休憩回復: +9HP (30%) (現在: 30/30)
[GameManager] Phase: RestStop → MapNavigation
[GameManager] MoveToNode: boss (phase=MapNavigation)
[GameManager] タイル起動: ボス (boss)
[GameManager] ボス 'boss_layer1' 未定義 — フロア1のプールから抽選
[GameManager] ボス戦: ゴブリン
[GameManager] Phase: MapNavigation → Combat
[GameManager] Phase: Combat → BattleResult
[GameManager] 戦闘結果: ゴブリン — 勝利 (4T) 残HP:27
[GameManager] Phase: BattleResult → Reward
[GameManager] Phase: Reward → FloorClear
[GameManager] フロア1クリア → 次へ
[GameManager] 層デバフ: MaxHP-5 → 25
[GameManager] Phase: FloorClear → FloorIntro
[GameManager] --- フロア 2 [嘆きの共鳴] ---
[GameManager] Phase: FloorIntro → MapNavigation
[GameManager] MoveToNode: r1_l0 (phase=MapNavigation)
[GameManager] タイル起動: 激戦 (r1_l0)
[GameManager] エンカウント: ダイアウルフ
[GameManager] Phase: MapNavigation → Combat
[GameManager] Phase: Combat → BattleResult
[GameManager] 戦闘結果: ダイアウルフ — 勝利 (4T) 残HP:21
[GameManager] 激戦2戦目: ゴブリン
[GameManager] Phase: BattleResult → Combat
[GameManager] Phase: Combat → BattleResult
[GameManager] 戦闘結果: ゴブリン — 勝利 (2T) 残HP:21
[GameManager] Phase: BattleResult → Reward
[GameManager] Phase: Reward → MapNavigation
[GameManager] MoveToNode: r2_l0 (phase=MapNavigation)
[GameManager] タイル起動: 激戦 (r2_l0)
[GameManager] エンカウント: スライム
[GameManager] Phase: MapNavigation → Combat
[GameManager] Phase: Combat → BattleResult
[GameManager] 戦闘結果: スライム — 勝利 (2T) 残HP:21
[GameManager] 激戦2戦目: スケルトン
[GameManager] Phase: BattleResult → Combat
[GameManager] Phase: Combat → BattleResult
[GameManager] 戦闘結果: スケルトン — 勝利 (4T) 残HP:20
[GameManager] Phase: BattleResult → Reward
[GameManager] Phase: Reward → MapNavigation
[GameManager] MoveToNode: r3_l1 (phase=MapNavigation)
[GameManager] タイル起動: 戦闘 (r3_l1)
[GameManager] エンカウント: スケルトン
[GameManager] Phase: MapNavigation → Combat
[GameManager] Phase: Combat → BattleResult
[GameManager] 戦闘結果: スケルトン — 勝利 (9T) 残HP:16
[GameManager] Phase: BattleResult → Reward
[GameManager] Phase: Reward → MapNavigation
[GameManager] MoveToNode: r4_l1 (phase=MapNavigation)
[GameManager] タイル起動: 激戦 (r4_l1)
[GameManager] エンカウント: スケルトン
[GameManager] Phase: MapNavigation → Combat
[GameManager] Phase: Combat → BattleResult
[GameManager] 戦闘結果: スケルトン — 勝利 (4T) 残HP:16
[GameManager] 激戦2戦目: 13番目の死
[GameManager] Phase: BattleResult → Combat
[GameManager] Phase: Combat → BattleResult
[GameManager] 戦闘結果: 13番目の死 — 勝利 (3T) 残HP:16
[GameManager] Phase: BattleResult → Reward
[GameManager] Phase: Reward → MapNavigation
[GameManager] MoveToNode: r5_l1 (phase=MapNavigation)
[GameManager] タイル起動: イベント (r5_l1)
[GameManager] Phase: MapNavigation → EventEncounter
[GameManager] Phase: EventEncounter → MapNavigation
[GameManager] MoveToNode: r6_l0 (phase=MapNavigation)
[GameManager] タイル起動: ショップ (r6_l0)
[GameManager] EnterShop called
[GameManager] MapTransitionController.Instance = null
[GameManager] Phase: MapNavigation → ShopVisit
[GameManager] Phase: ShopVisit → MapNavigation
[GameManager] MoveToNode: r7_l0 (phase=MapNavigation)
[GameManager] タイル起動: ショップ (r7_l0)
[GameManager] EnterShop called
[GameManager] MapTransitionController.Instance = null
[GameManager] Phase: MapNavigation → ShopVisit
[GameManager] Phase: ShopVisit → MapNavigation
[GameManager] MoveToNode: r8_l0 (phase=MapNavigation)
[GameManager] タイル起動: 秘宝 (r8_l0)
[GameManager] 宝箱: ゴールド+10, 革の胸当て
[GameManager] Phase: MapNavigation → TreasureOpen
[GameManager] Phase: TreasureOpen → MapNavigation
[GameManager] MoveToNode: r9_l0 (phase=MapNavigation)
[GameManager] タイル起動: 休憩 (r9_l0)
[GameManager] Phase: MapNavigation → RestStop
[GameManager] 休憩回復: +8HP (30%) (現在: 24/25)
[GameManager] Phase: RestStop → MapNavigation
[GameManager] MoveToNode: boss (phase=MapNavigation)
[GameManager] タイル起動: ボス (boss)
[GameManager] ボス戦: ゴブリン王
[GameManager] Phase: MapNavigation → Combat
[GameManager] Phase: Combat → BattleResult
[GameManager] 戦闘結果: ゴブリン王 — 勝利 (3T) 残HP:24
[GameManager] Phase: BattleResult → Reward
[GameManager] Phase: Reward → FloorClear
[GameManager] フロア2クリア → 次へ
[GameManager] Phase: FloorClear → FloorIntro
[GameManager] --- フロア 3 [瘴気侵蝕] ---
[GameManager] Phase: FloorIntro → MapNavigation
[GameManager] MoveToNode: r1_l1 (phase=MapNavigation)
[GameManager] タイル起動: 戦闘 (r1_l1)
[GameManager] エンカウント: ハーピィ
[GameManager] Phase: MapNavigation → Combat
[GameManager] Phase: Combat → BattleResult
[GameManager] 戦闘結果: ハーピィ — 勝利 (3T) 残HP:25
[GameManager] 層デバフ: 戦闘後2ダメージ (HP:23)
[GameManager] Phase: BattleResult → Reward
[GameManager] Phase: Reward → MapNavigation
[GameManager] MoveToNode: r2_l1 (phase=MapNavigation)
[GameManager] タイル起動: ショップ (r2_l1)
[GameManager] EnterShop called
[GameManager] MapTransitionController.Instance = null
[GameManager] Phase: MapNavigation → ShopVisit
[GameManager] Phase: ShopVisit → MapNavigation
[GameManager] MoveToNode: r3_l1 (phase=MapNavigation)
[GameManager] タイル起動: 戦闘 (r3_l1)
[GameManager] エンカウント: 13番目の死
[GameManager] Phase: MapNavigation → Combat
[GameManager] Phase: Combat → BattleResult
[GameManager] 戦闘結果: 13番目の死 — 勝利 (3T) 残HP:23
[GameManager] 層デバフ: 戦闘後2ダメージ (HP:21)
[GameManager] Phase: BattleResult → Reward
[GameManager] Phase: Reward → MapNavigation
[GameManager] MoveToNode: r4_l0 (phase=MapNavigation)
[GameManager] タイル起動: 戦闘 (r4_l0)
[GameManager] エンカウント: 凍れる吟遊詩人
[GameManager] Phase: MapNavigation → Combat
[GameManager] Phase: Combat → BattleResult
[GameManager] 戦闘結果: 凍れる吟遊詩人 — 勝利 (9T) 残HP:21
[GameManager] 層デバフ: 戦闘後2ダメージ (HP:19)
[GameManager] Phase: BattleResult → Reward
[GameManager] Phase: Reward → MapNavigation
[GameManager] MoveToNode: r5_l0 (phase=MapNavigation)
[GameManager] タイル起動: 戦闘 (r5_l0)
[GameManager] エンカウント: オーク
[GameManager] Phase: MapNavigation → Combat
[GameManager] Phase: Combat → BattleResult
[GameManager] 戦闘結果: オーク — 敗北 (11T) 残HP:0
[GameManager] 救済発動: マップへ戻る
[GameManager] Phase: BattleResult → MapNavigation
[AutoRunner] ラストスタンド発動 (Floor 3)
[GameManager] MoveToNode: r6_l0 (phase=MapNavigation)
[GameManager] タイル起動: 戦闘 (r6_l0)
[GameManager] エンカウント: オーク
[GameManager] Phase: MapNavigation → Combat
[GameManager] Phase: Combat → BattleResult
[GameManager] 戦闘結果: オーク — 敗北 (4T) 残HP:0
[GameManager] Phase: BattleResult → GameOver
[AutoRunner] === RUN 79 終了: R4 (3Fで死亡) — 敗北 cause=CombatLoss ===

########## RUN 80  [DEADLOCK デッドロック]  移動先なし(MapNavigation)
# reached F5 HP 1/1 coins 94 combats 23/24 LS=True
[GameManager] Phase: GameOver → Title
[GameManager] Phase: Title → RunStart
[GameManager] === ラン開始 === HP:30
[GameManager] Phase: RunStart → FloorIntro
[GameManager] --- フロア 1 [残光の加護] ---
[GameManager] Phase: FloorIntro → MapNavigation
[GameManager] MoveToNode: r1_l0 (phase=MapNavigation)
[GameManager] タイル起動: 戦闘 (r1_l0)
[GameManager] エンカウント: スライム
[GameManager] Phase: MapNavigation → Combat
[GameManager] Phase: Combat → BattleResult
[GameManager] 戦闘結果: スライム — 勝利 (1T) 残HP:30
[GameManager] Phase: BattleResult → Reward
[GameManager] Phase: Reward → MapNavigation
[GameManager] MoveToNode: r2_l0 (phase=MapNavigation)
[GameManager] タイル起動: ショップ (r2_l0)
[GameManager] EnterShop called
[GameManager] MapTransitionController.Instance = null
[GameManager] Phase: MapNavigation → ShopVisit
[GameManager] Phase: ShopVisit → MapNavigation
[GameManager] MoveToNode: r3_l0 (phase=MapNavigation)
[GameManager] タイル起動: 秘宝 (r3_l0)
[GameManager] 宝箱: ゴールド+2, 安らぎの靴
[GameManager] Phase: MapNavigation → TreasureOpen
[GameManager] Phase: TreasureOpen → MapNavigation
[GameManager] MoveToNode: r4_l0 (phase=MapNavigation)
[GameManager] タイル起動: 戦闘 (r4_l0)
[GameManager] エンカウント: スライム
[GameManager] Phase: MapNavigation → Combat
[GameManager] Phase: Combat → BattleResult
[GameManager] 戦闘結果: スライム — 勝利 (2T) 残HP:30
[GameManager] Phase: BattleResult → Reward
[GameManager] Phase: Reward → MapNavigation
[GameManager] MoveToNode: r5_l1 (phase=MapNavigation)
[GameManager] タイル起動: 戦闘 (r5_l1)
[GameManager] エンカウント: スライム
[GameManager] Phase: MapNavigation → Combat
[GameManager] Phase: Combat → BattleResult
[GameManager] 戦闘結果: スライム — 勝利 (3T) 残HP:30
[GameManager] Phase: BattleResult → Reward
[GameManager] Phase: Reward → MapNavigation
[GameManager] MoveToNode: r6_l1 (phase=MapNavigation)
[GameManager] タイル起動: イベント (r6_l1)
[GameManager] Phase: MapNavigation → EventEncounter
[GameManager] Phase: EventEncounter → MapNavigation
[GameManager] MoveToNode: r7_l0 (phase=MapNavigation)
[GameManager] タイル起動: 戦闘 (r7_l0)
[GameManager] エンカウント: ゴブリン
[GameManager] Phase: MapNavigation → Combat
[GameManager] Phase: Combat → BattleResult
[GameManager] 戦闘結果: ゴブリン — 勝利 (2T) 残HP:16
[GameManager] Phase: BattleResult → Reward
[GameManager] Phase: Reward → MapNavigation
[GameManager] MoveToNode: r8_l0 (phase=MapNavigation)
[GameManager] タイル起動: 秘宝 (r8_l0)
[GameManager] 宝箱: ゴールド+6, 回復ポーション
[GameManager] Phase: MapNavigation → TreasureOpen
[GameManager] Phase: TreasureOpen → MapNavigation
[GameManager] MoveToNode: r9_l0 (phase=MapNavigation)
[GameManager] タイル起動: 休憩 (r9_l0)
[GameManager] Phase: MapNavigation → RestStop
[GameManager] 休憩回復: +9HP (30%) (現在: 27/30)
[GameManager] Phase: RestStop → MapNavigation
[GameManager] MoveToNode: boss (phase=MapNavigation)
[GameManager] タイル起動: ボス (boss)
[GameManager] ボス 'boss_layer1' 未定義 — フロア1のプールから抽選
[GameManager] ボス戦: ゴブリン
[GameManager] Phase: MapNavigation → Combat
[GameManager] Phase: Combat → BattleResult
[GameManager] 戦闘結果: ゴブリン — 勝利 (2T) 残HP:28
[GameManager] Phase: BattleResult → Reward
[GameManager] Phase: Reward → FloorClear
[GameManager] フロア1クリア → 次へ
[GameManager] 層デバフ: MaxHP-5 → 25
[GameManager] Phase: FloorClear → FloorIntro
[GameManager] --- フロア 2 [嘆きの共鳴] ---
[GameManager] Phase: FloorIntro → MapNavigation
[GameManager] MoveToNode: r1_l0 (phase=MapNavigation)
[GameManager] タイル起動: 戦闘 (r1_l0)
[GameManager] エンカウント: 13番目の死
[GameManager] Phase: MapNavigation → Combat
[GameManager] Phase: Combat → BattleResult
[GameManager] 戦闘結果: 13番目の死 — 勝利 (5T) 残HP:19
[GameManager] Phase: BattleResult → Reward
[GameManager] Phase: Reward → MapNavigation
[GameManager] MoveToNode: r2_l1 (phase=MapNavigation)
[GameManager] タイル起動: 秘宝 (r2_l1)
[GameManager] 宝箱: ゴールド+8, 死神の数珠
[GameManager] Phase: MapNavigation → TreasureOpen
[GameManager] Phase: TreasureOpen → MapNavigation
[GameManager] MoveToNode: r3_l1 (phase=MapNavigation)
[GameManager] タイル起動: 戦闘 (r3_l1)
[GameManager] エンカウント: ダイアウルフ
[GameManager] Phase: MapNavigation → Combat
[GameManager] Phase: Combat → BattleResult
[GameManager] 戦闘結果: ダイアウルフ — 勝利 (6T) 残HP:13
[GameManager] Phase: BattleResult → Reward
[GameManager] Phase: Reward → MapNavigation
[GameManager] MoveToNode: r4_l1 (phase=MapNavigation)
[GameManager] タイル起動: 罠 (r4_l1)
[GameManager] Phase: MapNavigation → TrapTriggered
[GameManager] Phase: TrapTriggered → MapNavigation
[GameManager] MoveToNode: r5_l0 (phase=MapNavigation)
[GameManager] タイル起動: イベント (r5_l0)
[GameManager] Phase: MapNavigation → EventEncounter
[GameManager] Phase: EventEncounter → MapNavigation
[GameManager] MoveToNode: r6_l0 (phase=MapNavigation)
[GameManager] タイル起動: 戦闘 (r6_l0)
[GameManager] エンカウント: 13番目の死
[GameManager] Phase: MapNavigation → Combat
[GameManager] Phase: Combat → BattleResult
[GameManager] 戦闘結果: 13番目の死 — 勝利 (2T) 残HP:16
[GameManager] Phase: BattleResult → Reward
[GameManager] Phase: Reward → MapNavigation
[GameManager] MoveToNode: r7_l0 (phase=MapNavigation)
[GameManager] タイル起動: 戦闘 (r7_l0)
[GameManager] エンカウント: ゴブリン王
[GameManager] Phase: MapNavigation → Combat
[GameManager] Phase: Combat → BattleResult
[GameManager] 戦闘結果: ゴブリン王 — 勝利 (9T) 残HP:15
[GameManager] Phase: BattleResult → Reward
[GameManager] Phase: Reward → MapNavigation
[GameManager] MoveToNode: r8_l0 (phase=MapNavigation)
[GameManager] タイル起動: 秘宝 (r8_l0)
[GameManager] 宝箱: ゴールド+10, 力帯
[GameManager] Phase: MapNavigation → TreasureOpen
[GameManager] Phase: TreasureOpen → MapNavigation
[GameManager] MoveToNode: r9_l0 (phase=MapNavigation)
[GameManager] タイル起動: 休憩 (r9_l0)
[GameManager] Phase: MapNavigation → RestStop
[GameManager] 休憩回復: +8HP (30%) (現在: 25/25)
[GameManager] Phase: RestStop → MapNavigation
[GameManager] MoveToNode: boss (phase=MapNavigation)
[GameManager] タイル起動: ボス (boss)
[GameManager] ボス戦: ゴブリン王
[GameManager] Phase: MapNavigation → Combat
[GameManager] Phase: Combat → BattleResult
[GameManager] 戦闘結果: ゴブリン王 — 勝利 (6T) 残HP:24
[GameManager] Phase: BattleResult → Reward
[GameManager] Phase: Reward → FloorClear
[GameManager] フロア2クリア → 次へ
[GameManager] Phase: FloorClear → FloorIntro
[GameManager] --- フロア 3 [瘴気侵蝕] ---
[GameManager] Phase: FloorIntro → MapNavigation
[GameManager] MoveToNode: r1_l0 (phase=MapNavigation)
[GameManager] タイル起動: 戦闘 (r1_l0)
[GameManager] エンカウント: オーク
[GameManager] Phase: MapNavigation → Combat
[GameManager] Phase: Combat → BattleResult
[GameManager] 戦闘結果: オーク — 勝利 (7T) 残HP:15
[GameManager] 層デバフ: 戦闘後2ダメージ (HP:13)
[GameManager] Phase: BattleResult → Reward
[GameManager] Phase: Reward → MapNavigation
[GameManager] MoveToNode: r2_l0 (phase=MapNavigation)
[GameManager] タイル起動: 休憩 (r2_l0)
[GameManager] Phase: MapNavigation → RestStop
[GameManager] 休憩回復: +13HP (50%) (現在: 25/25)
[GameManager] Phase: RestStop → MapNavigation
[GameManager] MoveToNode: r3_l0 (phase=MapNavigation)
[GameManager] タイル起動: 戦闘 (r3_l0)
[GameManager] エンカウント: 13番目の死
[GameManager] Phase: MapNavigation → Combat
[GameManager] Phase: Combat → BattleResult
[GameManager] 戦闘結果: 13番目の死 — 勝利 (2T) 残HP:25
[GameManager] 層デバフ: 戦闘後2ダメージ (HP:23)
[GameManager] Phase: BattleResult → Reward
[GameManager] Phase: Reward → MapNavigation
[GameManager] MoveToNode: r4_l0 (phase=MapNavigation)
[GameManager] タイル起動: 戦闘 (r4_l0)
[GameManager] エンカウント: 13番目の死
[GameManager] Phase: MapNavigation → Combat
[GameManager] Phase: Combat → BattleResult
[GameManager] 戦闘結果: 13番目の死 — 勝利 (2T) 残HP:24
[GameManager] 層デバフ: 戦闘後2ダメージ (HP:22)
[GameManager] Phase: BattleResult → Reward
[GameManager] Phase: Reward → MapNavigation
[GameManager] MoveToNode: r5_l0 (phase=MapNavigation)
[GameManager] タイル起動: イベント (r5_l0)
[GameManager] Phase: MapNavigation → EventEncounter
[GameManager] Phase: EventEncounter → MapNavigation
[GameManager] MoveToNode: r6_l0 (phase=MapNavigation)
[GameManager] タイル起動: ショップ (r6_l0)
[GameManager] EnterShop called
[GameManager] MapTransitionController.Instance = null
[GameManager] Phase: MapNavigation → ShopVisit
[GameManager] Phase: ShopVisit → MapNavigation
[GameManager] MoveToNode: r7_l0 (phase=MapNavigation)
[GameManager] タイル起動: イベント (r7_l0)
[GameManager] Phase: MapNavigation → EventEncounter
[GameManager] Phase: EventEncounter → MapNavigation
[GameManager] MoveToNode: r8_l0 (phase=MapNavigation)
[GameManager] タイル起動: 秘宝 (r8_l0)
[GameManager] 宝箱: ゴールド+18, 安らぎの靴
[GameManager] Phase: MapNavigation → TreasureOpen
[GameManager] Phase: TreasureOpen → MapNavigation
[GameManager] MoveToNode: r9_l0 (phase=MapNavigation)
[GameManager] タイル起動: 休憩 (r9_l0)
[GameManager] Phase: MapNavigation → RestStop
[GameManager] 休憩回復: +13HP (50%) (現在: 25/25)
[GameManager] Phase: RestStop → MapNavigation
[GameManager] MoveToNode: boss (phase=MapNavigation)
[GameManager] タイル起動: ボス (boss)
[GameManager] ボス戦: 凍れる吟遊詩人
[GameManager] Phase: MapNavigation → Combat
[GameManager] Phase: Combat → BattleResult
[GameManager] 戦闘結果: 凍れる吟遊詩人 — 勝利 (5T) 残HP:25
[GameManager] 層デバフ: 戦闘後2ダメージ (HP:23)
[GameManager] Phase: BattleResult → Reward
[GameManager] Phase: Reward → FloorClear
[GameManager] フロア3クリア → 次へ
[GameManager] Phase: FloorClear → FloorIntro
[GameManager] --- フロア 4 [煉獄の刻印] ---
[GameManager] Phase: FloorIntro → MapNavigation
[GameManager] MoveToNode: r1_l2 (phase=MapNavigation)
[GameManager] タイル起動: 戦闘 (r1_l2)
[GameManager] エンカウント: リザードマン
[GameManager] Phase: MapNavigation → Combat
[GameManager] Phase: Combat → BattleResult
[GameManager] 戦闘結果: リザードマン — 勝利 (5T) 残HP:16
[GameManager] Phase: BattleResult → Reward
[GameManager] Phase: Reward → MapNavigation
[GameManager] MoveToNode: r2_l1 (phase=MapNavigation)
[GameManager] タイル起動: イベント (r2_l1)
[GameManager] Phase: MapNavigation → EventEncounter
[GameManager] Phase: EventEncounter → MapNavigation
[GameManager] MoveToNode: r3_l1 (phase=MapNavigation)
[GameManager] タイル起動: 秘宝 (r3_l1)
[GameManager] 宝箱: ゴールド+28, 灯心の鈴
[GameManager] Phase: MapNavigation → TreasureOpen
[GameManager] Phase: TreasureOpen → MapNavigation
[GameManager] MoveToNode: r4_l1 (phase=MapNavigation)
[GameManager] タイル起動: 戦闘 (r4_l1)
[GameManager] エンカウント: ミノタウロス
[GameManager] Phase: MapNavigation → Combat
[GameManager] Phase: Combat → BattleResult
[GameManager] 戦闘結果: ミノタウロス — 勝利 (5T) 残HP:22
[GameManager] Phase: BattleResult → Reward
[GameManager] Phase: Reward → MapNavigation
[GameManager] MoveToNode: r5_l1 (phase=MapNavigation)
[GameManager] タイル起動: ショップ (r5_l1)
[GameManager] EnterShop called
[GameManager] MapTransitionController.Instance = null
[GameManager] Phase: MapNavigation → ShopVisit
[GameManager] Phase: ShopVisit → MapNavigation
[GameManager] MoveToNode: r6_l1 (phase=MapNavigation)
[GameManager] タイル起動: 戦闘 (r6_l1)
[GameManager] エンカウント: 凍れる吟遊詩人
[GameManager] Phase: MapNavigation → Combat
[GameManager] Phase: Combat → BattleResult
[GameManager] 戦闘結果: 凍れる吟遊詩人 — 勝利 (5T) 残HP:25
[AutoRunner] ラストスタンド発動 (Floor 5)
[AutoRunner] === RUN 80 終了: DEADLOCK (デッドロック) — 移動先なし(MapNavigation) ===

########## RUN 81  [DEADLOCK デッドロック]  移動先なし(MapNavigation)
# reached F2 HP 1/1 coins 61 combats 9/10 LS=True
[GameManager] Phase: MapNavigation → RunStart
[GameManager] === ラン開始 === HP:30
[GameManager] Phase: RunStart → FloorIntro
[GameManager] --- フロア 1 [残光の加護] ---
[GameManager] Phase: FloorIntro → MapNavigation
[GameManager] MoveToNode: r1_l1 (phase=MapNavigation)
[GameManager] タイル起動: 戦闘 (r1_l1)
[GameManager] エンカウント: ゴブリン
[GameManager] Phase: MapNavigation → Combat
[GameManager] Phase: Combat → BattleResult
[GameManager] 戦闘結果: ゴブリン — 勝利 (3T) 残HP:30
[GameManager] Phase: BattleResult → Reward
[GameManager] Phase: Reward → MapNavigation
[GameManager] MoveToNode: r2_l1 (phase=MapNavigation)
[GameManager] タイル起動: 戦闘 (r2_l1)
[GameManager] エンカウント: ゴブリン
[GameManager] Phase: MapNavigation → Combat
[GameManager] Phase: Combat → BattleResult
[GameManager] 戦闘結果: ゴブリン — 勝利 (3T) 残HP:30
[GameManager] Phase: BattleResult → Reward
[GameManager] Phase: Reward → MapNavigation
[GameManager] MoveToNode: r3_l1 (phase=MapNavigation)
[GameManager] タイル起動: 秘宝 (r3_l1)
[GameManager] 宝箱: ゴールド+4, 骨のダイス
[GameManager] Phase: MapNavigation → TreasureOpen
[GameManager] Phase: TreasureOpen → MapNavigation
[GameManager] MoveToNode: r4_l2 (phase=MapNavigation)
[GameManager] タイル起動: ショップ (r4_l2)
[GameManager] EnterShop called
[GameManager] MapTransitionController.Instance = null
[GameManager] Phase: MapNavigation → ShopVisit
[GameManager] Phase: ShopVisit → MapNavigation
[GameManager] MoveToNode: r5_l1 (phase=MapNavigation)
[GameManager] タイル起動: 戦闘 (r5_l1)
[GameManager] エンカウント: ゴブリン
[GameManager] Phase: MapNavigation → Combat
[GameManager] Phase: Combat → BattleResult
[GameManager] 戦闘結果: ゴブリン — 勝利 (3T) 残HP:28
[GameManager] Phase: BattleResult → Reward
[GameManager] Phase: Reward → MapNavigation
[GameManager] MoveToNode: r6_l0 (phase=MapNavigation)
[GameManager] タイル起動: 戦闘 (r6_l0)
[GameManager] エンカウント: ゴブリン
[GameManager] Phase: MapNavigation → Combat
[GameManager] Phase: Combat → BattleResult
[GameManager] 戦闘結果: ゴブリン — 勝利 (4T) 残HP:26
[GameManager] Phase: BattleResult → Reward
[GameManager] Phase: Reward → MapNavigation
[GameManager] MoveToNode: r7_l0 (phase=MapNavigation)
[GameManager] タイル起動: イベント (r7_l0)
[GameManager] Phase: MapNavigation → EventEncounter
[GameManager] Phase: EventEncounter → MapNavigation
[GameManager] MoveToNode: r8_l0 (phase=MapNavigation)
[GameManager] タイル起動: 秘宝 (r8_l0)
[GameManager] 宝箱: ゴールド+3, 革の手甲
[GameManager] Phase: MapNavigation → TreasureOpen
[GameManager] Phase: TreasureOpen → MapNavigation
[GameManager] MoveToNode: r9_l0 (phase=MapNavigation)
[GameManager] タイル起動: 休憩 (r9_l0)
[GameManager] Phase: MapNavigation → RestStop
[GameManager] 休憩回復: +9HP (30%) (現在: 10/30)
[GameManager] Phase: RestStop → MapNavigation
[GameManager] MoveToNode: boss (phase=MapNavigation)
[GameManager] タイル起動: ボス (boss)
[GameManager] ボス 'boss_layer1' 未定義 — フロア1のプールから抽選
[GameManager] ボス戦: スライム
[GameManager] Phase: MapNavigation → Combat
[GameManager] Phase: Combat → BattleResult
[GameManager] 戦闘結果: スライム — 勝利 (2T) 残HP:10
[GameManager] Phase: BattleResult → Reward
[GameManager] Phase: Reward → FloorClear
[GameManager] フロア1クリア → 次へ
[GameManager] 層デバフ: MaxHP-5 → 25
[GameManager] Phase: FloorClear → FloorIntro
[GameManager] --- フロア 2 [嘆きの共鳴] ---
[GameManager] Phase: FloorIntro → MapNavigation
[GameManager] MoveToNode: r1_l0 (phase=MapNavigation)
[GameManager] タイル起動: イベント (r1_l0)
[GameManager] Phase: MapNavigation → EventEncounter
[GameManager] Phase: EventEncounter → MapNavigation
[GameManager] MoveToNode: r2_l0 (phase=MapNavigation)
[GameManager] タイル起動: ショップ (r2_l0)
[GameManager] EnterShop called
[GameManager] MapTransitionController.Instance = null
[GameManager] Phase: MapNavigation → ShopVisit
[GameManager] Phase: ShopVisit → MapNavigation
[GameManager] MoveToNode: r3_l0 (phase=MapNavigation)
[GameManager] タイル起動: 戦闘 (r3_l0)
[GameManager] エンカウント: ダイアウルフ
[GameManager] Phase: MapNavigation → Combat
[GameManager] Phase: Combat → BattleResult
[GameManager] 戦闘結果: ダイアウルフ — 勝利 (5T) 残HP:19
[GameManager] Phase: BattleResult → Reward
[GameManager] Phase: Reward → MapNavigation
[GameManager] MoveToNode: r4_l0 (phase=MapNavigation)
[GameManager] タイル起動: 激戦 (r4_l0)
[GameManager] エンカウント: ゴブリン王
[GameManager] Phase: MapNavigation → Combat
[GameManager] Phase: Combat → BattleResult
[GameManager] 戦闘結果: ゴブリン王 — 勝利 (13T) 残HP:7
[GameManager] 激戦2戦目: ダイアウルフ
[GameManager] Phase: BattleResult → Combat
[GameManager] Phase: Combat → BattleResult
[GameManager] 戦闘結果: ダイアウルフ — 勝利 (2T) 残HP:4
[GameManager] Phase: BattleResult → Reward
[GameManager] Phase: Reward → MapNavigation
[GameManager] MoveToNode: r5_l0 (phase=MapNavigation)
[GameManager] タイル起動: 戦闘 (r5_l0)
[GameManager] エンカウント: ゴブリン
[GameManager] Phase: MapNavigation → Combat
[GameManager] Phase: Combat → BattleResult
[GameManager] 戦闘結果: ゴブリン — 勝利 (1T) 残HP:4
[GameManager] Phase: BattleResult → Reward
[GameManager] Phase: Reward → MapNavigation
[GameManager] MoveToNode: r6_l0 (phase=MapNavigation)
[GameManager] タイル起動: ショップ (r6_l0)
[GameManager] EnterShop called
[GameManager] MapTransitionController.Instance = null
[GameManager] Phase: MapNavigation → ShopVisit
[GameManager] Phase: ShopVisit → MapNavigation
[GameManager] MoveToNode: r7_l0 (phase=MapNavigation)
[GameManager] タイル起動: 罠 (r7_l0)
[GameManager] Phase: MapNavigation → TrapTriggered
[GameManager] Phase: TrapTriggered → MapNavigation
[GameManager] MoveToNode: r8_l0 (phase=MapNavigation)
[GameManager] タイル起動: 秘宝 (r8_l0)
[GameManager] 宝箱: ゴールド+12, 偏りのダイス
[GameManager] Phase: MapNavigation → TreasureOpen
[GameManager] Phase: TreasureOpen → MapNavigation
[GameManager] MoveToNode: r9_l0 (phase=MapNavigation)
[GameManager] タイル起動: 休憩 (r9_l0)
[GameManager] Phase: MapNavigation → RestStop
[GameManager] 休憩回復: +8HP (30%) (現在: 12/25)
[GameManager] Phase: RestStop → MapNavigation
[GameManager] MoveToNode: boss (phase=MapNavigation)
[GameManager] タイル起動: ボス (boss)
[GameManager] ボス戦: ゴブリン王
[GameManager] Phase: MapNavigation → Combat
[GameManager] Phase: Combat → BattleResult
[GameManager] 戦闘結果: ゴブリン王 — 敗北 (5T) 残HP:0
[GameManager] 救済発動: マップへ戻る
[GameManager] Phase: BattleResult → MapNavigation
[AutoRunner] ラストスタンド発動 (Floor 2)
[AutoRunner] === RUN 81 終了: DEADLOCK (デッドロック) — 移動先なし(MapNavigation) ===

########## RUN 82  [R4 3Fで死亡]  敗北 cause=CombatLoss
# reached F3 HP 0/1 coins 84 combats 12/15 LS=True
[GameManager] Phase: MapNavigation → RunStart
[GameManager] === ラン開始 === HP:30
[GameManager] Phase: RunStart → FloorIntro
[GameManager] --- フロア 1 [残光の加護] ---
[GameManager] Phase: FloorIntro → MapNavigation
[GameManager] MoveToNode: r1_l2 (phase=MapNavigation)
[GameManager] タイル起動: 戦闘 (r1_l2)
[GameManager] エンカウント: スライム
[GameManager] Phase: MapNavigation → Combat
[GameManager] Phase: Combat → BattleResult
[GameManager] 戦闘結果: スライム — 勝利 (1T) 残HP:30
[GameManager] Phase: BattleResult → Reward
[GameManager] Phase: Reward → MapNavigation
[GameManager] MoveToNode: r2_l2 (phase=MapNavigation)
[GameManager] タイル起動: イベント (r2_l2)
[GameManager] Phase: MapNavigation → EventEncounter
[GameManager] Phase: EventEncounter → MapNavigation
[GameManager] MoveToNode: r3_l2 (phase=MapNavigation)
[GameManager] タイル起動: 戦闘 (r3_l2)
[GameManager] エンカウント: ゴブリン
[GameManager] Phase: MapNavigation → Combat
[GameManager] Phase: Combat → BattleResult
[GameManager] 戦闘結果: ゴブリン — 勝利 (2T) 残HP:30
[GameManager] Phase: BattleResult → Reward
[GameManager] Phase: Reward → MapNavigation
[GameManager] MoveToNode: r4_l2 (phase=MapNavigation)
[GameManager] タイル起動: ショップ (r4_l2)
[GameManager] EnterShop called
[GameManager] MapTransitionController.Instance = null
[GameManager] Phase: MapNavigation → ShopVisit
[GameManager] Phase: ShopVisit → MapNavigation
[GameManager] MoveToNode: r5_l2 (phase=MapNavigation)
[GameManager] タイル起動: イベント (r5_l2)
[GameManager] Phase: MapNavigation → EventEncounter
[GameManager] Phase: EventEncounter → MapNavigation
[GameManager] MoveToNode: r6_l2 (phase=MapNavigation)
[GameManager] タイル起動: 戦闘 (r6_l2)
[GameManager] エンカウント: ゴブリン
[GameManager] Phase: MapNavigation → Combat
[GameManager] Phase: Combat → BattleResult
[GameManager] 戦闘結果: ゴブリン — 勝利 (5T) 残HP:30
[GameManager] Phase: BattleResult → Reward
[GameManager] Phase: Reward → MapNavigation
[GameManager] MoveToNode: r7_l2 (phase=MapNavigation)
[GameManager] タイル起動: ショップ (r7_l2)
[GameManager] EnterShop called
[GameManager] MapTransitionController.Instance = null
[GameManager] Phase: MapNavigation → ShopVisit
[GameManager] Phase: ShopVisit → MapNavigation
[GameManager] MoveToNode: r8_l2 (phase=MapNavigation)
[GameManager] タイル起動: 秘宝 (r8_l2)
[GameManager] 宝箱: ゴールド+6, 観察者の眼鏡
[GameManager] Phase: MapNavigation → TreasureOpen
[GameManager] Phase: TreasureOpen → MapNavigation
[GameManager] MoveToNode: r9_l2 (phase=MapNavigation)
[GameManager] タイル起動: 休憩 (r9_l2)
[GameManager] Phase: MapNavigation → RestStop
[GameManager] 休憩回復: +9HP (30%) (現在: 30/30)
[GameManager] Phase: RestStop → MapNavigation
[GameManager] MoveToNode: boss (phase=MapNavigation)
[GameManager] タイル起動: ボス (boss)
[GameManager] ボス 'boss_layer1' 未定義 — フロア1のプールから抽選
[GameManager] ボス戦: ゴブリン
[GameManager] Phase: MapNavigation → Combat
[GameManager] Phase: Combat → BattleResult
[GameManager] 戦闘結果: ゴブリン — 勝利 (2T) 残HP:30
[GameManager] Phase: BattleResult → Reward
[GameManager] Phase: Reward → FloorClear
[GameManager] フロア1クリア → 次へ
[GameManager] 層デバフ: MaxHP-5 → 25
[GameManager] Phase: FloorClear → FloorIntro
[GameManager] --- フロア 2 [嘆きの共鳴] ---
[GameManager] Phase: FloorIntro → MapNavigation
[GameManager] MoveToNode: r1_l0 (phase=MapNavigation)
[GameManager] タイル起動: ショップ (r1_l0)
[GameManager] EnterShop called
[GameManager] MapTransitionController.Instance = null
[GameManager] Phase: MapNavigation → ShopVisit
[GameManager] Phase: ShopVisit → MapNavigation
[GameManager] MoveToNode: r2_l0 (phase=MapNavigation)
[GameManager] タイル起動: イベント (r2_l0)
[GameManager] Phase: MapNavigation → EventEncounter
[GameManager] Phase: EventEncounter → MapNavigation
[GameManager] MoveToNode: r3_l0 (phase=MapNavigation)
[GameManager] タイル起動: 戦闘 (r3_l0)
[GameManager] エンカウント: スケルトン
[GameManager] Phase: MapNavigation → Combat
[GameManager] Phase: Combat → BattleResult
[GameManager] 戦闘結果: スケルトン — 勝利 (1T) 残HP:22
[GameManager] Phase: BattleResult → Reward
[GameManager] Phase: Reward → MapNavigation
[GameManager] MoveToNode: r4_l0 (phase=MapNavigation)
[GameManager] タイル起動: 戦闘 (r4_l0)
[GameManager] エンカウント: ゴブリン
[GameManager] Phase: MapNavigation → Combat
[GameManager] Phase: Combat → BattleResult
[GameManager] 戦闘結果: ゴブリン — 勝利 (4T) 残HP:21
[GameManager] Phase: BattleResult → Reward
[GameManager] Phase: Reward → MapNavigation
[GameManager] MoveToNode: r5_l0 (phase=MapNavigation)
[GameManager] タイル起動: 秘宝 (r5_l0)
[GameManager] 宝箱: ゴールド+4, 骨のダイス
[GameManager] Phase: MapNavigation → TreasureOpen
[GameManager] Phase: TreasureOpen → MapNavigation
[GameManager] MoveToNode: r6_l0 (phase=MapNavigation)
[GameManager] タイル起動: 戦闘 (r6_l0)
[GameManager] エンカウント: コボルド
[GameManager] Phase: MapNavigation → Combat
[GameManager] Phase: Combat → BattleResult
[GameManager] 戦闘結果: コボルド — 勝利 (1T) 残HP:21
[GameManager] Phase: BattleResult → Reward
[GameManager] Phase: Reward → MapNavigation
[GameManager] MoveToNode: r7_l1 (phase=MapNavigation)
[GameManager] タイル起動: 戦闘 (r7_l1)
[GameManager] エンカウント: コボルド
[GameManager] Phase: MapNavigation → Combat
[GameManager] Phase: Combat → BattleResult
[GameManager] 戦闘結果: コボルド — 勝利 (2T) 残HP:21
[GameManager] Phase: BattleResult → Reward
[GameManager] Phase: Reward → MapNavigation
[GameManager] MoveToNode: r8_l1 (phase=MapNavigation)
[GameManager] タイル起動: 秘宝 (r8_l1)
[GameManager] 宝箱: ゴールド+12, 灯心の鈴
[GameManager] Phase: MapNavigation → TreasureOpen
[GameManager] Phase: TreasureOpen → MapNavigation
[GameManager] MoveToNode: r9_l1 (phase=MapNavigation)
[GameManager] タイル起動: 休憩 (r9_l1)
[GameManager] Phase: MapNavigation → RestStop
[GameManager] 休憩回復: +8HP (30%) (現在: 25/25)
[GameManager] Phase: RestStop → MapNavigation
[GameManager] MoveToNode: boss (phase=MapNavigation)
[GameManager] タイル起動: ボス (boss)
[GameManager] ボス戦: ゴブリン王
[GameManager] Phase: MapNavigation → Combat
[GameManager] Phase: Combat → BattleResult
[GameManager] 戦闘結果: ゴブリン王 — 勝利 (11T) 残HP:11
[GameManager] Phase: BattleResult → Reward
[GameManager] Phase: Reward → FloorClear
[GameManager] フロア2クリア → 次へ
[GameManager] Phase: FloorClear → FloorIntro
[GameManager] --- フロア 3 [瘴気侵蝕] ---
[GameManager] Phase: FloorIntro → MapNavigation
[GameManager] MoveToNode: r1_l1 (phase=MapNavigation)
[GameManager] タイル起動: 戦闘 (r1_l1)
[GameManager] エンカウント: 凍れる吟遊詩人
[GameManager] Phase: MapNavigation → Combat
[GameManager] Phase: Combat → BattleResult
[GameManager] 戦闘結果: 凍れる吟遊詩人 — 勝利 (6T) 残HP:19
[GameManager] 層デバフ: 戦闘後2ダメージ (HP:17)
[GameManager] Phase: BattleResult → Reward
[GameManager] Phase: Reward → MapNavigation
[GameManager] MoveToNode: r2_l1 (phase=MapNavigation)
[GameManager] タイル起動: ショップ (r2_l1)
[GameManager] EnterShop called
[GameManager] MapTransitionController.Instance = null
[GameManager] Phase: MapNavigation → ShopVisit
[GameManager] Phase: ShopVisit → MapNavigation
[GameManager] MoveToNode: r3_l2 (phase=MapNavigation)
[GameManager] タイル起動: ショップ (r3_l2)
[GameManager] EnterShop called
[GameManager] MapTransitionController.Instance = null
[GameManager] Phase: MapNavigation → ShopVisit
[GameManager] Phase: ShopVisit → MapNavigation
[GameManager] MoveToNode: r4_l2 (phase=MapNavigation)
[GameManager] タイル起動: 戦闘 (r4_l2)
[GameManager] エンカウント: オーク
[GameManager] Phase: MapNavigation → Combat
[GameManager] Phase: Combat → BattleResult
[GameManager] 戦闘結果: オーク — 敗北 (6T) 残HP:0
[GameManager] 救済発動: マップへ戻る
[GameManager] Phase: BattleResult → MapNavigation
[GameManager] MoveToNode: r5_l2 (phase=MapNavigation)
[GameManager] タイル起動: 戦闘 (r5_l2)
[GameManager] エンカウント: ハーピィ
[GameManager] Phase: MapNavigation → Combat
[GameManager] Phase: Combat → BattleResult
[GameManager] 戦闘結果: ハーピィ — 勝利 (11T) 残HP:18
[GameManager] 層デバフ: 戦闘後2ダメージ (HP:16)
[GameManager] Phase: BattleResult → Reward
[GameManager] Phase: Reward → MapNavigation
[GameManager] MoveToNode: r6_l2 (phase=MapNavigation)
[GameManager] タイル起動: 戦闘 (r6_l2)
[GameManager] エンカウント: ハーピィ
[GameManager] Phase: MapNavigation → Combat
[GameManager] Phase: Combat → BattleResult
[GameManager] 戦闘結果: ハーピィ — 敗北 (11T) 残HP:0
[GameManager] 救済発動: マップへ戻る
[GameManager] Phase: BattleResult → MapNavigation
[AutoRunner] ラストスタンド発動 (Floor 3)
[GameManager] MoveToNode: r7_l2 (phase=MapNavigation)
[GameManager] タイル起動: 戦闘 (r7_l2)
[GameManager] エンカウント: ゴブリン
[GameManager] Phase: MapNavigation → Combat
[GameManager] Phase: Combat → BattleResult
[GameManager] 戦闘結果: ゴブリン — 勝利 (2T) 残HP:1
[GameManager] 層デバフ: 戦闘後2ダメージ (HP:1)
[GameManager] Phase: BattleResult → Reward
[GameManager] Phase: Reward → MapNavigation
[GameManager] MoveToNode: r8_l2 (phase=MapNavigation)
[GameManager] タイル起動: 秘宝 (r8_l2)
[GameManager] 宝箱: ゴールド+0, 観察者の眼鏡
[GameManager] Phase: MapNavigation → TreasureOpen
[GameManager] Phase: TreasureOpen → MapNavigation
[GameManager] MoveToNode: r9_l2 (phase=MapNavigation)
[GameManager] タイル起動: 休憩 (r9_l2)
[GameManager] Phase: MapNavigation → RestStop
[GameManager] 休憩回復: +1HP (50%) (現在: 1/1)
[GameManager] Phase: RestStop → MapNavigation
[GameManager] MoveToNode: boss (phase=MapNavigation)
[GameManager] タイル起動: ボス (boss)
[GameManager] ボス戦: 凍れる吟遊詩人
[GameManager] Phase: MapNavigation → Combat
[GameManager] Phase: Combat → BattleResult
[GameManager] 戦闘結果: 凍れる吟遊詩人 — 敗北 (6T) 残HP:0
[GameManager] Phase: BattleResult → GameOver
[AutoRunner] === RUN 82 終了: R4 (3Fで死亡) — 敗北 cause=CombatLoss ===

########## RUN 83  [R3 2Fボスで死亡]  敗北 cause=CombatLoss
# reached F2 HP 0/1 coins 53 combats 12/14 LS=True
[GameManager] Phase: GameOver → Title
[GameManager] Phase: Title → RunStart
[GameManager] === ラン開始 === HP:30
[GameManager] Phase: RunStart → FloorIntro
[GameManager] --- フロア 1 [残光の加護] ---
[GameManager] Phase: FloorIntro → MapNavigation
[GameManager] MoveToNode: r1_l2 (phase=MapNavigation)
[GameManager] タイル起動: 戦闘 (r1_l2)
[GameManager] エンカウント: スライム
[GameManager] Phase: MapNavigation → Combat
[GameManager] Phase: Combat → BattleResult
[GameManager] 戦闘結果: スライム — 勝利 (1T) 残HP:30
[GameManager] Phase: BattleResult → Reward
[GameManager] Phase: Reward → MapNavigation
[GameManager] MoveToNode: r2_l2 (phase=MapNavigation)
[GameManager] タイル起動: 戦闘 (r2_l2)
[GameManager] エンカウント: スライム
[GameManager] Phase: MapNavigation → Combat
[GameManager] Phase: Combat → BattleResult
[GameManager] 戦闘結果: スライム — 勝利 (2T) 残HP:30
[GameManager] Phase: BattleResult → Reward
[GameManager] Phase: Reward → MapNavigation
[GameManager] MoveToNode: r3_l1 (phase=MapNavigation)
[GameManager] タイル起動: 激戦 (r3_l1)
[GameManager] エンカウント: ゴブリン
[GameManager] Phase: MapNavigation → Combat
[GameManager] Phase: Combat → BattleResult
[GameManager] 戦闘結果: ゴブリン — 勝利 (1T) 残HP:30
[GameManager] 激戦2戦目: スライム
[GameManager] Phase: BattleResult → Combat
[GameManager] Phase: Combat → BattleResult
[GameManager] 戦闘結果: スライム — 勝利 (1T) 残HP:30
[GameManager] Phase: BattleResult → Reward
[GameManager] Phase: Reward → MapNavigation
[GameManager] MoveToNode: r4_l2 (phase=MapNavigation)
[GameManager] タイル起動: 戦闘 (r4_l2)
[GameManager] エンカウント: ゴブリン
[GameManager] Phase: MapNavigation → Combat
[GameManager] Phase: Combat → BattleResult
[GameManager] 戦闘結果: ゴブリン — 勝利 (2T) 残HP:30
[GameManager] Phase: BattleResult → Reward
[GameManager] Phase: Reward → MapNavigation
[GameManager] MoveToNode: r5_l2 (phase=MapNavigation)
[GameManager] タイル起動: 戦闘 (r5_l2)
[GameManager] エンカウント: スライム
[GameManager] Phase: MapNavigation → Combat
[GameManager] Phase: Combat → BattleResult
[GameManager] 戦闘結果: スライム — 勝利 (2T) 残HP:30
[GameManager] Phase: BattleResult → Reward
[GameManager] Phase: Reward → MapNavigation
[GameManager] MoveToNode: r6_l2 (phase=MapNavigation)
[GameManager] タイル起動: イベント (r6_l2)
[GameManager] Phase: MapNavigation → EventEncounter
[GameManager] Phase: EventEncounter → MapNavigation
[GameManager] MoveToNode: r7_l2 (phase=MapNavigation)
[GameManager] タイル起動: イベント (r7_l2)
[GameManager] Phase: MapNavigation → EventEncounter
[GameManager] Phase: EventEncounter → MapNavigation
[GameManager] MoveToNode: r8_l2 (phase=MapNavigation)
[GameManager] タイル起動: 秘宝 (r8_l2)
[GameManager] 宝箱: ゴールド+2, 革の手甲
[GameManager] Phase: MapNavigation → TreasureOpen
[GameManager] Phase: TreasureOpen → MapNavigation
[GameManager] MoveToNode: r9_l2 (phase=MapNavigation)
[GameManager] タイル起動: 休憩 (r9_l2)
[GameManager] Phase: MapNavigation → RestStop
[GameManager] 休憩回復: +9HP (30%) (現在: 30/30)
[GameManager] Phase: RestStop → MapNavigation
[GameManager] MoveToNode: boss (phase=MapNavigation)
[GameManager] タイル起動: ボス (boss)
[GameManager] ボス 'boss_layer1' 未定義 — フロア1のプールから抽選
[GameManager] ボス戦: スライム
[GameManager] Phase: MapNavigation → Combat
[GameManager] Phase: Combat → BattleResult
[GameManager] 戦闘結果: スライム — 勝利 (1T) 残HP:30
[GameManager] Phase: BattleResult → Reward
[GameManager] Phase: Reward → FloorClear
[GameManager] フロア1クリア → 次へ
[GameManager] 層デバフ: MaxHP-5 → 25
[GameManager] Phase: FloorClear → FloorIntro
[GameManager] --- フロア 2 [嘆きの共鳴] ---
[GameManager] Phase: FloorIntro → MapNavigation
[GameManager] MoveToNode: r1_l1 (phase=MapNavigation)
[GameManager] タイル起動: 戦闘 (r1_l1)
[GameManager] エンカウント: スケルトン
[GameManager] Phase: MapNavigation → Combat
[GameManager] Phase: Combat → BattleResult
[GameManager] 戦闘結果: スケルトン — 勝利 (8T) 残HP:22
[GameManager] Phase: BattleResult → Reward
[GameManager] Phase: Reward → MapNavigation
[GameManager] MoveToNode: r2_l1 (phase=MapNavigation)
[GameManager] タイル起動: 戦闘 (r2_l1)
[GameManager] エンカウント: ダイアウルフ
[GameManager] Phase: MapNavigation → Combat
[GameManager] Phase: Combat → BattleResult
[GameManager] 戦闘結果: ダイアウルフ — 勝利 (4T) 残HP:19
[GameManager] Phase: BattleResult → Reward
[GameManager] Phase: Reward → MapNavigation
[GameManager] MoveToNode: r3_l1 (phase=MapNavigation)
[GameManager] タイル起動: 戦闘 (r3_l1)
[GameManager] エンカウント: スライム
[GameManager] Phase: MapNavigation → Combat
[GameManager] Phase: Combat → BattleResult
[GameManager] 戦闘結果: スライム — 勝利 (1T) 残HP:19
[GameManager] Phase: BattleResult → Reward
[GameManager] Phase: Reward → MapNavigation
[GameManager] MoveToNode: r4_l1 (phase=MapNavigation)
[GameManager] タイル起動: 戦闘 (r4_l1)
[GameManager] エンカウント: ダイアウルフ
[GameManager] Phase: MapNavigation → Combat
[GameManager] Phase: Combat → BattleResult
[GameManager] 戦闘結果: ダイアウルフ — 勝利 (7T) 残HP:13
[GameManager] Phase: BattleResult → Reward
[GameManager] Phase: Reward → MapNavigation
[GameManager] MoveToNode: r5_l1 (phase=MapNavigation)
[GameManager] タイル起動: 戦闘 (r5_l1)
[GameManager] エンカウント: ダイアウルフ
[GameManager] Phase: MapNavigation → Combat
[GameManager] Phase: Combat → BattleResult
[GameManager] 戦闘結果: ダイアウルフ — 勝利 (5T) 残HP:9
[GameManager] Phase: BattleResult → Reward
[GameManager] Phase: Reward → MapNavigation
[GameManager] MoveToNode: r6_l0 (phase=MapNavigation)
[GameManager] タイル起動: イベント (r6_l0)
[GameManager] Phase: MapNavigation → EventEncounter
[GameManager] Phase: EventEncounter → MapNavigation
[GameManager] MoveToNode: r7_l0 (phase=MapNavigation)
[GameManager] タイル起動: 戦闘 (r7_l0)
[GameManager] エンカウント: 13番目の死
[GameManager] Phase: MapNavigation → Combat
[GameManager] Phase: Combat → BattleResult
[GameManager] 戦闘結果: 13番目の死 — 敗北 (1T) 残HP:0
[GameManager] 救済発動: マップへ戻る
[GameManager] Phase: BattleResult → MapNavigation
[AutoRunner] ラストスタンド発動 (Floor 2)
[GameManager] MoveToNode: r8_l0 (phase=MapNavigation)
[GameManager] タイル起動: 秘宝 (r8_l0)
[GameManager] 宝箱: ゴールド+0, 安らぎの靴
[GameManager] Phase: MapNavigation → TreasureOpen
[GameManager] Phase: TreasureOpen → MapNavigation
[GameManager] MoveToNode: r9_l0 (phase=MapNavigation)
[GameManager] タイル起動: 休憩 (r9_l0)
[GameManager] Phase: MapNavigation → RestStop
[GameManager] 休憩回復: +1HP (30%) (現在: 1/1)
[GameManager] Phase: RestStop → MapNavigation
[GameManager] MoveToNode: boss (phase=MapNavigation)
[GameManager] タイル起動: ボス (boss)
[GameManager] ボス戦: ゴブリン王
[GameManager] Phase: MapNavigation → Combat
[GameManager] Phase: Combat → BattleResult
[GameManager] 戦闘結果: ゴブリン王 — 敗北 (8T) 残HP:0
[GameManager] Phase: BattleResult → GameOver
[AutoRunner] === RUN 83 終了: R3 (2Fボスで死亡) — 敗北 cause=CombatLoss ===

########## RUN 84  [DEADLOCK デッドロック]  移動先なし(MapNavigation)
# reached F5 HP 1/1 coins 172 combats 20/21 LS=True
[GameManager] Phase: GameOver → Title
[GameManager] Phase: Title → RunStart
[GameManager] === ラン開始 === HP:30
[GameManager] Phase: RunStart → FloorIntro
[GameManager] --- フロア 1 [残光の加護] ---
[GameManager] Phase: FloorIntro → MapNavigation
[GameManager] MoveToNode: r1_l2 (phase=MapNavigation)
[GameManager] タイル起動: 秘宝 (r1_l2)
[GameManager] 宝箱: ゴールド+5, 黄昏の懐中時計
[GameManager] Phase: MapNavigation → TreasureOpen
[GameManager] Phase: TreasureOpen → MapNavigation
[GameManager] MoveToNode: r2_l2 (phase=MapNavigation)
[GameManager] タイル起動: イベント (r2_l2)
[GameManager] Phase: MapNavigation → EventEncounter
[GameManager] Phase: EventEncounter → MapNavigation
[GameManager] MoveToNode: r3_l2 (phase=MapNavigation)
[GameManager] タイル起動: 秘宝 (r3_l2)
[GameManager] 宝箱: ゴールド+2, 力帯
[GameManager] Phase: MapNavigation → TreasureOpen
[GameManager] Phase: TreasureOpen → MapNavigation
[GameManager] MoveToNode: r4_l1 (phase=MapNavigation)
[GameManager] タイル起動: 戦闘 (r4_l1)
[GameManager] エンカウント: スライム
[GameManager] Phase: MapNavigation → Combat
[GameManager] Phase: Combat → BattleResult
[GameManager] 戦闘結果: スライム — 勝利 (1T) 残HP:30
[GameManager] Phase: BattleResult → Reward
[GameManager] Phase: Reward → MapNavigation
[GameManager] MoveToNode: r5_l1 (phase=MapNavigation)
[GameManager] タイル起動: イベント (r5_l1)
[GameManager] Phase: MapNavigation → EventEncounter
[GameManager] Phase: EventEncounter → MapNavigation
[GameManager] MoveToNode: r6_l1 (phase=MapNavigation)
[GameManager] タイル起動: ショップ (r6_l1)
[GameManager] EnterShop called
[GameManager] MapTransitionController.Instance = null
[GameManager] Phase: MapNavigation → ShopVisit
[GameManager] Phase: ShopVisit → MapNavigation
[GameManager] MoveToNode: r7_l1 (phase=MapNavigation)
[GameManager] タイル起動: 戦闘 (r7_l1)
[GameManager] エンカウント: ゴブリン
[GameManager] Phase: MapNavigation → Combat
[GameManager] Phase: Combat → BattleResult
[GameManager] 戦闘結果: ゴブリン — 勝利 (2T) 残HP:30
[GameManager] Phase: BattleResult → Reward
[GameManager] Phase: Reward → MapNavigation
[GameManager] MoveToNode: r8_l1 (phase=MapNavigation)
[GameManager] タイル起動: 秘宝 (r8_l1)
[GameManager] 宝箱: ゴールド+7, 力帯
[GameManager] Phase: MapNavigation → TreasureOpen
[GameManager] Phase: TreasureOpen → MapNavigation
[GameManager] MoveToNode: r9_l1 (phase=MapNavigation)
[GameManager] タイル起動: 休憩 (r9_l1)
[GameManager] Phase: MapNavigation → RestStop
[GameManager] 休憩回復: +9HP (30%) (現在: 30/30)
[GameManager] Phase: RestStop → MapNavigation
[GameManager] MoveToNode: boss (phase=MapNavigation)
[GameManager] タイル起動: ボス (boss)
[GameManager] ボス 'boss_layer1' 未定義 — フロア1のプールから抽選
[GameManager] ボス戦: スライム
[GameManager] Phase: MapNavigation → Combat
[GameManager] Phase: Combat → BattleResult
[GameManager] 戦闘結果: スライム — 勝利 (1T) 残HP:30
[GameManager] Phase: BattleResult → Reward
[GameManager] Phase: Reward → FloorClear
[GameManager] フロア1クリア → 次へ
[GameManager] 層デバフ: MaxHP-5 → 25
[GameManager] Phase: FloorClear → FloorIntro
[GameManager] --- フロア 2 [嘆きの共鳴] ---
[GameManager] Phase: FloorIntro → MapNavigation
[GameManager] MoveToNode: r1_l0 (phase=MapNavigation)
[GameManager] タイル起動: 戦闘 (r1_l0)
[GameManager] エンカウント: ゴブリン王
[GameManager] Phase: MapNavigation → Combat
[GameManager] Phase: Combat → BattleResult
[GameManager] 戦闘結果: ゴブリン王 — 勝利 (5T) 残HP:25
[GameManager] Phase: BattleResult → Reward
[GameManager] Phase: Reward → MapNavigation
[GameManager] MoveToNode: r2_l0 (phase=MapNavigation)
[GameManager] タイル起動: ショップ (r2_l0)
[GameManager] EnterShop called
[GameManager] MapTransitionController.Instance = null
[GameManager] Phase: MapNavigation → ShopVisit
[GameManager] Phase: ShopVisit → MapNavigation
[GameManager] MoveToNode: r3_l0 (phase=MapNavigation)
[GameManager] タイル起動: 戦闘 (r3_l0)
[GameManager] エンカウント: 13番目の死
[GameManager] Phase: MapNavigation → Combat
[GameManager] Phase: Combat → BattleResult
[GameManager] 戦闘結果: 13番目の死 — 勝利 (1T) 残HP:25
[GameManager] Phase: BattleResult → Reward
[GameManager] Phase: Reward → MapNavigation
[GameManager] MoveToNode: r4_l0 (phase=MapNavigation)
[GameManager] タイル起動: ショップ (r4_l0)
[GameManager] EnterShop called
[GameManager] MapTransitionController.Instance = null
[GameManager] Phase: MapNavigation → ShopVisit
[GameManager] Phase: ShopVisit → MapNavigation
[GameManager] MoveToNode: r5_l1 (phase=MapNavigation)
[GameManager] タイル起動: 戦闘 (r5_l1)
[GameManager] エンカウント: 13番目の死
[GameManager] Phase: MapNavigation → Combat
[GameManager] Phase: Combat → BattleResult
[GameManager] 戦闘結果: 13番目の死 — 勝利 (2T) 残HP:25
[GameManager] Phase: BattleResult → Reward
[GameManager] Phase: Reward → MapNavigation
[GameManager] MoveToNode: r6_l1 (phase=MapNavigation)
[GameManager] タイル起動: 戦闘 (r6_l1)
[GameManager] エンカウント: 13番目の死
[GameManager] Phase: MapNavigation → Combat
[GameManager] Phase: Combat → BattleResult
[GameManager] 戦闘結果: 13番目の死 — 勝利 (3T) 残HP:3
[GameManager] Phase: BattleResult → Reward
[GameManager] Phase: Reward → MapNavigation
[GameManager] MoveToNode: r7_l1 (phase=MapNavigation)
[GameManager] タイル起動: イベント (r7_l1)
[GameManager] Phase: MapNavigation → EventEncounter
[GameManager] Phase: EventEncounter → MapNavigation
[GameManager] MoveToNode: r8_l1 (phase=MapNavigation)
[GameManager] タイル起動: 秘宝 (r8_l1)
[GameManager] 宝箱: ゴールド+12, 治癒の指輪
[GameManager] Phase: MapNavigation → TreasureOpen
[GameManager] Phase: TreasureOpen → MapNavigation
[GameManager] MoveToNode: r9_l1 (phase=MapNavigation)
[GameManager] タイル起動: 休憩 (r9_l1)
[GameManager] Phase: MapNavigation → RestStop
[GameManager] 休憩回復: +8HP (30%) (現在: 11/25)
[GameManager] Phase: RestStop → MapNavigation
[GameManager] MoveToNode: boss (phase=MapNavigation)
[GameManager] タイル起動: ボス (boss)
[GameManager] ボス戦: ゴブリン王
[GameManager] Phase: MapNavigation → Combat
[GameManager] Phase: Combat → BattleResult
[GameManager] 戦闘結果: ゴブリン王 — 勝利 (3T) 残HP:11
[GameManager] Phase: BattleResult → Reward
[GameManager] Phase: Reward → FloorClear
[GameManager] フロア2クリア → 次へ
[GameManager] Phase: FloorClear → FloorIntro
[GameManager] --- フロア 3 [瘴気侵蝕] ---
[GameManager] Phase: FloorIntro → MapNavigation
[GameManager] MoveToNode: r1_l2 (phase=MapNavigation)
[GameManager] タイル起動: 戦闘 (r1_l2)
[GameManager] エンカウント: 13番目の死
[GameManager] Phase: MapNavigation → Combat
[GameManager] Phase: Combat → BattleResult
[GameManager] 戦闘結果: 13番目の死 — 勝利 (3T) 残HP:19
[GameManager] 層デバフ: 戦闘後2ダメージ (HP:17)
[GameManager] Phase: BattleResult → Reward
[GameManager] Phase: Reward → MapNavigation
[GameManager] MoveToNode: r2_l2 (phase=MapNavigation)
[GameManager] タイル起動: 秘宝 (r2_l2)
[GameManager] 宝箱: ゴールド+18, 灯心の鈴
[GameManager] Phase: MapNavigation → TreasureOpen
[GameManager] Phase: TreasureOpen → MapNavigation
[GameManager] MoveToNode: r3_l2 (phase=MapNavigation)
[GameManager] タイル起動: ショップ (r3_l2)
[GameManager] EnterShop called
[GameManager] MapTransitionController.Instance = null
[GameManager] Phase: MapNavigation → ShopVisit
[GameManager] Phase: ShopVisit → MapNavigation
[GameManager] MoveToNode: r4_l2 (phase=MapNavigation)
[GameManager] タイル起動: 秘宝 (r4_l2)
[GameManager] 宝箱: ゴールド+9, 治癒の指輪
[GameManager] Phase: MapNavigation → TreasureOpen
[GameManager] Phase: TreasureOpen → MapNavigation
[GameManager] MoveToNode: r5_l1 (phase=MapNavigation)
[GameManager] タイル起動: 戦闘 (r5_l1)
[GameManager] エンカウント: オーク
[GameManager] Phase: MapNavigation → Combat
[GameManager] Phase: Combat → BattleResult
[GameManager] 戦闘結果: オーク — 勝利 (4T) 残HP:17
[GameManager] 層デバフ: 戦闘後2ダメージ (HP:15)
[GameManager] Phase: BattleResult → Reward
[GameManager] Phase: Reward → MapNavigation
[GameManager] MoveToNode: r6_l1 (phase=MapNavigation)
[GameManager] タイル起動: 秘宝 (r6_l1)
[GameManager] 宝箱: ゴールド+15, 力帯
[GameManager] Phase: MapNavigation → TreasureOpen
[GameManager] Phase: TreasureOpen → MapNavigation
[GameManager] MoveToNode: r7_l1 (phase=MapNavigation)
[GameManager] タイル起動: 戦闘 (r7_l1)
[GameManager] エンカウント: ハーピィ
[GameManager] Phase: MapNavigation → Combat
[GameManager] Phase: Combat → BattleResult
[GameManager] 戦闘結果: ハーピィ — 勝利 (3T) 残HP:11
[GameManager] 層デバフ: 戦闘後2ダメージ (HP:9)
[GameManager] Phase: BattleResult → Reward
[GameManager] Phase: Reward → MapNavigation
[GameManager] MoveToNode: r8_l1 (phase=MapNavigation)
[GameManager] タイル起動: 秘宝 (r8_l1)
[GameManager] 宝箱: ゴールド+18, 鉄のダイス
[GameManager] Phase: MapNavigation → TreasureOpen
[GameManager] Phase: TreasureOpen → MapNavigation
[GameManager] MoveToNode: r9_l1 (phase=MapNavigation)
[GameManager] タイル起動: 休憩 (r9_l1)
[GameManager] Phase: MapNavigation → RestStop
[GameManager] 休憩回復: +13HP (50%) (現在: 22/25)
[GameManager] Phase: RestStop → MapNavigation
[GameManager] MoveToNode: boss (phase=MapNavigation)
[GameManager] タイル起動: ボス (boss)
[GameManager] ボス戦: 凍れる吟遊詩人
[GameManager] Phase: MapNavigation → Combat
[GameManager] Phase: Combat → BattleResult
[GameManager] 戦闘結果: 凍れる吟遊詩人 — 勝利 (4T) 残HP:22
[GameManager] 層デバフ: 戦闘後2ダメージ (HP:20)
[GameManager] Phase: BattleResult → Reward
[GameManager] Phase: Reward → FloorClear
[GameManager] フロア3クリア → 次へ
[GameManager] Phase: FloorClear → FloorIntro
[GameManager] --- フロア 4 [煉獄の刻印] ---
[GameManager] Phase: FloorIntro → MapNavigation
[GameManager] MoveToNode: r1_l1 (phase=MapNavigation)
[GameManager] タイル起動: 戦闘 (r1_l1)
[GameManager] エンカウント: 凍れる吟遊詩人
[GameManager] Phase: MapNavigation → Combat
[GameManager] Phase: Combat → BattleResult
[GameManager] 戦闘結果: 凍れる吟遊詩人 — 勝利 (7T) 残HP:25
[GameManager] Phase: BattleResult → Reward
[GameManager] Phase: Reward → MapNavigation
[GameManager] MoveToNode: r2_l1 (phase=MapNavigation)
[GameManager] タイル起動: 罠 (r2_l1)
[GameManager] Phase: MapNavigation → TrapTriggered
[GameManager] Phase: TrapTriggered → MapNavigation
[GameManager] MoveToNode: r3_l1 (phase=MapNavigation)
[GameManager] タイル起動: 戦闘 (r3_l1)
[GameManager] エンカウント: 鏡の双子
[GameManager] Phase: MapNavigation → Combat
[GameManager] Phase: Combat → BattleResult
[GameManager] 戦闘結果: 鏡の双子 — 勝利 (10T) 残HP:25
[GameManager] Phase: BattleResult → Reward
[GameManager] Phase: Reward → MapNavigation
[GameManager] MoveToNode: r4_l1 (phase=MapNavigation)
[GameManager] タイル起動: 戦闘 (r4_l1)
[GameManager] エンカウント: リザードマン
[GameManager] Phase: MapNavigation → Combat
[GameManager] Phase: Combat → BattleResult
[GameManager] 戦闘結果: リザードマン — 勝利 (3T) 残HP:19
[GameManager] Phase: BattleResult → Reward
[GameManager] Phase: Reward → MapNavigation
[GameManager] MoveToNode: r5_l0 (phase=MapNavigation)
[GameManager] タイル起動: 秘宝 (r5_l0)
[GameManager] 宝箱: ゴールド+20, 癒しの靴
[GameManager] Phase: MapNavigation → TreasureOpen
[GameManager] Phase: TreasureOpen → MapNavigation
[GameManager] MoveToNode: r6_l0 (phase=MapNavigation)
[GameManager] タイル起動: ショップ (r6_l0)
[GameManager] EnterShop called
[GameManager] MapTransitionController.Instance = null
[GameManager] Phase: MapNavigation → ShopVisit
[GameManager] Phase: ShopVisit → MapNavigation
[AutoRunner] ラストスタンド発動 (Floor 5)
[AutoRunner] === RUN 84 終了: DEADLOCK (デッドロック) — 移動先なし(MapNavigation) ===

########## RUN 85  [DEADLOCK デッドロック]  移動先なし(MapNavigation)
# reached F4 HP 1/1 coins 208 combats 17/18 LS=True
[GameManager] Phase: MapNavigation → RunStart
[GameManager] === ラン開始 === HP:30
[GameManager] Phase: RunStart → FloorIntro
[GameManager] --- フロア 1 [残光の加護] ---
[GameManager] Phase: FloorIntro → MapNavigation
[GameManager] MoveToNode: r1_l0 (phase=MapNavigation)
[GameManager] タイル起動: 戦闘 (r1_l0)
[GameManager] エンカウント: ゴブリン
[GameManager] Phase: MapNavigation → Combat
[GameManager] Phase: Combat → BattleResult
[GameManager] 戦闘結果: ゴブリン — 勝利 (2T) 残HP:30
[GameManager] Phase: BattleResult → Reward
[GameManager] Phase: Reward → MapNavigation
[GameManager] MoveToNode: r2_l0 (phase=MapNavigation)
[GameManager] タイル起動: 休憩 (r2_l0)
[GameManager] Phase: MapNavigation → RestStop
[GameManager] 休憩回復: +9HP (30%) (現在: 30/30)
[GameManager] Phase: RestStop → MapNavigation
[GameManager] MoveToNode: r3_l0 (phase=MapNavigation)
[GameManager] タイル起動: イベント (r3_l0)
[GameManager] Phase: MapNavigation → EventEncounter
[GameManager] Phase: EventEncounter → MapNavigation
[GameManager] MoveToNode: r4_l1 (phase=MapNavigation)
[GameManager] タイル起動: 戦闘 (r4_l1)
[GameManager] エンカウント: スライム
[GameManager] Phase: MapNavigation → Combat
[GameManager] Phase: Combat → BattleResult
[GameManager] 戦闘結果: スライム — 勝利 (2T) 残HP:30
[GameManager] Phase: BattleResult → Reward
[GameManager] Phase: Reward → MapNavigation
[GameManager] MoveToNode: r5_l0 (phase=MapNavigation)
[GameManager] タイル起動: イベント (r5_l0)
[GameManager] Phase: MapNavigation → EventEncounter
[GameManager] Phase: EventEncounter → MapNavigation
[GameManager] MoveToNode: r6_l1 (phase=MapNavigation)
[GameManager] タイル起動: 戦闘 (r6_l1)
[GameManager] エンカウント: スライム
[GameManager] Phase: MapNavigation → Combat
[GameManager] Phase: Combat → BattleResult
[GameManager] 戦闘結果: スライム — 勝利 (1T) 残HP:30
[GameManager] Phase: BattleResult → Reward
[GameManager] Phase: Reward → MapNavigation
[GameManager] MoveToNode: r7_l1 (phase=MapNavigation)
[GameManager] タイル起動: 秘宝 (r7_l1)
[GameManager] 宝箱: ゴールド+6, 力帯
[GameManager] Phase: MapNavigation → TreasureOpen
[GameManager] Phase: TreasureOpen → MapNavigation
[GameManager] MoveToNode: r8_l1 (phase=MapNavigation)
[GameManager] タイル起動: 秘宝 (r8_l1)
[GameManager] 宝箱: ゴールド+3, 革の胸当て
[GameManager] Phase: MapNavigation → TreasureOpen
[GameManager] Phase: TreasureOpen → MapNavigation
[GameManager] MoveToNode: r9_l1 (phase=MapNavigation)
[GameManager] タイル起動: 休憩 (r9_l1)
[GameManager] Phase: MapNavigation → RestStop
[GameManager] 休憩回復: +9HP (30%) (現在: 30/30)
[GameManager] Phase: RestStop → MapNavigation
[GameManager] MoveToNode: boss (phase=MapNavigation)
[GameManager] タイル起動: ボス (boss)
[GameManager] ボス 'boss_layer1' 未定義 — フロア1のプールから抽選
[GameManager] ボス戦: スライム
[GameManager] Phase: MapNavigation → Combat
[GameManager] Phase: Combat → BattleResult
[GameManager] 戦闘結果: スライム — 勝利 (1T) 残HP:30
[GameManager] Phase: BattleResult → Reward
[GameManager] Phase: Reward → FloorClear
[GameManager] フロア1クリア → 次へ
[GameManager] 層デバフ: MaxHP-5 → 25
[GameManager] Phase: FloorClear → FloorIntro
[GameManager] --- フロア 2 [嘆きの共鳴] ---
[GameManager] Phase: FloorIntro → MapNavigation
[GameManager] MoveToNode: r1_l0 (phase=MapNavigation)
[GameManager] タイル起動: イベント (r1_l0)
[GameManager] Phase: MapNavigation → EventEncounter
[GameManager] Phase: EventEncounter → MapNavigation
[GameManager] MoveToNode: r2_l1 (phase=MapNavigation)
[GameManager] タイル起動: 戦闘 (r2_l1)
[GameManager] エンカウント: スケルトン
[GameManager] Phase: MapNavigation → Combat
[GameManager] Phase: Combat → BattleResult
[GameManager] 戦闘結果: スケルトン — 勝利 (5T) 残HP:25
[GameManager] Phase: BattleResult → Reward
[GameManager] Phase: Reward → MapNavigation
[GameManager] MoveToNode: r3_l0 (phase=MapNavigation)
[GameManager] タイル起動: 戦闘 (r3_l0)
[GameManager] エンカウント: コボルド
[GameManager] Phase: MapNavigation → Combat
[GameManager] Phase: Combat → BattleResult
[GameManager] 戦闘結果: コボルド — 勝利 (3T) 残HP:25
[GameManager] Phase: BattleResult → Reward
[GameManager] Phase: Reward → MapNavigation
[GameManager] MoveToNode: r4_l1 (phase=MapNavigation)
[GameManager] タイル起動: 戦闘 (r4_l1)
[GameManager] エンカウント: ゴブリン王
[GameManager] Phase: MapNavigation → Combat
[GameManager] Phase: Combat → BattleResult
[GameManager] 戦闘結果: ゴブリン王 — 勝利 (3T) 残HP:25
[GameManager] Phase: BattleResult → Reward
[GameManager] Phase: Reward → MapNavigation
[GameManager] MoveToNode: r5_l0 (phase=MapNavigation)
[GameManager] タイル起動: ショップ (r5_l0)
[GameManager] EnterShop called
[GameManager] MapTransitionController.Instance = null
[GameManager] Phase: MapNavigation → ShopVisit
[GameManager] Phase: ShopVisit → MapNavigation
[GameManager] MoveToNode: r6_l0 (phase=MapNavigation)
[GameManager] タイル起動: イベント (r6_l0)
[GameManager] Phase: MapNavigation → EventEncounter
[GameManager] Phase: EventEncounter → MapNavigation
[GameManager] MoveToNode: r7_l0 (phase=MapNavigation)
[GameManager] タイル起動: 秘宝 (r7_l0)
[GameManager] 宝箱: ゴールド+14, 灯心の鈴
[GameManager] Phase: MapNavigation → TreasureOpen
[GameManager] Phase: TreasureOpen → MapNavigation
[GameManager] MoveToNode: r8_l0 (phase=MapNavigation)
[GameManager] タイル起動: 秘宝 (r8_l0)
[GameManager] 宝箱: ゴールド+14, 死神の数珠
[GameManager] Phase: MapNavigation → TreasureOpen
[GameManager] Phase: TreasureOpen → MapNavigation
[GameManager] MoveToNode: r9_l0 (phase=MapNavigation)
[GameManager] タイル起動: 休憩 (r9_l0)
[GameManager] Phase: MapNavigation → RestStop
[GameManager] 休憩回復: +8HP (30%) (現在: 25/25)
[GameManager] Phase: RestStop → MapNavigation
[GameManager] MoveToNode: boss (phase=MapNavigation)
[GameManager] タイル起動: ボス (boss)
[GameManager] ボス戦: ゴブリン王
[GameManager] Phase: MapNavigation → Combat
[GameManager] Phase: Combat → BattleResult
[GameManager] 戦闘結果: ゴブリン王 — 勝利 (4T) 残HP:24
[GameManager] Phase: BattleResult → Reward
[GameManager] Phase: Reward → FloorClear
[GameManager] フロア2クリア → 次へ
[GameManager] Phase: FloorClear → FloorIntro
[GameManager] --- フロア 3 [瘴気侵蝕] ---
[GameManager] Phase: FloorIntro → MapNavigation
[GameManager] MoveToNode: r1_l0 (phase=MapNavigation)
[GameManager] タイル起動: イベント (r1_l0)
[GameManager] Phase: MapNavigation → EventEncounter
[GameManager] Phase: EventEncounter → MapNavigation
[GameManager] MoveToNode: r2_l0 (phase=MapNavigation)
[GameManager] タイル起動: ショップ (r2_l0)
[GameManager] EnterShop called
[GameManager] MapTransitionController.Instance = null
[GameManager] Phase: MapNavigation → ShopVisit
[GameManager] Phase: ShopVisit → MapNavigation
[GameManager] MoveToNode: r3_l0 (phase=MapNavigation)
[GameManager] タイル起動: 戦闘 (r3_l0)
[GameManager] エンカウント: ハーピィ
[GameManager] Phase: MapNavigation → Combat
[GameManager] Phase: Combat → BattleResult
[GameManager] 戦闘結果: ハーピィ — 勝利 (6T) 残HP:24
[GameManager] 層デバフ: 戦闘後2ダメージ (HP:22)
[GameManager] Phase: BattleResult → Reward
[GameManager] Phase: Reward → MapNavigation
[GameManager] MoveToNode: r4_l0 (phase=MapNavigation)
[GameManager] タイル起動: ショップ (r4_l0)
[GameManager] EnterShop called
[GameManager] MapTransitionController.Instance = null
[GameManager] Phase: MapNavigation → ShopVisit
[GameManager] Phase: ShopVisit → MapNavigation
[GameManager] MoveToNode: r5_l0 (phase=MapNavigation)
[GameManager] タイル起動: 戦闘 (r5_l0)
[GameManager] エンカウント: オーク
[GameManager] Phase: MapNavigation → Combat
[GameManager] Phase: Combat → BattleResult
[GameManager] 戦闘結果: オーク — 勝利 (2T) 残HP:22
[GameManager] 層デバフ: 戦闘後2ダメージ (HP:20)
[GameManager] Phase: BattleResult → Reward
[GameManager] Phase: Reward → MapNavigation
[GameManager] MoveToNode: r6_l0 (phase=MapNavigation)
[GameManager] タイル起動: 戦闘 (r6_l0)
[GameManager] エンカウント: スケルトン
[GameManager] Phase: MapNavigation → Combat
[GameManager] Phase: Combat → BattleResult
[GameManager] 戦闘結果: スケルトン — 勝利 (3T) 残HP:20
[GameManager] 層デバフ: 戦闘後2ダメージ (HP:18)
[GameManager] Phase: BattleResult → Reward
[GameManager] Phase: Reward → MapNavigation
[GameManager] MoveToNode: r7_l0 (phase=MapNavigation)
[GameManager] タイル起動: 戦闘 (r7_l0)
[GameManager] エンカウント: スライム
[GameManager] Phase: MapNavigation → Combat
[GameManager] Phase: Combat → BattleResult
[GameManager] 戦闘結果: スライム — 勝利 (1T) 残HP:18
[GameManager] 層デバフ: 戦闘後2ダメージ (HP:16)
[GameManager] Phase: BattleResult → Reward
[GameManager] Phase: Reward → MapNavigation
[GameManager] MoveToNode: r8_l0 (phase=MapNavigation)
[GameManager] タイル起動: 秘宝 (r8_l0)
[GameManager] 宝箱: ゴールド+21, 連刃の篭手
[GameManager] Phase: MapNavigation → TreasureOpen
[GameManager] Phase: TreasureOpen → MapNavigation
[GameManager] MoveToNode: r9_l0 (phase=MapNavigation)
[GameManager] タイル起動: 休憩 (r9_l0)
[GameManager] Phase: MapNavigation → RestStop
[GameManager] 休憩回復: +13HP (50%) (現在: 25/25)
[GameManager] Phase: RestStop → MapNavigation
[GameManager] MoveToNode: boss (phase=MapNavigation)
[GameManager] タイル起動: ボス (boss)
[GameManager] ボス戦: 凍れる吟遊詩人
[GameManager] Phase: MapNavigation → Combat
[GameManager] Phase: Combat → BattleResult
[GameManager] 戦闘結果: 凍れる吟遊詩人 — 勝利 (4T) 残HP:25
[GameManager] 層デバフ: 戦闘後2ダメージ (HP:23)
[GameManager] Phase: BattleResult → Reward
[GameManager] Phase: Reward → FloorClear
[GameManager] フロア3クリア → 次へ
[GameManager] Phase: FloorClear → FloorIntro
[GameManager] --- フロア 4 [煉獄の刻印] ---
[GameManager] Phase: FloorIntro → MapNavigation
[GameManager] MoveToNode: r1_l0 (phase=MapNavigation)
[GameManager] タイル起動: イベント (r1_l0)
[GameManager] Phase: MapNavigation → EventEncounter
[GameManager] Phase: EventEncounter → MapNavigation
[GameManager] MoveToNode: r2_l0 (phase=MapNavigation)
[GameManager] タイル起動: 戦闘 (r2_l0)
[GameManager] エンカウント: ダイアウルフ
[GameManager] Phase: MapNavigation → Combat
[GameManager] Phase: Combat → BattleResult
[GameManager] 戦闘結果: ダイアウルフ — 勝利 (1T) 残HP:25
[GameManager] Phase: BattleResult → Reward
[GameManager] Phase: Reward → MapNavigation
[GameManager] MoveToNode: r3_l0 (phase=MapNavigation)
[GameManager] タイル起動: 戦闘 (r3_l0)
[GameManager] エンカウント: 13番目の死
[GameManager] Phase: MapNavigation → Combat
[GameManager] Phase: Combat → BattleResult
[GameManager] 戦闘結果: 13番目の死 — 勝利 (2T) 残HP:25
[GameManager] Phase: BattleResult → Reward
[GameManager] Phase: Reward → MapNavigation
[GameManager] MoveToNode: r4_l0 (phase=MapNavigation)
[GameManager] タイル起動: 戦闘 (r4_l0)
[GameManager] エンカウント: ゴブリン王
[GameManager] Phase: MapNavigation → Combat
[GameManager] Phase: Combat → BattleResult
[GameManager] 戦闘結果: ゴブリン王 — 勝利 (4T) 残HP:25
[GameManager] Phase: BattleResult → Reward
[GameManager] Phase: Reward → MapNavigation
[GameManager] MoveToNode: r5_l0 (phase=MapNavigation)
[GameManager] タイル起動: 秘宝 (r5_l0)
[GameManager] 宝箱: ゴールド+12, 千手の戦刃
[GameManager] Phase: MapNavigation → TreasureOpen
[GameManager] Phase: TreasureOpen → MapNavigation
[GameManager] MoveToNode: r6_l0 (phase=MapNavigation)
[GameManager] タイル起動: 戦闘 (r6_l0)
[GameManager] エンカウント: ミノタウロス
[GameManager] Phase: MapNavigation → Combat
[GameManager] Phase: Combat → BattleResult
[GameManager] 戦闘結果: ミノタウロス — 勝利 (5T) 残HP:21
[AutoRunner] ラストスタンド発動 (Floor 4)
[AutoRunner] === RUN 85 終了: DEADLOCK (デッドロック) — 移動先なし(MapNavigation) ===

########## RUN 86  [R5 4Fで死亡]  敗北 cause=Starvation
# reached F4 HP 0/1 coins 54 combats 18/19 LS=True
[GameManager] Phase: MapNavigation → RunStart
[GameManager] === ラン開始 === HP:30
[GameManager] Phase: RunStart → FloorIntro
[GameManager] --- フロア 1 [残光の加護] ---
[GameManager] Phase: FloorIntro → MapNavigation
[GameManager] MoveToNode: r1_l0 (phase=MapNavigation)
[GameManager] タイル起動: 秘宝 (r1_l0)
[GameManager] 宝箱: ゴールド+6, 安らぎの靴
[GameManager] Phase: MapNavigation → TreasureOpen
[GameManager] Phase: TreasureOpen → MapNavigation
[GameManager] MoveToNode: r2_l0 (phase=MapNavigation)
[GameManager] タイル起動: 戦闘 (r2_l0)
[GameManager] エンカウント: ゴブリン
[GameManager] Phase: MapNavigation → Combat
[GameManager] Phase: Combat → BattleResult
[GameManager] 戦闘結果: ゴブリン — 勝利 (4T) 残HP:28
[GameManager] Phase: BattleResult → Reward
[GameManager] Phase: Reward → MapNavigation
[GameManager] MoveToNode: r3_l0 (phase=MapNavigation)
[GameManager] タイル起動: 戦闘 (r3_l0)
[GameManager] エンカウント: ゴブリン
[GameManager] Phase: MapNavigation → Combat
[GameManager] Phase: Combat → BattleResult
[GameManager] 戦闘結果: ゴブリン — 勝利 (4T) 残HP:25
[GameManager] Phase: BattleResult → Reward
[GameManager] Phase: Reward → MapNavigation
[GameManager] MoveToNode: r4_l1 (phase=MapNavigation)
[GameManager] タイル起動: 戦闘 (r4_l1)
[GameManager] エンカウント: スライム
[GameManager] Phase: MapNavigation → Combat
[GameManager] Phase: Combat → BattleResult
[GameManager] 戦闘結果: スライム — 勝利 (2T) 残HP:26
[GameManager] Phase: BattleResult → Reward
[GameManager] Phase: Reward → MapNavigation
[GameManager] MoveToNode: r5_l1 (phase=MapNavigation)
[GameManager] タイル起動: 戦闘 (r5_l1)
[GameManager] エンカウント: スライム
[GameManager] Phase: MapNavigation → Combat
[GameManager] Phase: Combat → BattleResult
[GameManager] 戦闘結果: スライム — 勝利 (2T) 残HP:27
[GameManager] Phase: BattleResult → Reward
[GameManager] Phase: Reward → MapNavigation
[GameManager] MoveToNode: r6_l1 (phase=MapNavigation)
[GameManager] タイル起動: イベント (r6_l1)
[GameManager] Phase: MapNavigation → EventEncounter
[GameManager] Phase: EventEncounter → MapNavigation
[GameManager] MoveToNode: r7_l2 (phase=MapNavigation)
[GameManager] タイル起動: 休憩 (r7_l2)
[GameManager] Phase: MapNavigation → RestStop
[GameManager] 休憩回復: +9HP (30%) (現在: 30/30)
[GameManager] Phase: RestStop → MapNavigation
[GameManager] MoveToNode: r8_l2 (phase=MapNavigation)
[GameManager] タイル起動: 秘宝 (r8_l2)
[GameManager] 宝箱: ゴールド+4, 巨人の腕輪
[GameManager] Phase: MapNavigation → TreasureOpen
[GameManager] Phase: TreasureOpen → MapNavigation
[GameManager] MoveToNode: r9_l2 (phase=MapNavigation)
[GameManager] タイル起動: 休憩 (r9_l2)
[GameManager] Phase: MapNavigation → RestStop
[GameManager] 休憩回復: +9HP (30%) (現在: 30/30)
[GameManager] Phase: RestStop → MapNavigation
[GameManager] MoveToNode: boss (phase=MapNavigation)
[GameManager] タイル起動: ボス (boss)
[GameManager] ボス 'boss_layer1' 未定義 — フロア1のプールから抽選
[GameManager] ボス戦: ゴブリン
[GameManager] Phase: MapNavigation → Combat
[GameManager] Phase: Combat → BattleResult
[GameManager] 戦闘結果: ゴブリン — 勝利 (1T) 残HP:30
[GameManager] Phase: BattleResult → Reward
[GameManager] Phase: Reward → FloorClear
[GameManager] フロア1クリア → 次へ
[GameManager] 層デバフ: MaxHP-5 → 25
[GameManager] Phase: FloorClear → FloorIntro
[GameManager] --- フロア 2 [嘆きの共鳴] ---
[GameManager] Phase: FloorIntro → MapNavigation
[GameManager] MoveToNode: r1_l1 (phase=MapNavigation)
[GameManager] タイル起動: 戦闘 (r1_l1)
[GameManager] エンカウント: スケルトン
[GameManager] Phase: MapNavigation → Combat
[GameManager] Phase: Combat → BattleResult
[GameManager] 戦闘結果: スケルトン — 勝利 (2T) 残HP:25
[GameManager] Phase: BattleResult → Reward
[GameManager] Phase: Reward → MapNavigation
[GameManager] MoveToNode: r2_l2 (phase=MapNavigation)
[GameManager] タイル起動: ショップ (r2_l2)
[GameManager] EnterShop called
[GameManager] MapTransitionController.Instance = null
[GameManager] Phase: MapNavigation → ShopVisit
[GameManager] Phase: ShopVisit → MapNavigation
[GameManager] MoveToNode: r3_l1 (phase=MapNavigation)
[GameManager] タイル起動: 秘宝 (r3_l1)
[GameManager] 宝箱: ゴールド+12, 骨のダイス
[GameManager] Phase: MapNavigation → TreasureOpen
[GameManager] Phase: TreasureOpen → MapNavigation
[GameManager] MoveToNode: r4_l2 (phase=MapNavigation)
[GameManager] タイル起動: 戦闘 (r4_l2)
[GameManager] エンカウント: ゴブリン王
[GameManager] Phase: MapNavigation → Combat
[GameManager] Phase: Combat → BattleResult
[GameManager] 戦闘結果: ゴブリン王 — 勝利 (4T) 残HP:25
[GameManager] Phase: BattleResult → Reward
[GameManager] Phase: Reward → MapNavigation
[GameManager] MoveToNode: r5_l2 (phase=MapNavigation)
[GameManager] タイル起動: 秘宝 (r5_l2)
[GameManager] 宝箱: ゴールド+10, 革の手甲
[GameManager] Phase: MapNavigation → TreasureOpen
[GameManager] Phase: TreasureOpen → MapNavigation
[GameManager] MoveToNode: r6_l2 (phase=MapNavigation)
[GameManager] タイル起動: 戦闘 (r6_l2)
[GameManager] エンカウント: コボルド
[GameManager] Phase: MapNavigation → Combat
[GameManager] Phase: Combat → BattleResult
[GameManager] 戦闘結果: コボルド — 勝利 (1T) 残HP:25
[GameManager] Phase: BattleResult → Reward
[GameManager] Phase: Reward → MapNavigation
[GameManager] MoveToNode: r7_l2 (phase=MapNavigation)
[GameManager] タイル起動: ショップ (r7_l2)
[GameManager] EnterShop called
[GameManager] MapTransitionController.Instance = null
[GameManager] Phase: MapNavigation → ShopVisit
[GameManager] Phase: ShopVisit → MapNavigation
[GameManager] MoveToNode: r8_l2 (phase=MapNavigation)
[GameManager] タイル起動: 秘宝 (r8_l2)
[GameManager] 宝箱: ゴールド+10, 血のダイス
[GameManager] Phase: MapNavigation → TreasureOpen
[GameManager] Phase: TreasureOpen → MapNavigation
[GameManager] MoveToNode: r9_l2 (phase=MapNavigation)
[GameManager] タイル起動: 休憩 (r9_l2)
[GameManager] Phase: MapNavigation → RestStop
[GameManager] 休憩回復: +8HP (30%) (現在: 25/25)
[GameManager] Phase: RestStop → MapNavigation
[GameManager] MoveToNode: boss (phase=MapNavigation)
[GameManager] タイル起動: ボス (boss)
[GameManager] ボス戦: ゴブリン王
[GameManager] Phase: MapNavigation → Combat
[GameManager] Phase: Combat → BattleResult
[GameManager] 戦闘結果: ゴブリン王 — 勝利 (3T) 残HP:25
[GameManager] Phase: BattleResult → Reward
[GameManager] Phase: Reward → FloorClear
[GameManager] フロア2クリア → 次へ
[GameManager] Phase: FloorClear → FloorIntro
[GameManager] --- フロア 3 [瘴気侵蝕] ---
[GameManager] Phase: FloorIntro → MapNavigation
[GameManager] MoveToNode: r1_l0 (phase=MapNavigation)
[GameManager] タイル起動: 戦闘 (r1_l0)
[GameManager] エンカウント: スライム
[GameManager] Phase: MapNavigation → Combat
[GameManager] Phase: Combat → BattleResult
[GameManager] 戦闘結果: スライム — 勝利 (1T) 残HP:25
[GameManager] 層デバフ: 戦闘後2ダメージ (HP:23)
[GameManager] Phase: BattleResult → Reward
[GameManager] Phase: Reward → MapNavigation
[GameManager] MoveToNode: r2_l0 (phase=MapNavigation)
[GameManager] タイル起動: 秘宝 (r2_l0)
[GameManager] 宝箱: ゴールド+18, 観察者の眼鏡
[GameManager] Phase: MapNavigation → TreasureOpen
[GameManager] Phase: TreasureOpen → MapNavigation
[GameManager] MoveToNode: r3_l0 (phase=MapNavigation)
[GameManager] タイル起動: 戦闘 (r3_l0)
[GameManager] エンカウント: オーク
[GameManager] Phase: MapNavigation → Combat
[GameManager] Phase: Combat → BattleResult
[GameManager] 戦闘結果: オーク — 勝利 (3T) 残HP:25
[GameManager] 層デバフ: 戦闘後2ダメージ (HP:23)
[GameManager] Phase: BattleResult → Reward
[GameManager] Phase: Reward → MapNavigation
[GameManager] MoveToNode: r4_l0 (phase=MapNavigation)
[GameManager] タイル起動: 戦闘 (r4_l0)
[GameManager] エンカウント: ゴブリン王
[GameManager] Phase: MapNavigation → Combat
[GameManager] Phase: Combat → BattleResult
[GameManager] 戦闘結果: ゴブリン王 — 勝利 (3T) 残HP:24
[GameManager] 層デバフ: 戦闘後2ダメージ (HP:22)
[GameManager] Phase: BattleResult → Reward
[GameManager] Phase: Reward → MapNavigation
[GameManager] MoveToNode: r5_l0 (phase=MapNavigation)
[GameManager] タイル起動: ショップ (r5_l0)
[GameManager] EnterShop called
[GameManager] MapTransitionController.Instance = null
[GameManager] Phase: MapNavigation → ShopVisit
[GameManager] Phase: ShopVisit → MapNavigation
[GameManager] MoveToNode: r6_l0 (phase=MapNavigation)
[GameManager] タイル起動: 戦闘 (r6_l0)
[GameManager] エンカウント: 凍れる吟遊詩人
[GameManager] Phase: MapNavigation → Combat
[GameManager] Phase: Combat → BattleResult
[GameManager] 戦闘結果: 凍れる吟遊詩人 — 勝利 (3T) 残HP:24
[GameManager] 層デバフ: 戦闘後2ダメージ (HP:22)
[GameManager] Phase: BattleResult → Reward
[GameManager] Phase: Reward → MapNavigation
[GameManager] MoveToNode: r7_l0 (phase=MapNavigation)
[GameManager] タイル起動: 戦闘 (r7_l0)
[GameManager] エンカウント: 凍れる吟遊詩人
[GameManager] Phase: MapNavigation → Combat
[GameManager] Phase: Combat → BattleResult
[GameManager] 戦闘結果: 凍れる吟遊詩人 — 勝利 (3T) 残HP:23
[GameManager] 層デバフ: 戦闘後2ダメージ (HP:21)
[GameManager] Phase: BattleResult → Reward
[GameManager] Phase: Reward → MapNavigation
[GameManager] MoveToNode: r8_l0 (phase=MapNavigation)
[GameManager] タイル起動: 秘宝 (r8_l0)
[GameManager] 宝箱: ゴールド+12, 食通の懐刀
[GameManager] Phase: MapNavigation → TreasureOpen
[GameManager] Phase: TreasureOpen → MapNavigation
[GameManager] MoveToNode: r9_l0 (phase=MapNavigation)
[GameManager] タイル起動: 休憩 (r9_l0)
[GameManager] Phase: MapNavigation → RestStop
[GameManager] 休憩回復: +13HP (50%) (現在: 25/25)
[GameManager] Phase: RestStop → MapNavigation
[GameManager] MoveToNode: boss (phase=MapNavigation)
[GameManager] タイル起動: ボス (boss)
[GameManager] ボス戦: 凍れる吟遊詩人
[GameManager] Phase: MapNavigation → Combat
[GameManager] Phase: Combat → BattleResult
[GameManager] 戦闘結果: 凍れる吟遊詩人 — 勝利 (3T) 残HP:25
[GameManager] 層デバフ: 戦闘後2ダメージ (HP:23)
[GameManager] Phase: BattleResult → Reward
[GameManager] Phase: Reward → FloorClear
[GameManager] フロア3クリア → 次へ
[GameManager] Phase: FloorClear → FloorIntro
[GameManager] --- フロア 4 [煉獄の刻印] ---
[GameManager] Phase: FloorIntro → MapNavigation
[GameManager] MoveToNode: r1_l1 (phase=MapNavigation)
[GameManager] タイル起動: 戦闘 (r1_l1)
[GameManager] エンカウント: ミノタウロス
[GameManager] Phase: MapNavigation → Combat
[GameManager] Phase: Combat → BattleResult
[GameManager] 戦闘結果: ミノタウロス — 勝利 (2T) 残HP:25
[GameManager] Phase: BattleResult → Reward
[GameManager] Phase: Reward → MapNavigation
[GameManager] MoveToNode: r2_l2 (phase=MapNavigation)
[GameManager] タイル起動: ショップ (r2_l2)
[GameManager] EnterShop called
[GameManager] MapTransitionController.Instance = null
[GameManager] Phase: MapNavigation → ShopVisit
[GameManager] Phase: ShopVisit → MapNavigation
[GameManager] MoveToNode: r3_l1 (phase=MapNavigation)
[GameManager] タイル起動: 戦闘 (r3_l1)
[GameManager] エンカウント: 鏡の双子
[GameManager] Phase: MapNavigation → Combat
[GameManager] Phase: Combat → BattleResult
[GameManager] 戦闘結果: 鏡の双子 — 敗北 (3T) 残HP:0
[GameManager] 救済発動: マップへ戻る
[GameManager] Phase: BattleResult → MapNavigation
[AutoRunner] ラストスタンド発動 (Floor 4)
[GameManager] MoveToNode: r4_l1 (phase=MapNavigation)
[GameManager] タイル起動: ショップ (r4_l1)
[GameManager] EnterShop called
[GameManager] MapTransitionController.Instance = null
[GameManager] Phase: MapNavigation → ShopVisit
[AutoRunner] === RUN 86 終了: R5 (4Fで死亡) — 敗北 cause=Starvation ===

########## RUN 87  [R5 4Fで死亡]  敗北 cause=Starvation
# reached F4 HP 0/1 coins 133 combats 20/21 LS=True
[GameManager] Phase: GameOver → Title
[GameManager] Phase: Title → RunStart
[GameManager] === ラン開始 === HP:30
[GameManager] Phase: RunStart → FloorIntro
[GameManager] --- フロア 1 [残光の加護] ---
[GameManager] Phase: FloorIntro → MapNavigation
[GameManager] MoveToNode: r1_l1 (phase=MapNavigation)
[GameManager] タイル起動: 戦闘 (r1_l1)
[GameManager] エンカウント: ゴブリン
[GameManager] Phase: MapNavigation → Combat
[GameManager] Phase: Combat → BattleResult
[GameManager] 戦闘結果: ゴブリン — 勝利 (2T) 残HP:30
[GameManager] Phase: BattleResult → Reward
[GameManager] Phase: Reward → MapNavigation
[GameManager] MoveToNode: r2_l1 (phase=MapNavigation)
[GameManager] タイル起動: 秘宝 (r2_l1)
[GameManager] 宝箱: ゴールド+7, 灯心の鈴
[GameManager] Phase: MapNavigation → TreasureOpen
[GameManager] Phase: TreasureOpen → MapNavigation
[GameManager] MoveToNode: r3_l0 (phase=MapNavigation)
[GameManager] タイル起動: 戦闘 (r3_l0)
[GameManager] エンカウント: ゴブリン
[GameManager] Phase: MapNavigation → Combat
[GameManager] Phase: Combat → BattleResult
[GameManager] 戦闘結果: ゴブリン — 勝利 (2T) 残HP:30
[GameManager] Phase: BattleResult → Reward
[GameManager] Phase: Reward → MapNavigation
[GameManager] MoveToNode: r4_l0 (phase=MapNavigation)
[GameManager] タイル起動: 罠 (r4_l0)
[GameManager] Phase: MapNavigation → TrapTriggered
[GameManager] Phase: TrapTriggered → MapNavigation
[GameManager] MoveToNode: r5_l1 (phase=MapNavigation)
[GameManager] タイル起動: 戦闘 (r5_l1)
[GameManager] エンカウント: ゴブリン
[GameManager] Phase: MapNavigation → Combat
[GameManager] Phase: Combat → BattleResult
[GameManager] 戦闘結果: ゴブリン — 勝利 (2T) 残HP:30
[GameManager] Phase: BattleResult → Reward
[GameManager] Phase: Reward → MapNavigation
[GameManager] MoveToNode: r6_l1 (phase=MapNavigation)
[GameManager] タイル起動: 戦闘 (r6_l1)
[GameManager] エンカウント: ゴブリン
[GameManager] Phase: MapNavigation → Combat
[GameManager] Phase: Combat → BattleResult
[GameManager] 戦闘結果: ゴブリン — 勝利 (2T) 残HP:30
[GameManager] Phase: BattleResult → Reward
[GameManager] Phase: Reward → MapNavigation
[GameManager] MoveToNode: r7_l0 (phase=MapNavigation)
[GameManager] タイル起動: 戦闘 (r7_l0)
[GameManager] エンカウント: ゴブリン
[GameManager] Phase: MapNavigation → Combat
[GameManager] Phase: Combat → BattleResult
[GameManager] 戦闘結果: ゴブリン — 勝利 (1T) 残HP:30
[GameManager] Phase: BattleResult → Reward
[GameManager] Phase: Reward → MapNavigation
[GameManager] MoveToNode: r8_l0 (phase=MapNavigation)
[GameManager] タイル起動: 秘宝 (r8_l0)
[GameManager] 宝箱: ゴールド+3, 黄金の天秤
[GameManager] Phase: MapNavigation → TreasureOpen
[GameManager] Phase: TreasureOpen → MapNavigation
[GameManager] MoveToNode: r9_l0 (phase=MapNavigation)
[GameManager] タイル起動: 休憩 (r9_l0)
[GameManager] Phase: MapNavigation → RestStop
[GameManager] 休憩回復: +9HP (30%) (現在: 30/30)
[GameManager] Phase: RestStop → MapNavigation
[GameManager] MoveToNode: boss (phase=MapNavigation)
[GameManager] タイル起動: ボス (boss)
[GameManager] ボス 'boss_layer1' 未定義 — フロア1のプールから抽選
[GameManager] ボス戦: スライム
[GameManager] Phase: MapNavigation → Combat
[GameManager] Phase: Combat → BattleResult
[GameManager] 戦闘結果: スライム — 勝利 (3T) 残HP:30
[GameManager] Phase: BattleResult → Reward
[GameManager] Phase: Reward → FloorClear
[GameManager] フロア1クリア → 次へ
[GameManager] 層デバフ: MaxHP-5 → 25
[GameManager] Phase: FloorClear → FloorIntro
[GameManager] --- フロア 2 [嘆きの共鳴] ---
[GameManager] Phase: FloorIntro → MapNavigation
[GameManager] MoveToNode: r1_l0 (phase=MapNavigation)
[GameManager] タイル起動: イベント (r1_l0)
[GameManager] Phase: MapNavigation → EventEncounter
[GameManager] Phase: EventEncounter → MapNavigation
[GameManager] MoveToNode: r2_l1 (phase=MapNavigation)
[GameManager] タイル起動: 秘宝 (r2_l1)
[GameManager] 宝箱: ゴールド+8, 鋼鉄の腕輪
[GameManager] Phase: MapNavigation → TreasureOpen
[GameManager] Phase: TreasureOpen → MapNavigation
[GameManager] MoveToNode: r3_l1 (phase=MapNavigation)
[GameManager] タイル起動: 戦闘 (r3_l1)
[GameManager] エンカウント: ゴブリン王
[GameManager] Phase: MapNavigation → Combat
[GameManager] Phase: Combat → BattleResult
[GameManager] 戦闘結果: ゴブリン王 — 勝利 (3T) 残HP:25
[GameManager] Phase: BattleResult → Reward
[GameManager] Phase: Reward → MapNavigation
[GameManager] MoveToNode: r4_l1 (phase=MapNavigation)
[GameManager] タイル起動: 秘宝 (r4_l1)
[GameManager] 宝箱: ゴールド+14, 黄昏の懐中時計
[GameManager] Phase: MapNavigation → TreasureOpen
[GameManager] Phase: TreasureOpen → MapNavigation
[GameManager] MoveToNode: r5_l1 (phase=MapNavigation)
[GameManager] タイル起動: 罠 (r5_l1)
[GameManager] Phase: MapNavigation → TrapTriggered
[GameManager] Phase: TrapTriggered → MapNavigation
[GameManager] MoveToNode: r6_l1 (phase=MapNavigation)
[GameManager] タイル起動: 戦闘 (r6_l1)
[GameManager] エンカウント: 13番目の死
[GameManager] Phase: MapNavigation → Combat
[GameManager] Phase: Combat → BattleResult
[GameManager] 戦闘結果: 13番目の死 — 勝利 (2T) 残HP:25
[GameManager] Phase: BattleResult → Reward
[GameManager] Phase: Reward → MapNavigation
[GameManager] MoveToNode: r7_l1 (phase=MapNavigation)
[GameManager] タイル起動: 戦闘 (r7_l1)
[GameManager] エンカウント: ダイアウルフ
[GameManager] Phase: MapNavigation → Combat
[GameManager] Phase: Combat → BattleResult
[GameManager] 戦闘結果: ダイアウルフ — 勝利 (1T) 残HP:25
[GameManager] Phase: BattleResult → Reward
[GameManager] Phase: Reward → MapNavigation
[GameManager] MoveToNode: r8_l1 (phase=MapNavigation)
[GameManager] タイル起動: 秘宝 (r8_l1)
[GameManager] 宝箱: ゴールド+10, 不動の胸当て
[GameManager] Phase: MapNavigation → TreasureOpen
[GameManager] Phase: TreasureOpen → MapNavigation
[GameManager] MoveToNode: r9_l1 (phase=MapNavigation)
[GameManager] タイル起動: 休憩 (r9_l1)
[GameManager] Phase: MapNavigation → RestStop
[GameManager] 休憩回復: +8HP (30%) (現在: 25/25)
[GameManager] Phase: RestStop → MapNavigation
[GameManager] MoveToNode: boss (phase=MapNavigation)
[GameManager] タイル起動: ボス (boss)
[GameManager] ボス戦: ゴブリン王
[GameManager] Phase: MapNavigation → Combat
[GameManager] Phase: Combat → BattleResult
[GameManager] 戦闘結果: ゴブリン王 — 勝利 (5T) 残HP:25
[GameManager] Phase: BattleResult → Reward
[GameManager] Phase: Reward → FloorClear
[GameManager] フロア2クリア → 次へ
[GameManager] Phase: FloorClear → FloorIntro
[GameManager] --- フロア 3 [瘴気侵蝕] ---
[GameManager] Phase: FloorIntro → MapNavigation
[GameManager] MoveToNode: r1_l1 (phase=MapNavigation)
[GameManager] タイル起動: 戦闘 (r1_l1)
[GameManager] エンカウント: ハーピィ
[GameManager] Phase: MapNavigation → Combat
[GameManager] Phase: Combat → BattleResult
[GameManager] 戦闘結果: ハーピィ — 勝利 (4T) 残HP:25
[GameManager] 層デバフ: 戦闘後2ダメージ (HP:23)
[GameManager] Phase: BattleResult → Reward
[GameManager] Phase: Reward → MapNavigation
[GameManager] MoveToNode: r2_l1 (phase=MapNavigation)
[GameManager] タイル起動: 戦闘 (r2_l1)
[GameManager] エンカウント: 凍れる吟遊詩人
[GameManager] Phase: MapNavigation → Combat
[GameManager] Phase: Combat → BattleResult
[GameManager] 戦闘結果: 凍れる吟遊詩人 — 勝利 (3T) 残HP:25
[GameManager] 層デバフ: 戦闘後2ダメージ (HP:23)
[GameManager] Phase: BattleResult → Reward
[GameManager] Phase: Reward → MapNavigation
[GameManager] MoveToNode: r3_l0 (phase=MapNavigation)
[GameManager] タイル起動: 戦闘 (r3_l0)
[GameManager] エンカウント: コボルド
[GameManager] Phase: MapNavigation → Combat
[GameManager] Phase: Combat → BattleResult
[GameManager] 戦闘結果: コボルド — 勝利 (2T) 残HP:25
[GameManager] 層デバフ: 戦闘後2ダメージ (HP:23)
[GameManager] Phase: BattleResult → Reward
[GameManager] Phase: Reward → MapNavigation
[GameManager] MoveToNode: r4_l0 (phase=MapNavigation)
[GameManager] タイル起動: 戦闘 (r4_l0)
[GameManager] エンカウント: ハーピィ
[GameManager] Phase: MapNavigation → Combat
[GameManager] Phase: Combat → BattleResult
[GameManager] 戦闘結果: ハーピィ — 勝利 (4T) 残HP:25
[GameManager] 層デバフ: 戦闘後2ダメージ (HP:23)
[GameManager] Phase: BattleResult → Reward
[GameManager] Phase: Reward → MapNavigation
[GameManager] MoveToNode: r5_l1 (phase=MapNavigation)
[GameManager] タイル起動: イベント (r5_l1)
[GameManager] Phase: MapNavigation → EventEncounter
[GameManager] Phase: EventEncounter → MapNavigation
[GameManager] MoveToNode: r6_l1 (phase=MapNavigation)
[GameManager] タイル起動: ショップ (r6_l1)
[GameManager] EnterShop called
[GameManager] MapTransitionController.Instance = null
[GameManager] Phase: MapNavigation → ShopVisit
[GameManager] Phase: ShopVisit → MapNavigation
[GameManager] MoveToNode: r7_l2 (phase=MapNavigation)
[GameManager] タイル起動: 戦闘 (r7_l2)
[GameManager] エンカウント: ハーピィ
[GameManager] Phase: MapNavigation → Combat
[GameManager] Phase: Combat → BattleResult
[GameManager] 戦闘結果: ハーピィ — 勝利 (2T) 残HP:25
[GameManager] 層デバフ: 戦闘後2ダメージ (HP:23)
[GameManager] Phase: BattleResult → Reward
[GameManager] Phase: Reward → MapNavigation
[GameManager] MoveToNode: r8_l2 (phase=MapNavigation)
[GameManager] タイル起動: 秘宝 (r8_l2)
[GameManager] 宝箱: ゴールド+21, 治癒の指輪
[GameManager] Phase: MapNavigation → TreasureOpen
[GameManager] Phase: TreasureOpen → MapNavigation
[GameManager] MoveToNode: r9_l2 (phase=MapNavigation)
[GameManager] タイル起動: 休憩 (r9_l2)
[GameManager] Phase: MapNavigation → RestStop
[GameManager] 休憩回復: +13HP (50%) (現在: 25/25)
[GameManager] Phase: RestStop → MapNavigation
[GameManager] MoveToNode: boss (phase=MapNavigation)
[GameManager] タイル起動: ボス (boss)
[GameManager] ボス戦: 凍れる吟遊詩人
[GameManager] Phase: MapNavigation → Combat
[GameManager] Phase: Combat → BattleResult
[GameManager] 戦闘結果: 凍れる吟遊詩人 — 勝利 (4T) 残HP:25
[GameManager] 層デバフ: 戦闘後2ダメージ (HP:23)
[GameManager] Phase: BattleResult → Reward
[GameManager] Phase: Reward → FloorClear
[GameManager] フロア3クリア → 次へ
[GameManager] Phase: FloorClear → FloorIntro
[GameManager] --- フロア 4 [煉獄の刻印] ---
[GameManager] Phase: FloorIntro → MapNavigation
[GameManager] MoveToNode: r1_l1 (phase=MapNavigation)
[GameManager] タイル起動: ショップ (r1_l1)
[GameManager] EnterShop called
[GameManager] MapTransitionController.Instance = null
[GameManager] Phase: MapNavigation → ShopVisit
[GameManager] Phase: ShopVisit → MapNavigation
[GameManager] MoveToNode: r2_l0 (phase=MapNavigation)
[GameManager] タイル起動: 戦闘 (r2_l0)
[GameManager] エンカウント: 鏡の双子
[GameManager] Phase: MapNavigation → Combat
[GameManager] Phase: Combat → BattleResult
[GameManager] 戦闘結果: 鏡の双子 — 勝利 (5T) 残HP:21
[GameManager] Phase: BattleResult → Reward
[GameManager] Phase: Reward → MapNavigation
[GameManager] MoveToNode: r3_l0 (phase=MapNavigation)
[GameManager] タイル起動: 戦闘 (r3_l0)
[GameManager] エンカウント: 鏡の双子
[GameManager] Phase: MapNavigation → Combat
[GameManager] Phase: Combat → BattleResult
[GameManager] 戦闘結果: 鏡の双子 — 敗北 (4T) 残HP:0
[GameManager] 救済発動: マップへ戻る
[GameManager] Phase: BattleResult → MapNavigation
[AutoRunner] ラストスタンド発動 (Floor 4)
[GameManager] MoveToNode: r4_l0 (phase=MapNavigation)
[GameManager] タイル起動: 戦闘 (r4_l0)
[GameManager] エンカウント: 鏡の双子
[GameManager] Phase: MapNavigation → Combat
[GameManager] Phase: Combat → BattleResult
[GameManager] 戦闘結果: 鏡の双子 — 勝利 (4T) 残HP:1
[AutoRunner] === RUN 87 終了: R5 (4Fで死亡) — 敗北 cause=Starvation ===

########## RUN 88  [R6 5F道中/カルマで死亡]  敗北 cause=Starvation
# reached F5 HP 0/1 coins 165 combats 24/25 LS=True
[GameManager] Phase: GameOver → Title
[GameManager] Phase: Title → RunStart
[GameManager] === ラン開始 === HP:30
[GameManager] Phase: RunStart → FloorIntro
[GameManager] --- フロア 1 [残光の加護] ---
[GameManager] Phase: FloorIntro → MapNavigation
[GameManager] MoveToNode: r1_l0 (phase=MapNavigation)
[GameManager] タイル起動: 戦闘 (r1_l0)
[GameManager] エンカウント: ゴブリン
[GameManager] Phase: MapNavigation → Combat
[GameManager] Phase: Combat → BattleResult
[GameManager] 戦闘結果: ゴブリン — 勝利 (2T) 残HP:30
[GameManager] Phase: BattleResult → Reward
[GameManager] Phase: Reward → MapNavigation
[GameManager] MoveToNode: r2_l0 (phase=MapNavigation)
[GameManager] タイル起動: 秘宝 (r2_l0)
[GameManager] 宝箱: ゴールド+7, 力帯
[GameManager] Phase: MapNavigation → TreasureOpen
[GameManager] Phase: TreasureOpen → MapNavigation
[GameManager] MoveToNode: r3_l0 (phase=MapNavigation)
[GameManager] タイル起動: 秘宝 (r3_l0)
[GameManager] 宝箱: ゴールド+6, 骨のダイス
[GameManager] Phase: MapNavigation → TreasureOpen
[GameManager] Phase: TreasureOpen → MapNavigation
[GameManager] MoveToNode: r4_l0 (phase=MapNavigation)
[GameManager] タイル起動: 戦闘 (r4_l0)
[GameManager] エンカウント: スライム
[GameManager] Phase: MapNavigation → Combat
[GameManager] Phase: Combat → BattleResult
[GameManager] 戦闘結果: スライム — 勝利 (1T) 残HP:30
[GameManager] Phase: BattleResult → Reward
[GameManager] Phase: Reward → MapNavigation
[GameManager] MoveToNode: r5_l0 (phase=MapNavigation)
[GameManager] タイル起動: 戦闘 (r5_l0)
[GameManager] エンカウント: スライム
[GameManager] Phase: MapNavigation → Combat
[GameManager] Phase: Combat → BattleResult
[GameManager] 戦闘結果: スライム — 勝利 (1T) 残HP:30
[GameManager] Phase: BattleResult → Reward
[GameManager] Phase: Reward → MapNavigation
[GameManager] MoveToNode: r6_l0 (phase=MapNavigation)
[GameManager] タイル起動: イベント (r6_l0)
[GameManager] Phase: MapNavigation → EventEncounter
[GameManager] Phase: EventEncounter → MapNavigation
[GameManager] MoveToNode: r7_l0 (phase=MapNavigation)
[GameManager] タイル起動: 罠 (r7_l0)
[GameManager] Phase: MapNavigation → TrapTriggered
[GameManager] Phase: TrapTriggered → MapNavigation
[GameManager] MoveToNode: r8_l0 (phase=MapNavigation)
[GameManager] タイル起動: 秘宝 (r8_l0)
[GameManager] 宝箱: ゴールド+2, 癒しの靴
[GameManager] Phase: MapNavigation → TreasureOpen
[GameManager] Phase: TreasureOpen → MapNavigation
[GameManager] MoveToNode: r9_l0 (phase=MapNavigation)
[GameManager] タイル起動: 休憩 (r9_l0)
[GameManager] Phase: MapNavigation → RestStop
[GameManager] 休憩回復: +9HP (30%) (現在: 30/30)
[GameManager] Phase: RestStop → MapNavigation
[GameManager] MoveToNode: boss (phase=MapNavigation)
[GameManager] タイル起動: ボス (boss)
[GameManager] ボス 'boss_layer1' 未定義 — フロア1のプールから抽選
[GameManager] ボス戦: スライム
[GameManager] Phase: MapNavigation → Combat
[GameManager] Phase: Combat → BattleResult
[GameManager] 戦闘結果: スライム — 勝利 (1T) 残HP:30
[GameManager] Phase: BattleResult → Reward
[GameManager] Phase: Reward → FloorClear
[GameManager] フロア1クリア → 次へ
[GameManager] 層デバフ: MaxHP-5 → 25
[GameManager] Phase: FloorClear → FloorIntro
[GameManager] --- フロア 2 [嘆きの共鳴] ---
[GameManager] Phase: FloorIntro → MapNavigation
[GameManager] MoveToNode: r1_l1 (phase=MapNavigation)
[GameManager] タイル起動: 戦闘 (r1_l1)
[GameManager] エンカウント: スケルトン
[GameManager] Phase: MapNavigation → Combat
[GameManager] Phase: Combat → BattleResult
[GameManager] 戦闘結果: スケルトン — 勝利 (2T) 残HP:25
[GameManager] Phase: BattleResult → Reward
[GameManager] Phase: Reward → MapNavigation
[GameManager] MoveToNode: r2_l2 (phase=MapNavigation)
[GameManager] タイル起動: 戦闘 (r2_l2)
[GameManager] エンカウント: ゴブリン
[GameManager] Phase: MapNavigation → Combat
[GameManager] Phase: Combat → BattleResult
[GameManager] 戦闘結果: ゴブリン — 勝利 (1T) 残HP:25
[GameManager] Phase: BattleResult → Reward
[GameManager] Phase: Reward → MapNavigation
[GameManager] MoveToNode: r3_l2 (phase=MapNavigation)
[GameManager] タイル起動: イベント (r3_l2)
[GameManager] Phase: MapNavigation → EventEncounter
[GameManager] Phase: EventEncounter → MapNavigation
[GameManager] MoveToNode: r4_l2 (phase=MapNavigation)
[GameManager] タイル起動: 戦闘 (r4_l2)
[GameManager] エンカウント: ゴブリン王
[GameManager] Phase: MapNavigation → Combat
[GameManager] Phase: Combat → BattleResult
[GameManager] 戦闘結果: ゴブリン王 — 勝利 (6T) 残HP:25
[GameManager] Phase: BattleResult → Reward
[GameManager] Phase: Reward → MapNavigation
[GameManager] MoveToNode: r5_l2 (phase=MapNavigation)
[GameManager] タイル起動: イベント (r5_l2)
[GameManager] Phase: MapNavigation → EventEncounter
[GameManager] Phase: EventEncounter → MapNavigation
[GameManager] MoveToNode: r6_l2 (phase=MapNavigation)
[GameManager] タイル起動: 罠 (r6_l2)
[GameManager] Phase: MapNavigation → TrapTriggered
[GameManager] Phase: TrapTriggered → MapNavigation
[GameManager] MoveToNode: r7_l2 (phase=MapNavigation)
[GameManager] タイル起動: イベント (r7_l2)
[GameManager] Phase: MapNavigation → EventEncounter
[GameManager] Phase: EventEncounter → MapNavigation
[GameManager] MoveToNode: r8_l2 (phase=MapNavigation)
[GameManager] タイル起動: 秘宝 (r8_l2)
[GameManager] 宝箱: ゴールド+14, 鎖帷子
[GameManager] Phase: MapNavigation → TreasureOpen
[GameManager] Phase: TreasureOpen → MapNavigation
[GameManager] MoveToNode: r9_l2 (phase=MapNavigation)
[GameManager] タイル起動: 休憩 (r9_l2)
[GameManager] Phase: MapNavigation → RestStop
[GameManager] 休憩回復: +8HP (30%) (現在: 25/25)
[GameManager] Phase: RestStop → MapNavigation
[GameManager] MoveToNode: boss (phase=MapNavigation)
[GameManager] タイル起動: ボス (boss)
[GameManager] ボス戦: ゴブリン王
[GameManager] Phase: MapNavigation → Combat
[GameManager] Phase: Combat → BattleResult
[GameManager] 戦闘結果: ゴブリン王 — 勝利 (8T) 残HP:25
[GameManager] Phase: BattleResult → Reward
[GameManager] Phase: Reward → FloorClear
[GameManager] フロア2クリア → 次へ
[GameManager] Phase: FloorClear → FloorIntro
[GameManager] --- フロア 3 [瘴気侵蝕] ---
[GameManager] Phase: FloorIntro → MapNavigation
[GameManager] MoveToNode: r1_l0 (phase=MapNavigation)
[GameManager] タイル起動: 戦闘 (r1_l0)
[GameManager] エンカウント: オーク
[GameManager] Phase: MapNavigation → Combat
[GameManager] Phase: Combat → BattleResult
[GameManager] 戦闘結果: オーク — 勝利 (4T) 残HP:25
[GameManager] 層デバフ: 戦闘後2ダメージ (HP:23)
[GameManager] Phase: BattleResult → Reward
[GameManager] Phase: Reward → MapNavigation
[GameManager] MoveToNode: r2_l0 (phase=MapNavigation)
[GameManager] タイル起動: 戦闘 (r2_l0)
[GameManager] エンカウント: 凍れる吟遊詩人
[GameManager] Phase: MapNavigation → Combat
[GameManager] Phase: Combat → BattleResult
[GameManager] 戦闘結果: 凍れる吟遊詩人 — 勝利 (5T) 残HP:25
[GameManager] 層デバフ: 戦闘後2ダメージ (HP:23)
[GameManager] Phase: BattleResult → Reward
[GameManager] Phase: Reward → MapNavigation
[GameManager] MoveToNode: r3_l0 (phase=MapNavigation)
[GameManager] タイル起動: イベント (r3_l0)
[GameManager] Phase: MapNavigation → EventEncounter
[GameManager] Phase: EventEncounter → MapNavigation
[GameManager] MoveToNode: r4_l0 (phase=MapNavigation)
[GameManager] タイル起動: 戦闘 (r4_l0)
[GameManager] エンカウント: 凍れる吟遊詩人
[GameManager] Phase: MapNavigation → Combat
[GameManager] Phase: Combat → BattleResult
[GameManager] 戦闘結果: 凍れる吟遊詩人 — 勝利 (10T) 残HP:25
[GameManager] 層デバフ: 戦闘後2ダメージ (HP:23)
[GameManager] Phase: BattleResult → Reward
[GameManager] Phase: Reward → MapNavigation
[GameManager] MoveToNode: r5_l0 (phase=MapNavigation)
[GameManager] タイル起動: 戦闘 (r5_l0)
[GameManager] エンカウント: ゴブリン王
[GameManager] Phase: MapNavigation → Combat
[GameManager] Phase: Combat → BattleResult
[GameManager] 戦闘結果: ゴブリン王 — 勝利 (6T) 残HP:25
[GameManager] 層デバフ: 戦闘後2ダメージ (HP:23)
[GameManager] Phase: BattleResult → Reward
[GameManager] Phase: Reward → MapNavigation
[GameManager] MoveToNode: r6_l0 (phase=MapNavigation)
[GameManager] タイル起動: ショップ (r6_l0)
[GameManager] EnterShop called
[GameManager] MapTransitionController.Instance = null
[GameManager] Phase: MapNavigation → ShopVisit
[GameManager] Phase: ShopVisit → MapNavigation
[GameManager] MoveToNode: r7_l0 (phase=MapNavigation)
[GameManager] タイル起動: 罠 (r7_l0)
[GameManager] Phase: MapNavigation → TrapTriggered
[GameManager] Phase: TrapTriggered → MapNavigation
[GameManager] MoveToNode: r8_l0 (phase=MapNavigation)
[GameManager] タイル起動: 秘宝 (r8_l0)
[GameManager] 宝箱: ゴールド+18, 鉄のダイス
[GameManager] Phase: MapNavigation → TreasureOpen
[GameManager] Phase: TreasureOpen → MapNavigation
[GameManager] MoveToNode: r9_l0 (phase=MapNavigation)
[GameManager] タイル起動: 休憩 (r9_l0)
[GameManager] Phase: MapNavigation → RestStop
[GameManager] 休憩回復: +13HP (50%) (現在: 25/25)
[GameManager] Phase: RestStop → MapNavigation
[GameManager] MoveToNode: boss (phase=MapNavigation)
[GameManager] タイル起動: ボス (boss)
[GameManager] ボス戦: 凍れる吟遊詩人
[GameManager] Phase: MapNavigation → Combat
[GameManager] Phase: Combat → BattleResult
[GameManager] 戦闘結果: 凍れる吟遊詩人 — 勝利 (6T) 残HP:25
[GameManager] 層デバフ: 戦闘後2ダメージ (HP:23)
[GameManager] Phase: BattleResult → Reward
[GameManager] Phase: Reward → FloorClear
[GameManager] フロア3クリア → 次へ
[GameManager] Phase: FloorClear → FloorIntro
[GameManager] --- フロア 4 [煉獄の刻印] ---
[GameManager] Phase: FloorIntro → MapNavigation
[GameManager] MoveToNode: r1_l2 (phase=MapNavigation)
[GameManager] タイル起動: 秘宝 (r1_l2)
[GameManager] 宝箱: ゴールド+24, 大回復ポーション
[GameManager] Phase: MapNavigation → TreasureOpen
[GameManager] Phase: TreasureOpen → MapNavigation
[GameManager] MoveToNode: r2_l2 (phase=MapNavigation)
[GameManager] タイル起動: 戦闘 (r2_l2)
[GameManager] エンカウント: ミノタウロス
[GameManager] Phase: MapNavigation → Combat
[GameManager] Phase: Combat → BattleResult
[GameManager] 戦闘結果: ミノタウロス — 勝利 (6T) 残HP:22
[GameManager] Phase: BattleResult → Reward
[GameManager] Phase: Reward → MapNavigation
[GameManager] MoveToNode: r3_l1 (phase=MapNavigation)
[GameManager] タイル起動: ショップ (r3_l1)
[GameManager] EnterShop called
[GameManager] MapTransitionController.Instance = null
[GameManager] Phase: MapNavigation → ShopVisit
[GameManager] Phase: ShopVisit → MapNavigation
[GameManager] MoveToNode: r4_l0 (phase=MapNavigation)
[GameManager] タイル起動: 戦闘 (r4_l0)
[GameManager] エンカウント: ゴブリン
[GameManager] Phase: MapNavigation → Combat
[GameManager] Phase: Combat → BattleResult
[GameManager] 戦闘結果: ゴブリン — 勝利 (2T) 残HP:25
[GameManager] Phase: BattleResult → Reward
[GameManager] Phase: Reward → MapNavigation
[GameManager] MoveToNode: r5_l0 (phase=MapNavigation)
[GameManager] タイル起動: 戦闘 (r5_l0)
[GameManager] エンカウント: リザードマン
[GameManager] Phase: MapNavigation → Combat
[GameManager] Phase: Combat → BattleResult
[GameManager] 戦闘結果: リザードマン — 勝利 (6T) 残HP:18
[GameManager] Phase: BattleResult → Reward
[GameManager] Phase: Reward → MapNavigation
[GameManager] MoveToNode: r6_l0 (phase=MapNavigation)
[GameManager] タイル起動: 戦闘 (r6_l0)
[GameManager] エンカウント: リザードマン
[GameManager] Phase: MapNavigation → Combat
[GameManager] Phase: Combat → BattleResult
[GameManager] 戦闘結果: リザードマン — 勝利 (7T) 残HP:9
[GameManager] Phase: BattleResult → Reward
[GameManager] Phase: Reward → MapNavigation
[AutoRunner] ラストスタンド発動 (Floor 5)
[AutoRunner] === RUN 88 終了: R6 (5F道中/カルマで死亡) — 敗北 cause=Starvation ===

########## RUN 89  [R6 5F道中/カルマで死亡]  敗北 cause=CombatLoss
# reached F5 HP 0/1 coins 58 combats 15/17 LS=True
[GameManager] Phase: GameOver → Title
[GameManager] Phase: Title → RunStart
[GameManager] === ラン開始 === HP:30
[GameManager] Phase: RunStart → FloorIntro
[GameManager] --- フロア 1 [残光の加護] ---
[GameManager] Phase: FloorIntro → MapNavigation
[GameManager] MoveToNode: r1_l0 (phase=MapNavigation)
[GameManager] タイル起動: 戦闘 (r1_l0)
[GameManager] エンカウント: スライム
[GameManager] Phase: MapNavigation → Combat
[GameManager] Phase: Combat → BattleResult
[GameManager] 戦闘結果: スライム — 勝利 (2T) 残HP:30
[GameManager] Phase: BattleResult → Reward
[GameManager] Phase: Reward → MapNavigation
[GameManager] MoveToNode: r2_l0 (phase=MapNavigation)
[GameManager] タイル起動: イベント (r2_l0)
[GameManager] Phase: MapNavigation → EventEncounter
[GameManager] Phase: EventEncounter → MapNavigation
[GameManager] MoveToNode: r3_l0 (phase=MapNavigation)
[GameManager] タイル起動: 罠 (r3_l0)
[GameManager] Phase: MapNavigation → TrapTriggered
[GameManager] Phase: TrapTriggered → MapNavigation
[GameManager] MoveToNode: r4_l1 (phase=MapNavigation)
[GameManager] タイル起動: イベント (r4_l1)
[GameManager] Phase: MapNavigation → EventEncounter
[GameManager] Phase: EventEncounter → MapNavigation
[GameManager] MoveToNode: r5_l1 (phase=MapNavigation)
[GameManager] タイル起動: 戦闘 (r5_l1)
[GameManager] エンカウント: スライム
[GameManager] Phase: MapNavigation → Combat
[GameManager] Phase: Combat → BattleResult
[GameManager] 戦闘結果: スライム — 勝利 (2T) 残HP:30
[GameManager] Phase: BattleResult → Reward
[GameManager] Phase: Reward → MapNavigation
[GameManager] MoveToNode: r6_l1 (phase=MapNavigation)
[GameManager] タイル起動: イベント (r6_l1)
[GameManager] Phase: MapNavigation → EventEncounter
[GameManager] Phase: EventEncounter → MapNavigation
[GameManager] MoveToNode: r7_l0 (phase=MapNavigation)
[GameManager] タイル起動: イベント (r7_l0)
[GameManager] Phase: MapNavigation → EventEncounter
[GameManager] Phase: EventEncounter → MapNavigation
[GameManager] MoveToNode: r8_l0 (phase=MapNavigation)
[GameManager] タイル起動: 秘宝 (r8_l0)
[GameManager] 宝箱: ゴールド+2, 力帯
[GameManager] Phase: MapNavigation → TreasureOpen
[GameManager] Phase: TreasureOpen → MapNavigation
[GameManager] MoveToNode: r9_l0 (phase=MapNavigation)
[GameManager] タイル起動: 休憩 (r9_l0)
[GameManager] Phase: MapNavigation → RestStop
[GameManager] 休憩回復: +9HP (30%) (現在: 30/30)
[GameManager] Phase: RestStop → MapNavigation
[GameManager] MoveToNode: boss (phase=MapNavigation)
[GameManager] タイル起動: ボス (boss)
[GameManager] ボス 'boss_layer1' 未定義 — フロア1のプールから抽選
[GameManager] ボス戦: スライム
[GameManager] Phase: MapNavigation → Combat
[GameManager] Phase: Combat → BattleResult
[GameManager] 戦闘結果: スライム — 勝利 (1T) 残HP:30
[GameManager] Phase: BattleResult → Reward
[GameManager] Phase: Reward → FloorClear
[GameManager] フロア1クリア → 次へ
[GameManager] 層デバフ: MaxHP-5 → 25
[GameManager] Phase: FloorClear → FloorIntro
[GameManager] --- フロア 2 [嘆きの共鳴] ---
[GameManager] Phase: FloorIntro → MapNavigation
[GameManager] MoveToNode: r1_l0 (phase=MapNavigation)
[GameManager] タイル起動: 戦闘 (r1_l0)
[GameManager] エンカウント: ダイアウルフ
[GameManager] Phase: MapNavigation → Combat
[GameManager] Phase: Combat → BattleResult
[GameManager] 戦闘結果: ダイアウルフ — 勝利 (3T) 残HP:25
[GameManager] Phase: BattleResult → Reward
[GameManager] Phase: Reward → MapNavigation
[GameManager] MoveToNode: r2_l0 (phase=MapNavigation)
[GameManager] タイル起動: 戦闘 (r2_l0)
[GameManager] エンカウント: コボルド
[GameManager] Phase: MapNavigation → Combat
[GameManager] Phase: Combat → BattleResult
[GameManager] 戦闘結果: コボルド — 勝利 (2T) 残HP:25
[GameManager] Phase: BattleResult → Reward
[GameManager] Phase: Reward → MapNavigation
[GameManager] MoveToNode: r3_l0 (phase=MapNavigation)
[GameManager] タイル起動: 休憩 (r3_l0)
[GameManager] Phase: MapNavigation → RestStop
[GameManager] 休憩回復: +8HP (30%) (現在: 25/25)
[GameManager] Phase: RestStop → MapNavigation
[GameManager] MoveToNode: r4_l0 (phase=MapNavigation)
[GameManager] タイル起動: イベント (r4_l0)
[GameManager] Phase: MapNavigation → EventEncounter
[GameManager] Phase: EventEncounter → MapNavigation
[GameManager] MoveToNode: r5_l0 (phase=MapNavigation)
[GameManager] タイル起動: イベント (r5_l0)
[GameManager] Phase: MapNavigation → EventEncounter
[GameManager] Phase: EventEncounter → MapNavigation
[GameManager] MoveToNode: r6_l0 (phase=MapNavigation)
[GameManager] タイル起動: 秘宝 (r6_l0)
[GameManager] 宝箱: ゴールド+12, 力帯
[GameManager] Phase: MapNavigation → TreasureOpen
[GameManager] Phase: TreasureOpen → MapNavigation
[GameManager] MoveToNode: r7_l1 (phase=MapNavigation)
[GameManager] タイル起動: ショップ (r7_l1)
[GameManager] EnterShop called
[GameManager] MapTransitionController.Instance = null
[GameManager] Phase: MapNavigation → ShopVisit
[GameManager] Phase: ShopVisit → MapNavigation
[GameManager] MoveToNode: r8_l1 (phase=MapNavigation)
[GameManager] タイル起動: 秘宝 (r8_l1)
[GameManager] 宝箱: ゴールド+8, 骨のダイス
[GameManager] Phase: MapNavigation → TreasureOpen
[GameManager] Phase: TreasureOpen → MapNavigation
[GameManager] MoveToNode: r9_l1 (phase=MapNavigation)
[GameManager] タイル起動: 休憩 (r9_l1)
[GameManager] Phase: MapNavigation → RestStop
[GameManager] 休憩回復: +8HP (30%) (現在: 25/25)
[GameManager] Phase: RestStop → MapNavigation
[GameManager] MoveToNode: boss (phase=MapNavigation)
[GameManager] タイル起動: ボス (boss)
[GameManager] ボス戦: ゴブリン王
[GameManager] Phase: MapNavigation → Combat
[GameManager] Phase: Combat → BattleResult
[GameManager] 戦闘結果: ゴブリン王 — 勝利 (6T) 残HP:23
[GameManager] Phase: BattleResult → Reward
[GameManager] Phase: Reward → FloorClear
[GameManager] フロア2クリア → 次へ
[GameManager] Phase: FloorClear → FloorIntro
[GameManager] --- フロア 3 [瘴気侵蝕] ---
[GameManager] Phase: FloorIntro → MapNavigation
[GameManager] MoveToNode: r1_l0 (phase=MapNavigation)
[GameManager] タイル起動: イベント (r1_l0)
[GameManager] Phase: MapNavigation → EventEncounter
[GameManager] Phase: EventEncounter → MapNavigation
[GameManager] MoveToNode: r2_l0 (phase=MapNavigation)
[GameManager] タイル起動: 罠 (r2_l0)
[GameManager] Phase: MapNavigation → TrapTriggered
[GameManager] Phase: TrapTriggered → MapNavigation
[GameManager] MoveToNode: r3_l0 (phase=MapNavigation)
[GameManager] タイル起動: 激戦 (r3_l0)
[GameManager] エンカウント: ダイアウルフ
[GameManager] Phase: MapNavigation → Combat
[GameManager] Phase: Combat → BattleResult
[GameManager] 戦闘結果: ダイアウルフ — 勝利 (2T) 残HP:25
[GameManager] 層デバフ: 戦闘後2ダメージ (HP:23)
[GameManager] 激戦2戦目: オーク
[GameManager] Phase: BattleResult → Combat
[GameManager] Phase: Combat → BattleResult
[GameManager] 戦闘結果: オーク — 勝利 (6T) 残HP:23
[GameManager] 層デバフ: 戦闘後2ダメージ (HP:21)
[GameManager] Phase: BattleResult → Reward
[GameManager] Phase: Reward → MapNavigation
[GameManager] MoveToNode: r4_l1 (phase=MapNavigation)
[GameManager] タイル起動: 戦闘 (r4_l1)
[GameManager] エンカウント: オーク
[GameManager] Phase: MapNavigation → Combat
[GameManager] Phase: Combat → BattleResult
[GameManager] 戦闘結果: オーク — 勝利 (4T) 残HP:13
[GameManager] 層デバフ: 戦闘後2ダメージ (HP:11)
[GameManager] Phase: BattleResult → Reward
[GameManager] Phase: Reward → MapNavigation
[GameManager] MoveToNode: r5_l1 (phase=MapNavigation)
[GameManager] タイル起動: イベント (r5_l1)
[GameManager] Phase: MapNavigation → EventEncounter
[GameManager] Phase: EventEncounter → MapNavigation
[GameManager] MoveToNode: r6_l0 (phase=MapNavigation)
[GameManager] タイル起動: 休憩 (r6_l0)
[GameManager] Phase: MapNavigation → RestStop
[GameManager] 休憩回復: +13HP (50%) (現在: 24/25)
[GameManager] Phase: RestStop → MapNavigation
[GameManager] MoveToNode: r7_l0 (phase=MapNavigation)
[GameManager] タイル起動: 戦闘 (r7_l0)
[GameManager] エンカウント: オーク
[GameManager] Phase: MapNavigation → Combat
[GameManager] Phase: Combat → BattleResult
[GameManager] 戦闘結果: オーク — 勝利 (6T) 残HP:23
[GameManager] 層デバフ: 戦闘後2ダメージ (HP:21)
[GameManager] Phase: BattleResult → Reward
[GameManager] Phase: Reward → MapNavigation
[GameManager] MoveToNode: r8_l0 (phase=MapNavigation)
[GameManager] タイル起動: 秘宝 (r8_l0)
[GameManager] 宝箱: ゴールド+12, 革の胸当て
[GameManager] Phase: MapNavigation → TreasureOpen
[GameManager] Phase: TreasureOpen → MapNavigation
[GameManager] MoveToNode: r9_l0 (phase=MapNavigation)
[GameManager] タイル起動: 休憩 (r9_l0)
[GameManager] Phase: MapNavigation → RestStop
[GameManager] 休憩回復: +13HP (50%) (現在: 25/25)
[GameManager] Phase: RestStop → MapNavigation
[GameManager] MoveToNode: boss (phase=MapNavigation)
[GameManager] タイル起動: ボス (boss)
[GameManager] ボス戦: 凍れる吟遊詩人
[GameManager] Phase: MapNavigation → Combat
[GameManager] Phase: Combat → BattleResult
[GameManager] 戦闘結果: 凍れる吟遊詩人 — 勝利 (8T) 残HP:25
[GameManager] 層デバフ: 戦闘後2ダメージ (HP:23)
[GameManager] Phase: BattleResult → Reward
[GameManager] Phase: Reward → FloorClear
[GameManager] フロア3クリア → 次へ
[GameManager] Phase: FloorClear → FloorIntro
[GameManager] --- フロア 4 [煉獄の刻印] ---
[GameManager] Phase: FloorIntro → MapNavigation
[GameManager] MoveToNode: r1_l0 (phase=MapNavigation)
[GameManager] タイル起動: 戦闘 (r1_l0)
[GameManager] エンカウント: リザードマン
[GameManager] Phase: MapNavigation → Combat
[GameManager] Phase: Combat → BattleResult
[GameManager] 戦闘結果: リザードマン — 勝利 (12T) 残HP:11
[GameManager] Phase: BattleResult → Reward
[GameManager] Phase: Reward → MapNavigation
[GameManager] MoveToNode: r2_l0 (phase=MapNavigation)
[GameManager] タイル起動: 秘宝 (r2_l0)
[GameManager] 宝箱: ゴールド+16, 死神の数珠
[GameManager] Phase: MapNavigation → TreasureOpen
[GameManager] Phase: TreasureOpen → MapNavigation
[GameManager] MoveToNode: r3_l0 (phase=MapNavigation)
[GameManager] タイル起動: イベント (r3_l0)
[GameManager] Phase: MapNavigation → EventEncounter
[GameManager] Phase: EventEncounter → MapNavigation
[GameManager] MoveToNode: r4_l0 (phase=MapNavigation)
[GameManager] タイル起動: ショップ (r4_l0)
[GameManager] EnterShop called
[GameManager] MapTransitionController.Instance = null
[GameManager] Phase: MapNavigation → ShopVisit
[GameManager] Phase: ShopVisit → MapNavigation
[GameManager] MoveToNode: r5_l0 (phase=MapNavigation)
[GameManager] タイル起動: ショップ (r5_l0)
[GameManager] EnterShop called
[GameManager] MapTransitionController.Instance = null
[GameManager] Phase: MapNavigation → ShopVisit
[GameManager] Phase: ShopVisit → MapNavigation
[GameManager] MoveToNode: r6_l0 (phase=MapNavigation)
[GameManager] タイル起動: 戦闘 (r6_l0)
[GameManager] エンカウント: リザードマン
[GameManager] Phase: MapNavigation → Combat
[GameManager] Phase: Combat → BattleResult
[GameManager] 戦闘結果: リザードマン — 勝利 (5T) 残HP:3
[GameManager] Phase: BattleResult → Reward
[GameManager] Phase: Reward → MapNavigation
[GameManager] MoveToNode: r7_l1 (phase=MapNavigation)
[GameManager] タイル起動: 罠 (r7_l1)
[GameManager] Phase: MapNavigation → TrapTriggered
[GameManager] Phase: TrapTriggered → MapNavigation
[GameManager] MoveToNode: r8_l1 (phase=MapNavigation)
[GameManager] 空腹ダメージ: 5 (HP: 0/25)
[GameManager] タイル起動: 秘宝 (r8_l1)
[GameManager] 宝箱: ゴールド+12, 回復ポーション
[GameManager] Phase: MapNavigation → TreasureOpen
[GameManager] Phase: TreasureOpen → MapNavigation
[GameManager] MoveToNode: r9_l1 (phase=MapNavigation)
[GameManager] 空腹ダメージ: 5 (HP: 20/25)
[GameManager] タイル起動: 休憩 (r9_l1)
[AutoRunner] ラストスタンド発動 (Floor 5)
[AutoRunner] === RUN 89 終了: R6 (5F道中/カルマで死亡) — 敗北 cause=CombatLoss ===

########## RUN 90  [DEADLOCK デッドロック]  移動先なし(MapNavigation)
# reached F5 HP 1/1 coins 219 combats 26/27 LS=True
[GameManager] Phase: GameOver → Title
[GameManager] Phase: Title → RunStart
[GameManager] === ラン開始 === HP:30
[GameManager] Phase: RunStart → FloorIntro
[GameManager] --- フロア 1 [残光の加護] ---
[GameManager] Phase: FloorIntro → MapNavigation
[GameManager] MoveToNode: r1_l0 (phase=MapNavigation)
[GameManager] タイル起動: ショップ (r1_l0)
[GameManager] EnterShop called
[GameManager] MapTransitionController.Instance = null
[GameManager] Phase: MapNavigation → ShopVisit
[GameManager] Phase: ShopVisit → MapNavigation
[GameManager] MoveToNode: r2_l0 (phase=MapNavigation)
[GameManager] タイル起動: 戦闘 (r2_l0)
[GameManager] エンカウント: スライム
[GameManager] Phase: MapNavigation → Combat
[GameManager] Phase: Combat → BattleResult
[GameManager] 戦闘結果: スライム — 勝利 (4T) 残HP:29
[GameManager] Phase: BattleResult → Reward
[GameManager] Phase: Reward → MapNavigation
[GameManager] MoveToNode: r3_l0 (phase=MapNavigation)
[GameManager] タイル起動: 戦闘 (r3_l0)
[GameManager] エンカウント: ゴブリン
[GameManager] Phase: MapNavigation → Combat
[GameManager] Phase: Combat → BattleResult
[GameManager] 戦闘結果: ゴブリン — 勝利 (2T) 残HP:29
[GameManager] Phase: BattleResult → Reward
[GameManager] Phase: Reward → MapNavigation
[GameManager] MoveToNode: r4_l1 (phase=MapNavigation)
[GameManager] タイル起動: 罠 (r4_l1)
[GameManager] Phase: MapNavigation → TrapTriggered
[GameManager] Phase: TrapTriggered → MapNavigation
[GameManager] MoveToNode: r5_l1 (phase=MapNavigation)
[GameManager] タイル起動: 戦闘 (r5_l1)
[GameManager] エンカウント: スライム
[GameManager] Phase: MapNavigation → Combat
[GameManager] Phase: Combat → BattleResult
[GameManager] 戦闘結果: スライム — 勝利 (2T) 残HP:29
[GameManager] Phase: BattleResult → Reward
[GameManager] Phase: Reward → MapNavigation
[GameManager] MoveToNode: r6_l1 (phase=MapNavigation)
[GameManager] タイル起動: 戦闘 (r6_l1)
[GameManager] エンカウント: スライム
[GameManager] Phase: MapNavigation → Combat
[GameManager] Phase: Combat → BattleResult
[GameManager] 戦闘結果: スライム — 勝利 (1T) 残HP:29
[GameManager] Phase: BattleResult → Reward
[GameManager] Phase: Reward → MapNavigation
[GameManager] MoveToNode: r7_l2 (phase=MapNavigation)
[GameManager] タイル起動: 戦闘 (r7_l2)
[GameManager] エンカウント: ゴブリン
[GameManager] Phase: MapNavigation → Combat
[GameManager] Phase: Combat → BattleResult
[GameManager] 戦闘結果: ゴブリン — 勝利 (4T) 残HP:29
[GameManager] Phase: BattleResult → Reward
[GameManager] Phase: Reward → MapNavigation
[GameManager] MoveToNode: r8_l2 (phase=MapNavigation)
[GameManager] タイル起動: 秘宝 (r8_l2)
[GameManager] 宝箱: ゴールド+2, 鋼鉄の腕輪
[GameManager] Phase: MapNavigation → TreasureOpen
[GameManager] Phase: TreasureOpen → MapNavigation
[GameManager] MoveToNode: r9_l2 (phase=MapNavigation)
[GameManager] タイル起動: 休憩 (r9_l2)
[GameManager] Phase: MapNavigation → RestStop
[GameManager] 休憩回復: +9HP (30%) (現在: 30/30)
[GameManager] Phase: RestStop → MapNavigation
[GameManager] MoveToNode: boss (phase=MapNavigation)
[GameManager] タイル起動: ボス (boss)
[GameManager] ボス 'boss_layer1' 未定義 — フロア1のプールから抽選
[GameManager] ボス戦: スライム
[GameManager] Phase: MapNavigation → Combat
[GameManager] Phase: Combat → BattleResult
[GameManager] 戦闘結果: スライム — 勝利 (1T) 残HP:30
[GameManager] Phase: BattleResult → Reward
[GameManager] Phase: Reward → FloorClear
[GameManager] フロア1クリア → 次へ
[GameManager] 層デバフ: MaxHP-5 → 25
[GameManager] Phase: FloorClear → FloorIntro
[GameManager] --- フロア 2 [嘆きの共鳴] ---
[GameManager] Phase: FloorIntro → MapNavigation
[GameManager] MoveToNode: r1_l0 (phase=MapNavigation)
[GameManager] タイル起動: ショップ (r1_l0)
[GameManager] EnterShop called
[GameManager] MapTransitionController.Instance = null
[GameManager] Phase: MapNavigation → ShopVisit
[GameManager] Phase: ShopVisit → MapNavigation
[GameManager] MoveToNode: r2_l1 (phase=MapNavigation)
[GameManager] タイル起動: ショップ (r2_l1)
[GameManager] EnterShop called
[GameManager] MapTransitionController.Instance = null
[GameManager] Phase: MapNavigation → ShopVisit
[GameManager] Phase: ShopVisit → MapNavigation
[GameManager] MoveToNode: r3_l1 (phase=MapNavigation)
[GameManager] タイル起動: 戦闘 (r3_l1)
[GameManager] エンカウント: ゴブリン
[GameManager] Phase: MapNavigation → Combat
[GameManager] Phase: Combat → BattleResult
[GameManager] 戦闘結果: ゴブリン — 勝利 (3T) 残HP:25
[GameManager] Phase: BattleResult → Reward
[GameManager] Phase: Reward → MapNavigation
[GameManager] MoveToNode: r4_l1 (phase=MapNavigation)
[GameManager] タイル起動: 戦闘 (r4_l1)
[GameManager] エンカウント: スケルトン
[GameManager] Phase: MapNavigation → Combat
[GameManager] Phase: Combat → BattleResult
[GameManager] 戦闘結果: スケルトン — 勝利 (1T) 残HP:25
[GameManager] Phase: BattleResult → Reward
[GameManager] Phase: Reward → MapNavigation
[GameManager] MoveToNode: r5_l2 (phase=MapNavigation)
[GameManager] タイル起動: 戦闘 (r5_l2)
[GameManager] エンカウント: ダイアウルフ
[GameManager] Phase: MapNavigation → Combat
[GameManager] Phase: Combat → BattleResult
[GameManager] 戦闘結果: ダイアウルフ — 勝利 (2T) 残HP:25
[GameManager] Phase: BattleResult → Reward
[GameManager] Phase: Reward → MapNavigation
[GameManager] MoveToNode: r6_l2 (phase=MapNavigation)
[GameManager] タイル起動: 罠 (r6_l2)
[GameManager] Phase: MapNavigation → TrapTriggered
[GameManager] Phase: TrapTriggered → MapNavigation
[GameManager] MoveToNode: r7_l2 (phase=MapNavigation)
[GameManager] タイル起動: 戦闘 (r7_l2)
[GameManager] エンカウント: ゴブリン
[GameManager] Phase: MapNavigation → Combat
[GameManager] Phase: Combat → BattleResult
[GameManager] 戦闘結果: ゴブリン — 勝利 (2T) 残HP:25
[GameManager] Phase: BattleResult → Reward
[GameManager] Phase: Reward → MapNavigation
[GameManager] MoveToNode: r8_l2 (phase=MapNavigation)
[GameManager] タイル起動: 秘宝 (r8_l2)
[GameManager] 宝箱: ゴールド+8, 死神の数珠
[GameManager] Phase: MapNavigation → TreasureOpen
[GameManager] Phase: TreasureOpen → MapNavigation
[GameManager] MoveToNode: r9_l2 (phase=MapNavigation)
[GameManager] タイル起動: 休憩 (r9_l2)
[GameManager] Phase: MapNavigation → RestStop
[GameManager] 休憩回復: +8HP (30%) (現在: 25/25)
[GameManager] Phase: RestStop → MapNavigation
[GameManager] MoveToNode: boss (phase=MapNavigation)
[GameManager] タイル起動: ボス (boss)
[GameManager] ボス戦: ゴブリン王
[GameManager] Phase: MapNavigation → Combat
[GameManager] Phase: Combat → BattleResult
[GameManager] 戦闘結果: ゴブリン王 — 勝利 (3T) 残HP:25
[GameManager] Phase: BattleResult → Reward
[GameManager] Phase: Reward → FloorClear
[GameManager] フロア2クリア → 次へ
[GameManager] Phase: FloorClear → FloorIntro
[GameManager] --- フロア 3 [瘴気侵蝕] ---
[GameManager] Phase: FloorIntro → MapNavigation
[GameManager] MoveToNode: r1_l0 (phase=MapNavigation)
[GameManager] タイル起動: ショップ (r1_l0)
[GameManager] EnterShop called
[GameManager] MapTransitionController.Instance = null
[GameManager] Phase: MapNavigation → ShopVisit
[GameManager] Phase: ShopVisit → MapNavigation
[GameManager] MoveToNode: r2_l0 (phase=MapNavigation)
[GameManager] タイル起動: 戦闘 (r2_l0)
[GameManager] エンカウント: オーク
[GameManager] Phase: MapNavigation → Combat
[GameManager] Phase: Combat → BattleResult
[GameManager] 戦闘結果: オーク — 勝利 (5T) 残HP:25
[GameManager] 層デバフ: 戦闘後2ダメージ (HP:23)
[GameManager] Phase: BattleResult → Reward
[GameManager] Phase: Reward → MapNavigation
[GameManager] MoveToNode: r3_l1 (phase=MapNavigation)
[GameManager] タイル起動: 戦闘 (r3_l1)
[GameManager] エンカウント: ハーピィ
[GameManager] Phase: MapNavigation → Combat
[GameManager] Phase: Combat → BattleResult
[GameManager] 戦闘結果: ハーピィ — 勝利 (3T) 残HP:23
[GameManager] 層デバフ: 戦闘後2ダメージ (HP:21)
[GameManager] Phase: BattleResult → Reward
[GameManager] Phase: Reward → MapNavigation
[GameManager] MoveToNode: r4_l1 (phase=MapNavigation)
[GameManager] タイル起動: 戦闘 (r4_l1)
[GameManager] エンカウント: ハーピィ
[GameManager] Phase: MapNavigation → Combat
[GameManager] Phase: Combat → BattleResult
[GameManager] 戦闘結果: ハーピィ — 勝利 (6T) 残HP:21
[GameManager] 層デバフ: 戦闘後2ダメージ (HP:19)
[GameManager] Phase: BattleResult → Reward
[GameManager] Phase: Reward → MapNavigation
[GameManager] MoveToNode: r5_l1 (phase=MapNavigation)
[GameManager] タイル起動: 戦闘 (r5_l1)
[GameManager] エンカウント: 凍れる吟遊詩人
[GameManager] Phase: MapNavigation → Combat
[GameManager] Phase: Combat → BattleResult
[GameManager] 戦闘結果: 凍れる吟遊詩人 — 勝利 (5T) 残HP:19
[GameManager] 層デバフ: 戦闘後2ダメージ (HP:17)
[GameManager] Phase: BattleResult → Reward
[GameManager] Phase: Reward → MapNavigation
[GameManager] MoveToNode: r6_l1 (phase=MapNavigation)
[GameManager] タイル起動: 罠 (r6_l1)
[GameManager] Phase: MapNavigation → TrapTriggered
[GameManager] Phase: TrapTriggered → MapNavigation
[GameManager] MoveToNode: r7_l2 (phase=MapNavigation)
[GameManager] タイル起動: 戦闘 (r7_l2)
[GameManager] エンカウント: オーク
[GameManager] Phase: MapNavigation → Combat
[GameManager] Phase: Combat → BattleResult
[GameManager] 戦闘結果: オーク — 勝利 (5T) 残HP:17
[GameManager] 層デバフ: 戦闘後2ダメージ (HP:15)
[GameManager] Phase: BattleResult → Reward
[GameManager] Phase: Reward → MapNavigation
[GameManager] MoveToNode: r8_l2 (phase=MapNavigation)
[GameManager] タイル起動: 秘宝 (r8_l2)
[GameManager] 宝箱: ゴールド+21, 小回復ポーション
[GameManager] Phase: MapNavigation → TreasureOpen
[GameManager] Phase: TreasureOpen → MapNavigation
[GameManager] MoveToNode: r9_l2 (phase=MapNavigation)
[GameManager] タイル起動: 休憩 (r9_l2)
[GameManager] Phase: MapNavigation → RestStop
[GameManager] 休憩回復: +13HP (50%) (現在: 25/25)
[GameManager] Phase: RestStop → MapNavigation
[GameManager] MoveToNode: boss (phase=MapNavigation)
[GameManager] タイル起動: ボス (boss)
[GameManager] ボス戦: 凍れる吟遊詩人
[GameManager] Phase: MapNavigation → Combat
[GameManager] Phase: Combat → BattleResult
[GameManager] 戦闘結果: 凍れる吟遊詩人 — 勝利 (3T) 残HP:25
[GameManager] 層デバフ: 戦闘後2ダメージ (HP:23)
[GameManager] Phase: BattleResult → Reward
[GameManager] Phase: Reward → FloorClear
[GameManager] フロア3クリア → 次へ
[GameManager] Phase: FloorClear → FloorIntro
[GameManager] --- フロア 4 [煉獄の刻印] ---
[GameManager] Phase: FloorIntro → MapNavigation
[GameManager] MoveToNode: r1_l1 (phase=MapNavigation)
[GameManager] タイル起動: 戦闘 (r1_l1)
[GameManager] エンカウント: ミノタウロス
[GameManager] Phase: MapNavigation → Combat
[GameManager] Phase: Combat → BattleResult
[GameManager] 戦闘結果: ミノタウロス — 勝利 (5T) 残HP:21
[GameManager] Phase: BattleResult → Reward
[GameManager] Phase: Reward → MapNavigation
[GameManager] MoveToNode: r2_l0 (phase=MapNavigation)
[GameManager] タイル起動: 秘宝 (r2_l0)
[GameManager] 宝箱: ゴールド+24, 回復ポーション
[GameManager] Phase: MapNavigation → TreasureOpen
[GameManager] Phase: TreasureOpen → MapNavigation
[GameManager] MoveToNode: r3_l0 (phase=MapNavigation)
[GameManager] タイル起動: 秘宝 (r3_l0)
[GameManager] 宝箱: ゴールド+8, 鋼の籠手
[GameManager] Phase: MapNavigation → TreasureOpen
[GameManager] Phase: TreasureOpen → MapNavigation
[GameManager] MoveToNode: r4_l0 (phase=MapNavigation)
[GameManager] タイル起動: ショップ (r4_l0)
[GameManager] EnterShop called
[GameManager] MapTransitionController.Instance = null
[AutoRunner] ラストスタンド発動 (Floor 5)
[AutoRunner] === RUN 90 終了: DEADLOCK (デッドロック) — 移動先なし(MapNavigation) ===

########## RUN 91  [R4 3Fで死亡]  敗北 cause=CombatLoss
# reached F3 HP 0/1 coins 104 combats 14/16 LS=True
[GameManager] Phase: MapNavigation → RunStart
[GameManager] === ラン開始 === HP:30
[GameManager] Phase: RunStart → FloorIntro
[GameManager] --- フロア 1 [残光の加護] ---
[GameManager] Phase: FloorIntro → MapNavigation
[GameManager] MoveToNode: r1_l0 (phase=MapNavigation)
[GameManager] タイル起動: 戦闘 (r1_l0)
[GameManager] エンカウント: ゴブリン
[GameManager] Phase: MapNavigation → Combat
[GameManager] Phase: Combat → BattleResult
[GameManager] 戦闘結果: ゴブリン — 勝利 (3T) 残HP:30
[GameManager] Phase: BattleResult → Reward
[GameManager] Phase: Reward → MapNavigation
[GameManager] MoveToNode: r2_l0 (phase=MapNavigation)
[GameManager] タイル起動: 罠 (r2_l0)
[GameManager] Phase: MapNavigation → TrapTriggered
[GameManager] Phase: TrapTriggered → MapNavigation
[GameManager] MoveToNode: r3_l0 (phase=MapNavigation)
[GameManager] タイル起動: イベント (r3_l0)
[GameManager] Phase: MapNavigation → EventEncounter
[GameManager] Phase: EventEncounter → MapNavigation
[GameManager] MoveToNode: r4_l0 (phase=MapNavigation)
[GameManager] タイル起動: 戦闘 (r4_l0)
[GameManager] エンカウント: スライム
[GameManager] Phase: MapNavigation → Combat
[GameManager] Phase: Combat → BattleResult
[GameManager] 戦闘結果: スライム — 勝利 (1T) 残HP:30
[GameManager] Phase: BattleResult → Reward
[GameManager] Phase: Reward → MapNavigation
[GameManager] MoveToNode: r5_l1 (phase=MapNavigation)
[GameManager] タイル起動: 戦闘 (r5_l1)
[GameManager] エンカウント: ゴブリン
[GameManager] Phase: MapNavigation → Combat
[GameManager] Phase: Combat → BattleResult
[GameManager] 戦闘結果: ゴブリン — 勝利 (4T) 残HP:27
[GameManager] Phase: BattleResult → Reward
[GameManager] Phase: Reward → MapNavigation
[GameManager] MoveToNode: r6_l1 (phase=MapNavigation)
[GameManager] タイル起動: 罠 (r6_l1)
[GameManager] Phase: MapNavigation → TrapTriggered
[GameManager] Phase: TrapTriggered → MapNavigation
[GameManager] MoveToNode: r7_l0 (phase=MapNavigation)
[GameManager] タイル起動: 激戦 (r7_l0)
[GameManager] エンカウント: スライム
[GameManager] Phase: MapNavigation → Combat
[GameManager] Phase: Combat → BattleResult
[GameManager] 戦闘結果: スライム — 勝利 (4T) 残HP:27
[GameManager] 激戦2戦目: ゴブリン
[GameManager] Phase: BattleResult → Combat
[GameManager] Phase: Combat → BattleResult
[GameManager] 戦闘結果: ゴブリン — 勝利 (3T) 残HP:27
[GameManager] Phase: BattleResult → Reward
[GameManager] Phase: Reward → MapNavigation
[GameManager] MoveToNode: r8_l0 (phase=MapNavigation)
[GameManager] タイル起動: 秘宝 (r8_l0)
[GameManager] 宝箱: ゴールド+6, 治癒の指輪
[GameManager] Phase: MapNavigation → TreasureOpen
[GameManager] Phase: TreasureOpen → MapNavigation
[GameManager] MoveToNode: r9_l0 (phase=MapNavigation)
[GameManager] タイル起動: 休憩 (r9_l0)
[GameManager] Phase: MapNavigation → RestStop
[GameManager] 休憩回復: +9HP (30%) (現在: 30/30)
[GameManager] Phase: RestStop → MapNavigation
[GameManager] MoveToNode: boss (phase=MapNavigation)
[GameManager] タイル起動: ボス (boss)
[GameManager] ボス 'boss_layer1' 未定義 — フロア1のプールから抽選
[GameManager] ボス戦: スライム
[GameManager] Phase: MapNavigation → Combat
[GameManager] Phase: Combat → BattleResult
[GameManager] 戦闘結果: スライム — 勝利 (3T) 残HP:30
[GameManager] Phase: BattleResult → Reward
[GameManager] Phase: Reward → FloorClear
[GameManager] フロア1クリア → 次へ
[GameManager] 層デバフ: MaxHP-5 → 25
[GameManager] Phase: FloorClear → FloorIntro
[GameManager] --- フロア 2 [嘆きの共鳴] ---
[GameManager] Phase: FloorIntro → MapNavigation
[GameManager] MoveToNode: r1_l0 (phase=MapNavigation)
[GameManager] タイル起動: 戦闘 (r1_l0)
[GameManager] エンカウント: ゴブリン王
[GameManager] Phase: MapNavigation → Combat
[GameManager] Phase: Combat → BattleResult
[GameManager] 戦闘結果: ゴブリン王 — 勝利 (7T) 残HP:25
[GameManager] Phase: BattleResult → Reward
[GameManager] Phase: Reward → MapNavigation
[GameManager] MoveToNode: r2_l0 (phase=MapNavigation)
[GameManager] タイル起動: 秘宝 (r2_l0)
[GameManager] 宝箱: ゴールド+4, 静寂のローブ
[GameManager] Phase: MapNavigation → TreasureOpen
[GameManager] Phase: TreasureOpen → MapNavigation
[GameManager] MoveToNode: r3_l0 (phase=MapNavigation)
[GameManager] タイル起動: 休憩 (r3_l0)
[GameManager] Phase: MapNavigation → RestStop
[GameManager] 休憩回復: +8HP (30%) (現在: 25/25)
[GameManager] Phase: RestStop → MapNavigation
[GameManager] MoveToNode: r4_l0 (phase=MapNavigation)
[GameManager] タイル起動: 戦闘 (r4_l0)
[GameManager] エンカウント: 13番目の死
[GameManager] Phase: MapNavigation → Combat
[GameManager] Phase: Combat → BattleResult
[GameManager] 戦闘結果: 13番目の死 — 勝利 (3T) 残HP:25
[GameManager] Phase: BattleResult → Reward
[GameManager] Phase: Reward → MapNavigation
[GameManager] MoveToNode: r5_l0 (phase=MapNavigation)
[GameManager] タイル起動: 戦闘 (r5_l0)
[GameManager] エンカウント: 13番目の死
[GameManager] Phase: MapNavigation → Combat
[GameManager] Phase: Combat → BattleResult
[GameManager] 戦闘結果: 13番目の死 — 勝利 (4T) 残HP:25
[GameManager] Phase: BattleResult → Reward
[GameManager] Phase: Reward → MapNavigation
[GameManager] MoveToNode: r6_l0 (phase=MapNavigation)
[GameManager] タイル起動: 戦闘 (r6_l0)
[GameManager] エンカウント: スケルトン
[GameManager] Phase: MapNavigation → Combat
[GameManager] Phase: Combat → BattleResult
[GameManager] 戦闘結果: スケルトン — 勝利 (8T) 残HP:25
[GameManager] Phase: BattleResult → Reward
[GameManager] Phase: Reward → MapNavigation
[GameManager] MoveToNode: r7_l0 (phase=MapNavigation)
[GameManager] タイル起動: イベント (r7_l0)
[GameManager] Phase: MapNavigation → EventEncounter
[GameManager] Phase: EventEncounter → MapNavigation
[GameManager] MoveToNode: r8_l0 (phase=MapNavigation)
[GameManager] タイル起動: 秘宝 (r8_l0)
[GameManager] 宝箱: ゴールド+14, 投げ短剣の鞘
[GameManager] Phase: MapNavigation → TreasureOpen
[GameManager] Phase: TreasureOpen → MapNavigation
[GameManager] MoveToNode: r9_l0 (phase=MapNavigation)
[GameManager] タイル起動: 休憩 (r9_l0)
[GameManager] Phase: MapNavigation → RestStop
[GameManager] 休憩回復: +8HP (30%) (現在: 25/25)
[GameManager] Phase: RestStop → MapNavigation
[GameManager] MoveToNode: boss (phase=MapNavigation)
[GameManager] タイル起動: ボス (boss)
[GameManager] ボス戦: ゴブリン王
[GameManager] Phase: MapNavigation → Combat
[GameManager] Phase: Combat → BattleResult
[GameManager] 戦闘結果: ゴブリン王 — 勝利 (7T) 残HP:24
[GameManager] Phase: BattleResult → Reward
[GameManager] Phase: Reward → FloorClear
[GameManager] フロア2クリア → 次へ
[GameManager] Phase: FloorClear → FloorIntro
[GameManager] --- フロア 3 [瘴気侵蝕] ---
[GameManager] Phase: FloorIntro → MapNavigation
[GameManager] MoveToNode: r1_l1 (phase=MapNavigation)
[GameManager] タイル起動: 戦闘 (r1_l1)
[GameManager] エンカウント: 13番目の死
[GameManager] Phase: MapNavigation → Combat
[GameManager] Phase: Combat → BattleResult
[GameManager] 戦闘結果: 13番目の死 — 勝利 (2T) 残HP:25
[GameManager] 層デバフ: 戦闘後2ダメージ (HP:23)
[GameManager] Phase: BattleResult → Reward
[GameManager] Phase: Reward → MapNavigation
[GameManager] MoveToNode: r2_l1 (phase=MapNavigation)
[GameManager] タイル起動: 戦闘 (r2_l1)
[GameManager] エンカウント: オーク
[GameManager] Phase: MapNavigation → Combat
[GameManager] Phase: Combat → BattleResult
[GameManager] 戦闘結果: オーク — 勝利 (3T) 残HP:23
[GameManager] 層デバフ: 戦闘後2ダメージ (HP:21)
[GameManager] Phase: BattleResult → Reward
[GameManager] Phase: Reward → MapNavigation
[GameManager] MoveToNode: r3_l0 (phase=MapNavigation)
[GameManager] タイル起動: 秘宝 (r3_l0)
[GameManager] 宝箱: ゴールド+6, 観察者の眼鏡
[GameManager] Phase: MapNavigation → TreasureOpen
[GameManager] Phase: TreasureOpen → MapNavigation
[GameManager] MoveToNode: r4_l1 (phase=MapNavigation)
[GameManager] タイル起動: イベント (r4_l1)
[GameManager] Phase: MapNavigation → EventEncounter
[GameManager] Phase: EventEncounter → MapNavigation
[GameManager] MoveToNode: r5_l0 (phase=MapNavigation)
[GameManager] タイル起動: 戦闘 (r5_l0)
[GameManager] エンカウント: ハーピィ
[GameManager] Phase: MapNavigation → Combat
[GameManager] Phase: Combat → BattleResult
[GameManager] 戦闘結果: ハーピィ — 勝利 (7T) 残HP:5
[GameManager] 層デバフ: 戦闘後2ダメージ (HP:3)
[GameManager] Phase: BattleResult → Reward
[GameManager] Phase: Reward → MapNavigation
[GameManager] MoveToNode: r6_l0 (phase=MapNavigation)
[GameManager] タイル起動: 戦闘 (r6_l0)
[GameManager] エンカウント: ハーピィ
[GameManager] Phase: MapNavigation → Combat
[GameManager] Phase: Combat → BattleResult
[GameManager] 戦闘結果: ハーピィ — 敗北 (1T) 残HP:0
[GameManager] 救済発動: マップへ戻る
[GameManager] Phase: BattleResult → MapNavigation
[AutoRunner] ラストスタンド発動 (Floor 3)
[GameManager] MoveToNode: r7_l0 (phase=MapNavigation)
[GameManager] タイル起動: 戦闘 (r7_l0)
[GameManager] エンカウント: ハーピィ
[GameManager] Phase: MapNavigation → Combat
[GameManager] Phase: Combat → BattleResult
[GameManager] 戦闘結果: ハーピィ — 敗北 (6T) 残HP:0
[GameManager] Phase: BattleResult → GameOver
[AutoRunner] === RUN 91 終了: R4 (3Fで死亡) — 敗北 cause=CombatLoss ===

########## RUN 92  [R5 4Fで死亡]  敗北 cause=CombatLoss
# reached F4 HP 0/1 coins 91 combats 21/23 LS=True
[GameManager] Phase: GameOver → Title
[GameManager] Phase: Title → RunStart
[GameManager] === ラン開始 === HP:30
[GameManager] Phase: RunStart → FloorIntro
[GameManager] --- フロア 1 [残光の加護] ---
[GameManager] Phase: FloorIntro → MapNavigation
[GameManager] MoveToNode: r1_l0 (phase=MapNavigation)
[GameManager] タイル起動: 罠 (r1_l0)
[GameManager] Phase: MapNavigation → TrapTriggered
[GameManager] Phase: TrapTriggered → MapNavigation
[GameManager] MoveToNode: r2_l0 (phase=MapNavigation)
[GameManager] タイル起動: 罠 (r2_l0)
[GameManager] Phase: MapNavigation → TrapTriggered
[GameManager] Phase: TrapTriggered → MapNavigation
[GameManager] MoveToNode: r3_l0 (phase=MapNavigation)
[GameManager] タイル起動: 戦闘 (r3_l0)
[GameManager] エンカウント: ゴブリン
[GameManager] Phase: MapNavigation → Combat
[GameManager] Phase: Combat → BattleResult
[GameManager] 戦闘結果: ゴブリン — 勝利 (1T) 残HP:30
[GameManager] Phase: BattleResult → Reward
[GameManager] Phase: Reward → MapNavigation
[GameManager] MoveToNode: r4_l0 (phase=MapNavigation)
[GameManager] タイル起動: 激戦 (r4_l0)
[GameManager] エンカウント: ゴブリン
[GameManager] Phase: MapNavigation → Combat
[GameManager] Phase: Combat → BattleResult
[GameManager] 戦闘結果: ゴブリン — 勝利 (2T) 残HP:30
[GameManager] 激戦2戦目: スライム
[GameManager] Phase: BattleResult → Combat
[GameManager] Phase: Combat → BattleResult
[GameManager] 戦闘結果: スライム — 勝利 (1T) 残HP:30
[GameManager] Phase: BattleResult → Reward
[GameManager] Phase: Reward → MapNavigation
[GameManager] MoveToNode: r5_l0 (phase=MapNavigation)
[GameManager] タイル起動: 戦闘 (r5_l0)
[GameManager] エンカウント: スライム
[GameManager] Phase: MapNavigation → Combat
[GameManager] Phase: Combat → BattleResult
[GameManager] 戦闘結果: スライム — 勝利 (2T) 残HP:30
[GameManager] Phase: BattleResult → Reward
[GameManager] Phase: Reward → MapNavigation
[GameManager] MoveToNode: r6_l0 (phase=MapNavigation)
[GameManager] タイル起動: 戦闘 (r6_l0)
[GameManager] エンカウント: スライム
[GameManager] Phase: MapNavigation → Combat
[GameManager] Phase: Combat → BattleResult
[GameManager] 戦闘結果: スライム — 勝利 (1T) 残HP:30
[GameManager] Phase: BattleResult → Reward
[GameManager] Phase: Reward → MapNavigation
[GameManager] MoveToNode: r7_l0 (phase=MapNavigation)
[GameManager] タイル起動: 戦闘 (r7_l0)
[GameManager] エンカウント: ゴブリン
[GameManager] Phase: MapNavigation → Combat
[GameManager] Phase: Combat → BattleResult
[GameManager] 戦闘結果: ゴブリン — 勝利 (3T) 残HP:30
[GameManager] Phase: BattleResult → Reward
[GameManager] Phase: Reward → MapNavigation
[GameManager] MoveToNode: r8_l0 (phase=MapNavigation)
[GameManager] タイル起動: 秘宝 (r8_l0)
[GameManager] 宝箱: ゴールド+4, 木のダイス
[GameManager] Phase: MapNavigation → TreasureOpen
[GameManager] Phase: TreasureOpen → MapNavigation
[GameManager] MoveToNode: r9_l0 (phase=MapNavigation)
[GameManager] タイル起動: 休憩 (r9_l0)
[GameManager] Phase: MapNavigation → RestStop
[GameManager] 休憩回復: +9HP (30%) (現在: 30/30)
[GameManager] Phase: RestStop → MapNavigation
[GameManager] MoveToNode: boss (phase=MapNavigation)
[GameManager] タイル起動: ボス (boss)
[GameManager] ボス 'boss_layer1' 未定義 — フロア1のプールから抽選
[GameManager] ボス戦: スライム
[GameManager] Phase: MapNavigation → Combat
[GameManager] Phase: Combat → BattleResult
[GameManager] 戦闘結果: スライム — 勝利 (3T) 残HP:30
[GameManager] Phase: BattleResult → Reward
[GameManager] Phase: Reward → FloorClear
[GameManager] フロア1クリア → 次へ
[GameManager] 層デバフ: MaxHP-5 → 25
[GameManager] Phase: FloorClear → FloorIntro
[GameManager] --- フロア 2 [嘆きの共鳴] ---
[GameManager] Phase: FloorIntro → MapNavigation
[GameManager] MoveToNode: r1_l2 (phase=MapNavigation)
[GameManager] タイル起動: 秘宝 (r1_l2)
[GameManager] 宝箱: ゴールド+10, 治癒の指輪
[GameManager] Phase: MapNavigation → TreasureOpen
[GameManager] Phase: TreasureOpen → MapNavigation
[GameManager] MoveToNode: r2_l2 (phase=MapNavigation)
[GameManager] タイル起動: 戦闘 (r2_l2)
[GameManager] エンカウント: スケルトン
[GameManager] Phase: MapNavigation → Combat
[GameManager] Phase: Combat → BattleResult
[GameManager] 戦闘結果: スケルトン — 勝利 (4T) 残HP:23
[GameManager] Phase: BattleResult → Reward
[GameManager] Phase: Reward → MapNavigation
[GameManager] MoveToNode: r3_l1 (phase=MapNavigation)
[GameManager] タイル起動: 戦闘 (r3_l1)
[GameManager] エンカウント: ゴブリン
[GameManager] Phase: MapNavigation → Combat
[GameManager] Phase: Combat → BattleResult
[GameManager] 戦闘結果: ゴブリン — 勝利 (1T) 残HP:23
[GameManager] Phase: BattleResult → Reward
[GameManager] Phase: Reward → MapNavigation
[GameManager] MoveToNode: r4_l1 (phase=MapNavigation)
[GameManager] タイル起動: ショップ (r4_l1)
[GameManager] EnterShop called
[GameManager] MapTransitionController.Instance = null
[GameManager] Phase: MapNavigation → ShopVisit
[GameManager] Phase: ShopVisit → MapNavigation
[GameManager] MoveToNode: r5_l1 (phase=MapNavigation)
[GameManager] タイル起動: 戦闘 (r5_l1)
[GameManager] エンカウント: スケルトン
[GameManager] Phase: MapNavigation → Combat
[GameManager] Phase: Combat → BattleResult
[GameManager] 戦闘結果: スケルトン — 勝利 (6T) 残HP:23
[GameManager] Phase: BattleResult → Reward
[GameManager] Phase: Reward → MapNavigation
[GameManager] MoveToNode: r6_l1 (phase=MapNavigation)
[GameManager] タイル起動: 戦闘 (r6_l1)
[GameManager] エンカウント: 13番目の死
[GameManager] Phase: MapNavigation → Combat
[GameManager] Phase: Combat → BattleResult
[GameManager] 戦闘結果: 13番目の死 — 勝利 (2T) 残HP:23
[GameManager] Phase: BattleResult → Reward
[GameManager] Phase: Reward → MapNavigation
[GameManager] MoveToNode: r7_l1 (phase=MapNavigation)
[GameManager] タイル起動: 戦闘 (r7_l1)
[GameManager] エンカウント: 13番目の死
[GameManager] Phase: MapNavigation → Combat
[GameManager] Phase: Combat → BattleResult
[GameManager] 戦闘結果: 13番目の死 — 勝利 (3T) 残HP:8
[GameManager] Phase: BattleResult → Reward
[GameManager] Phase: Reward → MapNavigation
[GameManager] MoveToNode: r8_l1 (phase=MapNavigation)
[GameManager] タイル起動: 秘宝 (r8_l1)
[GameManager] 宝箱: ゴールド+8, 千手の戦刃
[GameManager] Phase: MapNavigation → TreasureOpen
[GameManager] Phase: TreasureOpen → MapNavigation
[GameManager] MoveToNode: r9_l1 (phase=MapNavigation)
[GameManager] タイル起動: 休憩 (r9_l1)
[GameManager] Phase: MapNavigation → RestStop
[GameManager] 休憩回復: +8HP (30%) (現在: 16/25)
[GameManager] Phase: RestStop → MapNavigation
[GameManager] MoveToNode: boss (phase=MapNavigation)
[GameManager] タイル起動: ボス (boss)
[GameManager] ボス戦: ゴブリン王
[GameManager] Phase: MapNavigation → Combat
[GameManager] Phase: Combat → BattleResult
[GameManager] 戦闘結果: ゴブリン王 — 勝利 (2T) 残HP:16
[GameManager] Phase: BattleResult → Reward
[GameManager] Phase: Reward → FloorClear
[GameManager] フロア2クリア → 次へ
[GameManager] Phase: FloorClear → FloorIntro
[GameManager] --- フロア 3 [瘴気侵蝕] ---
[GameManager] Phase: FloorIntro → MapNavigation
[GameManager] MoveToNode: r1_l1 (phase=MapNavigation)
[GameManager] タイル起動: イベント (r1_l1)
[GameManager] Phase: MapNavigation → EventEncounter
[GameManager] イベント戦闘: ハーピィ (elite=True)
[GameManager] Phase: EventEncounter → Combat
[GameManager] Phase: Combat → BattleResult
[GameManager] 戦闘結果: ハーピィ — 勝利 (4T) 残HP:24
[GameManager] 層デバフ: 戦闘後2ダメージ (HP:22)
[GameManager] Phase: BattleResult → MapNavigation
[GameManager] MoveToNode: r2_l1 (phase=MapNavigation)
[GameManager] タイル起動: 休憩 (r2_l1)
[GameManager] Phase: MapNavigation → RestStop
[GameManager] 休憩回復: +13HP (50%) (現在: 25/25)
[GameManager] Phase: RestStop → MapNavigation
[GameManager] MoveToNode: r3_l1 (phase=MapNavigation)
[GameManager] タイル起動: 戦闘 (r3_l1)
[GameManager] エンカウント: ハーピィ
[GameManager] Phase: MapNavigation → Combat
[GameManager] Phase: Combat → BattleResult
[GameManager] 戦闘結果: ハーピィ — 勝利 (1T) 残HP:25
[GameManager] 層デバフ: 戦闘後2ダメージ (HP:23)
[GameManager] Phase: BattleResult → Reward
[GameManager] Phase: Reward → MapNavigation
[GameManager] MoveToNode: r4_l1 (phase=MapNavigation)
[GameManager] タイル起動: 戦闘 (r4_l1)
[GameManager] エンカウント: ダイアウルフ
[GameManager] Phase: MapNavigation → Combat
[GameManager] Phase: Combat → BattleResult
[GameManager] 戦闘結果: ダイアウルフ — 勝利 (3T) 残HP:17
[GameManager] 層デバフ: 戦闘後2ダメージ (HP:15)
[GameManager] Phase: BattleResult → Reward
[GameManager] Phase: Reward → MapNavigation
[GameManager] MoveToNode: r5_l1 (phase=MapNavigation)
[GameManager] タイル起動: 罠 (r5_l1)
[GameManager] Phase: MapNavigation → TrapTriggered
[GameManager] Phase: TrapTriggered → MapNavigation
[GameManager] MoveToNode: r6_l1 (phase=MapNavigation)
[GameManager] タイル起動: 戦闘 (r6_l1)
[GameManager] エンカウント: 凍れる吟遊詩人
[GameManager] Phase: MapNavigation → Combat
[GameManager] Phase: Combat → BattleResult
[GameManager] 戦闘結果: 凍れる吟遊詩人 — 勝利 (4T) 残HP:15
[GameManager] 層デバフ: 戦闘後2ダメージ (HP:13)
[GameManager] Phase: BattleResult → Reward
[GameManager] Phase: Reward → MapNavigation
[GameManager] MoveToNode: r7_l1 (phase=MapNavigation)
[GameManager] タイル起動: 秘宝 (r7_l1)
[GameManager] 宝箱: ゴールド+15, 革の手甲
[GameManager] Phase: MapNavigation → TreasureOpen
[GameManager] Phase: TreasureOpen → MapNavigation
[GameManager] MoveToNode: r8_l1 (phase=MapNavigation)
[GameManager] タイル起動: 秘宝 (r8_l1)
[GameManager] 宝箱: ゴールド+6, 治癒の指輪
[GameManager] Phase: MapNavigation → TreasureOpen
[GameManager] Phase: TreasureOpen → MapNavigation
[GameManager] MoveToNode: r9_l1 (phase=MapNavigation)
[GameManager] タイル起動: 休憩 (r9_l1)
[GameManager] Phase: MapNavigation → RestStop
[GameManager] 休憩回復: +13HP (50%) (現在: 25/25)
[GameManager] Phase: RestStop → MapNavigation
[GameManager] MoveToNode: boss (phase=MapNavigation)
[GameManager] タイル起動: ボス (boss)
[GameManager] ボス戦: 凍れる吟遊詩人
[GameManager] Phase: MapNavigation → Combat
[GameManager] Phase: Combat → BattleResult
[GameManager] 戦闘結果: 凍れる吟遊詩人 — 勝利 (6T) 残HP:25
[GameManager] 層デバフ: 戦闘後2ダメージ (HP:23)
[GameManager] Phase: BattleResult → Reward
[GameManager] Phase: Reward → FloorClear
[GameManager] フロア3クリア → 次へ
[GameManager] Phase: FloorClear → FloorIntro
[GameManager] --- フロア 4 [煉獄の刻印] ---
[GameManager] Phase: FloorIntro → MapNavigation
[GameManager] MoveToNode: r1_l2 (phase=MapNavigation)
[GameManager] タイル起動: ショップ (r1_l2)
[GameManager] EnterShop called
[GameManager] MapTransitionController.Instance = null
[GameManager] Phase: MapNavigation → ShopVisit
[GameManager] Phase: ShopVisit → MapNavigation
[GameManager] MoveToNode: r2_l2 (phase=MapNavigation)
[GameManager] タイル起動: 戦闘 (r2_l2)
[GameManager] エンカウント: 13番目の死
[GameManager] Phase: MapNavigation → Combat
[GameManager] Phase: Combat → BattleResult
[GameManager] 戦闘結果: 13番目の死 — 勝利 (1T) 残HP:25
[GameManager] Phase: BattleResult → Reward
[GameManager] Phase: Reward → MapNavigation
[GameManager] MoveToNode: r3_l2 (phase=MapNavigation)
[GameManager] タイル起動: ショップ (r3_l2)
[GameManager] EnterShop called
[GameManager] MapTransitionController.Instance = null
[GameManager] Phase: MapNavigation → ShopVisit
[GameManager] Phase: ShopVisit → MapNavigation
[GameManager] MoveToNode: r4_l2 (phase=MapNavigation)
[GameManager] タイル起動: 戦闘 (r4_l2)
[AutoRunner] ラストスタンド発動 (Floor 4)
[AutoRunner] === RUN 92 終了: R5 (4Fで死亡) — 敗北 cause=CombatLoss ===

########## RUN 93  [R4 3Fで死亡]  敗北 cause=CombatLoss
# reached F3 HP 1/1 coins 106 combats 15/17 LS=True
[GameManager] Phase: GameOver → Title
[GameManager] Phase: Title → RunStart
[GameManager] === ラン開始 === HP:30
[GameManager] Phase: RunStart → FloorIntro
[GameManager] --- フロア 1 [残光の加護] ---
[GameManager] Phase: FloorIntro → MapNavigation
[GameManager] MoveToNode: r1_l1 (phase=MapNavigation)
[GameManager] タイル起動: 秘宝 (r1_l1)
[GameManager] 宝箱: ゴールド+6, 灯心の鈴
[GameManager] Phase: MapNavigation → TreasureOpen
[GameManager] Phase: TreasureOpen → MapNavigation
[GameManager] MoveToNode: r2_l1 (phase=MapNavigation)
[GameManager] タイル起動: 戦闘 (r2_l1)
[GameManager] エンカウント: ゴブリン
[GameManager] Phase: MapNavigation → Combat
[GameManager] Phase: Combat → BattleResult
[GameManager] 戦闘結果: ゴブリン — 勝利 (2T) 残HP:30
[GameManager] Phase: BattleResult → Reward
[GameManager] Phase: Reward → MapNavigation
[GameManager] MoveToNode: r3_l1 (phase=MapNavigation)
[GameManager] タイル起動: 戦闘 (r3_l1)
[GameManager] エンカウント: スライム
[GameManager] Phase: MapNavigation → Combat
[GameManager] Phase: Combat → BattleResult
[GameManager] 戦闘結果: スライム — 勝利 (5T) 残HP:30
[GameManager] Phase: BattleResult → Reward
[GameManager] Phase: Reward → MapNavigation
[GameManager] MoveToNode: r4_l1 (phase=MapNavigation)
[GameManager] タイル起動: 戦闘 (r4_l1)
[GameManager] エンカウント: ゴブリン
[GameManager] Phase: MapNavigation → Combat
[GameManager] Phase: Combat → BattleResult
[GameManager] 戦闘結果: ゴブリン — 勝利 (2T) 残HP:30
[GameManager] Phase: BattleResult → Reward
[GameManager] Phase: Reward → MapNavigation
[GameManager] MoveToNode: r5_l1 (phase=MapNavigation)
[GameManager] タイル起動: 戦闘 (r5_l1)
[GameManager] エンカウント: ゴブリン
[GameManager] Phase: MapNavigation → Combat
[GameManager] Phase: Combat → BattleResult
[GameManager] 戦闘結果: ゴブリン — 勝利 (3T) 残HP:30
[GameManager] Phase: BattleResult → Reward
[GameManager] Phase: Reward → MapNavigation
[GameManager] MoveToNode: r6_l1 (phase=MapNavigation)
[GameManager] タイル起動: 激戦 (r6_l1)
[GameManager] エンカウント: ゴブリン
[GameManager] Phase: MapNavigation → Combat
[GameManager] Phase: Combat → BattleResult
[GameManager] 戦闘結果: ゴブリン — 勝利 (2T) 残HP:30
[GameManager] 激戦2戦目: スライム
[GameManager] Phase: BattleResult → Combat
[GameManager] Phase: Combat → BattleResult
[GameManager] 戦闘結果: スライム — 勝利 (1T) 残HP:30
[GameManager] Phase: BattleResult → Reward
[GameManager] Phase: Reward → MapNavigation
[GameManager] MoveToNode: r7_l1 (phase=MapNavigation)
[GameManager] タイル起動: 罠 (r7_l1)
[GameManager] Phase: MapNavigation → TrapTriggered
[GameManager] Phase: TrapTriggered → MapNavigation
[GameManager] MoveToNode: r8_l1 (phase=MapNavigation)
[GameManager] タイル起動: 秘宝 (r8_l1)
[GameManager] 宝箱: ゴールド+3, 黒煙の符
[GameManager] Phase: MapNavigation → TreasureOpen
[GameManager] Phase: TreasureOpen → MapNavigation
[GameManager] MoveToNode: r9_l1 (phase=MapNavigation)
[GameManager] タイル起動: 休憩 (r9_l1)
[GameManager] Phase: MapNavigation → RestStop
[GameManager] 休憩回復: +9HP (30%) (現在: 30/30)
[GameManager] Phase: RestStop → MapNavigation
[GameManager] MoveToNode: boss (phase=MapNavigation)
[GameManager] タイル起動: ボス (boss)
[GameManager] ボス 'boss_layer1' 未定義 — フロア1のプールから抽選
[GameManager] ボス戦: スライム
[GameManager] Phase: MapNavigation → Combat
[GameManager] Phase: Combat → BattleResult
[GameManager] 戦闘結果: スライム — 勝利 (2T) 残HP:30
[GameManager] Phase: BattleResult → Reward
[GameManager] Phase: Reward → FloorClear
[GameManager] フロア1クリア → 次へ
[GameManager] 層デバフ: MaxHP-5 → 25
[GameManager] Phase: FloorClear → FloorIntro
[GameManager] --- フロア 2 [嘆きの共鳴] ---
[GameManager] Phase: FloorIntro → MapNavigation
[GameManager] MoveToNode: r1_l2 (phase=MapNavigation)
[GameManager] タイル起動: 戦闘 (r1_l2)
[GameManager] エンカウント: ゴブリン王
[GameManager] Phase: MapNavigation → Combat
[GameManager] Phase: Combat → BattleResult
[GameManager] 戦闘結果: ゴブリン王 — 勝利 (10T) 残HP:19
[GameManager] Phase: BattleResult → Reward
[GameManager] Phase: Reward → MapNavigation
[GameManager] MoveToNode: r2_l2 (phase=MapNavigation)
[GameManager] タイル起動: 戦闘 (r2_l2)
[GameManager] エンカウント: スケルトン
[GameManager] Phase: MapNavigation → Combat
[GameManager] Phase: Combat → BattleResult
[GameManager] 戦闘結果: スケルトン — 勝利 (5T) 残HP:17
[GameManager] Phase: BattleResult → Reward
[GameManager] Phase: Reward → MapNavigation
[GameManager] MoveToNode: r3_l2 (phase=MapNavigation)
[GameManager] タイル起動: 戦闘 (r3_l2)
[GameManager] エンカウント: スケルトン
[GameManager] Phase: MapNavigation → Combat
[GameManager] Phase: Combat → BattleResult
[GameManager] 戦闘結果: スケルトン — 勝利 (10T) 残HP:15
[GameManager] Phase: BattleResult → Reward
[GameManager] Phase: Reward → MapNavigation
[GameManager] MoveToNode: r4_l2 (phase=MapNavigation)
[GameManager] タイル起動: 戦闘 (r4_l2)
[GameManager] エンカウント: スケルトン
[GameManager] Phase: MapNavigation → Combat
[GameManager] Phase: Combat → BattleResult
[GameManager] 戦闘結果: スケルトン — 勝利 (5T) 残HP:15
[GameManager] Phase: BattleResult → Reward
[GameManager] Phase: Reward → MapNavigation
[GameManager] MoveToNode: r5_l2 (phase=MapNavigation)
[GameManager] タイル起動: 戦闘 (r5_l2)
[GameManager] エンカウント: ダイアウルフ
[GameManager] Phase: MapNavigation → Combat
[GameManager] Phase: Combat → BattleResult
[GameManager] 戦闘結果: ダイアウルフ — 勝利 (4T) 残HP:10
[GameManager] Phase: BattleResult → Reward
[GameManager] Phase: Reward → MapNavigation
[GameManager] MoveToNode: r6_l2 (phase=MapNavigation)
[GameManager] タイル起動: 休憩 (r6_l2)
[GameManager] Phase: MapNavigation → RestStop
[GameManager] 休憩回復: +8HP (30%) (現在: 18/25)
[GameManager] Phase: RestStop → MapNavigation
[GameManager] MoveToNode: r7_l2 (phase=MapNavigation)
[GameManager] タイル起動: 戦闘 (r7_l2)
[GameManager] エンカウント: スライム
[GameManager] Phase: MapNavigation → Combat
[GameManager] Phase: Combat → BattleResult
[GameManager] 戦闘結果: スライム — 勝利 (1T) 残HP:18
[GameManager] Phase: BattleResult → Reward
[GameManager] Phase: Reward → MapNavigation
[GameManager] MoveToNode: r8_l2 (phase=MapNavigation)
[GameManager] タイル起動: 秘宝 (r8_l2)
[GameManager] 宝箱: ゴールド+14, 死神の数珠
[GameManager] Phase: MapNavigation → TreasureOpen
[GameManager] Phase: TreasureOpen → MapNavigation
[GameManager] MoveToNode: r9_l2 (phase=MapNavigation)
[GameManager] タイル起動: 休憩 (r9_l2)
[GameManager] Phase: MapNavigation → RestStop
[GameManager] 休憩回復: +8HP (30%) (現在: 25/25)
[GameManager] Phase: RestStop → MapNavigation
[GameManager] MoveToNode: boss (phase=MapNavigation)
[GameManager] タイル起動: ボス (boss)
[GameManager] ボス戦: ゴブリン王
[GameManager] Phase: MapNavigation → Combat
[GameManager] Phase: Combat → BattleResult
[GameManager] 戦闘結果: ゴブリン王 — 勝利 (10T) 残HP:13
[GameManager] Phase: BattleResult → Reward
[GameManager] Phase: Reward → FloorClear
[GameManager] フロア2クリア → 次へ
[GameManager] Phase: FloorClear → FloorIntro
[GameManager] --- フロア 3 [瘴気侵蝕] ---
[GameManager] Phase: FloorIntro → MapNavigation
[GameManager] MoveToNode: r1_l1 (phase=MapNavigation)
[GameManager] タイル起動: 戦闘 (r1_l1)
[GameManager] エンカウント: ハーピィ
[GameManager] Phase: MapNavigation → Combat
[GameManager] Phase: Combat → BattleResult
[GameManager] 戦闘結果: ハーピィ — 勝利 (13T) 残HP:1
[GameManager] 層デバフ: 戦闘後2ダメージ (HP:1)
[GameManager] Phase: BattleResult → Reward
[GameManager] Phase: Reward → MapNavigation
[GameManager] MoveToNode: r2_l1 (phase=MapNavigation)
[GameManager] タイル起動: イベント (r2_l1)
[GameManager] Phase: MapNavigation → EventEncounter
[GameManager] Phase: EventEncounter → MapNavigation
[GameManager] MoveToNode: r3_l1 (phase=MapNavigation)
[GameManager] タイル起動: イベント (r3_l1)
[GameManager] Phase: MapNavigation → EventEncounter
[GameManager] Phase: EventEncounter → MapNavigation
[GameManager] MoveToNode: r4_l1 (phase=MapNavigation)
[GameManager] タイル起動: 戦闘 (r4_l1)
[GameManager] エンカウント: オーク
[GameManager] Phase: MapNavigation → Combat
[GameManager] Phase: Combat → BattleResult
[GameManager] 戦闘結果: オーク — 敗北 (2T) 残HP:1
[GameManager] 層デバフ: 戦闘後2ダメージ (HP:1)
[GameManager] 救済発動: マップへ戻る
[GameManager] Phase: BattleResult → MapNavigation
[AutoRunner] ラストスタンド発動 (Floor 3)
[GameManager] MoveToNode: r5_l1 (phase=MapNavigation)
[GameManager] タイル起動: 戦闘 (r5_l1)
[GameManager] エンカウント: ゴブリン王
[GameManager] Phase: MapNavigation → Combat
[GameManager] Phase: Combat → BattleResult
[GameManager] 戦闘結果: ゴブリン王 — 敗北 (6T) 残HP:1
[GameManager] 層デバフ: 戦闘後2ダメージ (HP:1)
[GameManager] Phase: BattleResult → GameOver
[AutoRunner] === RUN 93 終了: R4 (3Fで死亡) — 敗北 cause=CombatLoss ===

########## RUN 94  [R7 5Fボスで死亡]  敗北 cause=Starvation
# reached F5 HP 0/1 coins 50 combats 23/24 LS=True
[GameManager] Phase: GameOver → Title
[GameManager] Phase: Title → RunStart
[GameManager] === ラン開始 === HP:30
[GameManager] Phase: RunStart → FloorIntro
[GameManager] --- フロア 1 [残光の加護] ---
[GameManager] Phase: FloorIntro → MapNavigation
[GameManager] MoveToNode: r1_l1 (phase=MapNavigation)
[GameManager] タイル起動: 戦闘 (r1_l1)
[GameManager] エンカウント: スライム
[GameManager] Phase: MapNavigation → Combat
[GameManager] Phase: Combat → BattleResult
[GameManager] 戦闘結果: スライム — 勝利 (1T) 残HP:30
[GameManager] Phase: BattleResult → Reward
[GameManager] Phase: Reward → MapNavigation
[GameManager] MoveToNode: r2_l1 (phase=MapNavigation)
[GameManager] タイル起動: イベント (r2_l1)
[GameManager] Phase: MapNavigation → EventEncounter
[GameManager] Phase: EventEncounter → MapNavigation
[GameManager] MoveToNode: r3_l1 (phase=MapNavigation)
[GameManager] タイル起動: ショップ (r3_l1)
[GameManager] EnterShop called
[GameManager] MapTransitionController.Instance = null
[GameManager] Phase: MapNavigation → ShopVisit
[GameManager] Phase: ShopVisit → MapNavigation
[GameManager] MoveToNode: r4_l1 (phase=MapNavigation)
[GameManager] タイル起動: 戦闘 (r4_l1)
[GameManager] エンカウント: スライム
[GameManager] Phase: MapNavigation → Combat
[GameManager] Phase: Combat → BattleResult
[GameManager] 戦闘結果: スライム — 勝利 (1T) 残HP:30
[GameManager] Phase: BattleResult → Reward
[GameManager] Phase: Reward → MapNavigation
[GameManager] MoveToNode: r5_l2 (phase=MapNavigation)
[GameManager] タイル起動: 戦闘 (r5_l2)
[GameManager] エンカウント: ゴブリン
[GameManager] Phase: MapNavigation → Combat
[GameManager] Phase: Combat → BattleResult
[GameManager] 戦闘結果: ゴブリン — 勝利 (2T) 残HP:30
[GameManager] Phase: BattleResult → Reward
[GameManager] Phase: Reward → MapNavigation
[GameManager] MoveToNode: r6_l1 (phase=MapNavigation)
[GameManager] タイル起動: ショップ (r6_l1)
[GameManager] EnterShop called
[GameManager] MapTransitionController.Instance = null
[GameManager] Phase: MapNavigation → ShopVisit
[GameManager] Phase: ShopVisit → MapNavigation
[GameManager] MoveToNode: r7_l1 (phase=MapNavigation)
[GameManager] タイル起動: 戦闘 (r7_l1)
[GameManager] エンカウント: スライム
[GameManager] Phase: MapNavigation → Combat
[GameManager] Phase: Combat → BattleResult
[GameManager] 戦闘結果: スライム — 勝利 (1T) 残HP:30
[GameManager] Phase: BattleResult → Reward
[GameManager] Phase: Reward → MapNavigation
[GameManager] MoveToNode: r8_l1 (phase=MapNavigation)
[GameManager] タイル起動: 秘宝 (r8_l1)
[GameManager] 宝箱: ゴールド+3, 食通の懐刀
[GameManager] Phase: MapNavigation → TreasureOpen
[GameManager] Phase: TreasureOpen → MapNavigation
[GameManager] MoveToNode: r9_l1 (phase=MapNavigation)
[GameManager] タイル起動: 休憩 (r9_l1)
[GameManager] Phase: MapNavigation → RestStop
[GameManager] 休憩回復: +9HP (30%) (現在: 30/30)
[GameManager] Phase: RestStop → MapNavigation
[GameManager] MoveToNode: boss (phase=MapNavigation)
[GameManager] タイル起動: ボス (boss)
[GameManager] ボス 'boss_layer1' 未定義 — フロア1のプールから抽選
[GameManager] ボス戦: スライム
[GameManager] Phase: MapNavigation → Combat
[GameManager] Phase: Combat → BattleResult
[GameManager] 戦闘結果: スライム — 勝利 (1T) 残HP:30
[GameManager] Phase: BattleResult → Reward
[GameManager] Phase: Reward → FloorClear
[GameManager] フロア1クリア → 次へ
[GameManager] 層デバフ: MaxHP-5 → 25
[GameManager] Phase: FloorClear → FloorIntro
[GameManager] --- フロア 2 [嘆きの共鳴] ---
[GameManager] Phase: FloorIntro → MapNavigation
[GameManager] MoveToNode: r1_l2 (phase=MapNavigation)
[GameManager] タイル起動: 戦闘 (r1_l2)
[GameManager] エンカウント: コボルド
[GameManager] Phase: MapNavigation → Combat
[GameManager] Phase: Combat → BattleResult
[GameManager] 戦闘結果: コボルド — 勝利 (2T) 残HP:25
[GameManager] Phase: BattleResult → Reward
[GameManager] Phase: Reward → MapNavigation
[GameManager] MoveToNode: r2_l2 (phase=MapNavigation)
[GameManager] タイル起動: イベント (r2_l2)
[GameManager] Phase: MapNavigation → EventEncounter
[GameManager] Phase: EventEncounter → MapNavigation
[GameManager] MoveToNode: r3_l2 (phase=MapNavigation)
[GameManager] タイル起動: 戦闘 (r3_l2)
[GameManager] エンカウント: スケルトン
[GameManager] Phase: MapNavigation → Combat
[GameManager] Phase: Combat → BattleResult
[GameManager] 戦闘結果: スケルトン — 勝利 (6T) 残HP:25
[GameManager] Phase: BattleResult → Reward
[GameManager] Phase: Reward → MapNavigation
[GameManager] MoveToNode: r4_l1 (phase=MapNavigation)
[GameManager] タイル起動: 戦闘 (r4_l1)
[GameManager] エンカウント: ゴブリン王
[GameManager] Phase: MapNavigation → Combat
[GameManager] Phase: Combat → BattleResult
[GameManager] 戦闘結果: ゴブリン王 — 勝利 (10T) 残HP:21
[GameManager] Phase: BattleResult → Reward
[GameManager] Phase: Reward → MapNavigation
[GameManager] MoveToNode: r5_l1 (phase=MapNavigation)
[GameManager] タイル起動: 戦闘 (r5_l1)
[GameManager] エンカウント: ゴブリン王
[GameManager] Phase: MapNavigation → Combat
[GameManager] Phase: Combat → BattleResult
[GameManager] 戦闘結果: ゴブリン王 — 勝利 (6T) 残HP:21
[GameManager] Phase: BattleResult → Reward
[GameManager] Phase: Reward → MapNavigation
[GameManager] MoveToNode: r6_l0 (phase=MapNavigation)
[GameManager] タイル起動: 戦闘 (r6_l0)
[GameManager] エンカウント: ゴブリン王
[GameManager] Phase: MapNavigation → Combat
[GameManager] Phase: Combat → BattleResult
[GameManager] 戦闘結果: ゴブリン王 — 勝利 (11T) 残HP:19
[GameManager] Phase: BattleResult → Reward
[GameManager] Phase: Reward → MapNavigation
[GameManager] MoveToNode: r7_l0 (phase=MapNavigation)
[GameManager] タイル起動: 激戦 (r7_l0)
[GameManager] エンカウント: コボルド
[GameManager] Phase: MapNavigation → Combat
[GameManager] Phase: Combat → BattleResult
[GameManager] 戦闘結果: コボルド — 勝利 (3T) 残HP:19
[GameManager] 激戦2戦目: スケルトン
[GameManager] Phase: BattleResult → Combat
[GameManager] Phase: Combat → BattleResult
[GameManager] 戦闘結果: スケルトン — 勝利 (8T) 残HP:19
[GameManager] Phase: BattleResult → Reward
[GameManager] Phase: Reward → MapNavigation
[GameManager] MoveToNode: r8_l0 (phase=MapNavigation)
[GameManager] タイル起動: 秘宝 (r8_l0)
[GameManager] 宝箱: ゴールド+10, 連刃の篭手
[GameManager] Phase: MapNavigation → TreasureOpen
[GameManager] Phase: TreasureOpen → MapNavigation
[GameManager] MoveToNode: r9_l0 (phase=MapNavigation)
[GameManager] タイル起動: 休憩 (r9_l0)
[GameManager] Phase: MapNavigation → RestStop
[GameManager] 休憩回復: +8HP (30%) (現在: 25/25)
[GameManager] Phase: RestStop → MapNavigation
[GameManager] MoveToNode: boss (phase=MapNavigation)
[GameManager] タイル起動: ボス (boss)
[GameManager] ボス戦: ゴブリン王
[GameManager] Phase: MapNavigation → Combat
[GameManager] Phase: Combat → BattleResult
[GameManager] 戦闘結果: ゴブリン王 — 勝利 (5T) 残HP:24
[GameManager] Phase: BattleResult → Reward
[GameManager] Phase: Reward → FloorClear
[GameManager] フロア2クリア → 次へ
[GameManager] Phase: FloorClear → FloorIntro
[GameManager] --- フロア 3 [瘴気侵蝕] ---
[GameManager] Phase: FloorIntro → MapNavigation
[GameManager] MoveToNode: r1_l0 (phase=MapNavigation)
[GameManager] タイル起動: ショップ (r1_l0)
[GameManager] EnterShop called
[GameManager] MapTransitionController.Instance = null
[GameManager] Phase: MapNavigation → ShopVisit
[GameManager] Phase: ShopVisit → MapNavigation
[GameManager] MoveToNode: r2_l1 (phase=MapNavigation)
[GameManager] タイル起動: イベント (r2_l1)
[GameManager] Phase: MapNavigation → EventEncounter
[GameManager] Phase: EventEncounter → MapNavigation
[GameManager] MoveToNode: r3_l1 (phase=MapNavigation)
[GameManager] タイル起動: 秘宝 (r3_l1)
[GameManager] 宝箱: ゴールド+18, 小回復ポーション
[GameManager] Phase: MapNavigation → TreasureOpen
[GameManager] Phase: TreasureOpen → MapNavigation
[GameManager] MoveToNode: r4_l2 (phase=MapNavigation)
[GameManager] タイル起動: 戦闘 (r4_l2)
[GameManager] エンカウント: ハーピィ
[GameManager] Phase: MapNavigation → Combat
[GameManager] Phase: Combat → BattleResult
[GameManager] 戦闘結果: ハーピィ — 勝利 (3T) 残HP:25
[GameManager] 層デバフ: 戦闘後2ダメージ (HP:23)
[GameManager] Phase: BattleResult → Reward
[GameManager] Phase: Reward → MapNavigation
[GameManager] MoveToNode: r5_l1 (phase=MapNavigation)
[GameManager] タイル起動: 秘宝 (r5_l1)
[GameManager] 宝箱: ゴールド+18, 鋼の籠手
[GameManager] Phase: MapNavigation → TreasureOpen
[GameManager] Phase: TreasureOpen → MapNavigation
[GameManager] MoveToNode: r6_l1 (phase=MapNavigation)
[GameManager] タイル起動: 激戦 (r6_l1)
[GameManager] エンカウント: ゴブリン王
[GameManager] Phase: MapNavigation → Combat
[GameManager] Phase: Combat → BattleResult
[GameManager] 戦闘結果: ゴブリン王 — 勝利 (7T) 残HP:19
[GameManager] 層デバフ: 戦闘後2ダメージ (HP:17)
[GameManager] 激戦2戦目: コボルド
[GameManager] Phase: BattleResult → Combat
[GameManager] Phase: Combat → BattleResult
[GameManager] 戦闘結果: コボルド — 勝利 (1T) 残HP:17
[GameManager] 層デバフ: 戦闘後2ダメージ (HP:15)
[GameManager] Phase: BattleResult → Reward
[GameManager] Phase: Reward → MapNavigation
[GameManager] MoveToNode: r7_l2 (phase=MapNavigation)
[GameManager] タイル起動: 戦闘 (r7_l2)
[GameManager] エンカウント: ハーピィ
[GameManager] Phase: MapNavigation → Combat
[GameManager] Phase: Combat → BattleResult
[GameManager] 戦闘結果: ハーピィ — 勝利 (2T) 残HP:15
[GameManager] 層デバフ: 戦闘後2ダメージ (HP:13)
[GameManager] Phase: BattleResult → Reward
[GameManager] Phase: Reward → MapNavigation
[GameManager] MoveToNode: r8_l2 (phase=MapNavigation)
[GameManager] タイル起動: 秘宝 (r8_l2)
[GameManager] 宝箱: ゴールド+12, 革の胸当て
[GameManager] Phase: MapNavigation → TreasureOpen
[GameManager] Phase: TreasureOpen → MapNavigation
[GameManager] MoveToNode: r9_l2 (phase=MapNavigation)
[GameManager] タイル起動: 休憩 (r9_l2)
[GameManager] Phase: MapNavigation → RestStop
[GameManager] 休憩回復: +13HP (50%) (現在: 25/25)
[GameManager] Phase: RestStop → MapNavigation
[GameManager] MoveToNode: boss (phase=MapNavigation)
[GameManager] タイル起動: ボス (boss)
[GameManager] ボス戦: 凍れる吟遊詩人
[GameManager] Phase: MapNavigation → Combat
[GameManager] Phase: Combat → BattleResult
[GameManager] 戦闘結果: 凍れる吟遊詩人 — 勝利 (6T) 残HP:25
[GameManager] 層デバフ: 戦闘後2ダメージ (HP:23)
[GameManager] Phase: BattleResult → Reward
[GameManager] Phase: Reward → FloorClear
[GameManager] フロア3クリア → 次へ
[GameManager] Phase: FloorClear → FloorIntro
[GameManager] --- フロア 4 [煉獄の刻印] ---
[GameManager] Phase: FloorIntro → MapNavigation
[GameManager] MoveToNode: r1_l0 (phase=MapNavigation)
[GameManager] タイル起動: 戦闘 (r1_l0)
[GameManager] エンカウント: リザードマン
[GameManager] Phase: MapNavigation → Combat
[GameManager] Phase: Combat → BattleResult
[GameManager] 戦闘結果: リザードマン — 勝利 (3T) 残HP:23
[GameManager] Phase: BattleResult → Reward
[GameManager] Phase: Reward → MapNavigation
[GameManager] MoveToNode: r2_l0 (phase=MapNavigation)
[GameManager] タイル起動: ショップ (r2_l0)
[GameManager] EnterShop called
[GameManager] MapTransitionController.Instance = null
[GameManager] Phase: MapNavigation → ShopVisit
[GameManager] Phase: ShopVisit → MapNavigation
[GameManager] MoveToNode: r3_l0 (phase=MapNavigation)
[GameManager] タイル起動: 罠 (r3_l0)
[GameManager] 翼の恩寵発動: トラップ無効化
[GameManager] Phase: MapNavigation → MapNavigation
[GameManager] MoveToNode: r4_l0 (phase=MapNavigation)
[AutoRunner] ラストスタンド発動 (Floor 5)
[AutoRunner] === RUN 94 終了: R7 (5Fボスで死亡) — 敗北 cause=Starvation ===

########## RUN 95  [R4 3Fで死亡]  敗北 cause=CombatLoss
# reached F3 HP 0/1 coins 39 combats 8/10 LS=True
[GameManager] Phase: GameOver → Title
[GameManager] Phase: Title → RunStart
[GameManager] === ラン開始 === HP:30
[GameManager] Phase: RunStart → FloorIntro
[GameManager] --- フロア 1 [残光の加護] ---
[GameManager] Phase: FloorIntro → MapNavigation
[GameManager] MoveToNode: r1_l1 (phase=MapNavigation)
[GameManager] タイル起動: 秘宝 (r1_l1)
[GameManager] 宝箱: ゴールド+2, 革の胸当て
[GameManager] Phase: MapNavigation → TreasureOpen
[GameManager] Phase: TreasureOpen → MapNavigation
[GameManager] MoveToNode: r2_l1 (phase=MapNavigation)
[GameManager] タイル起動: 罠 (r2_l1)
[GameManager] Phase: MapNavigation → TrapTriggered
[GameManager] Phase: TrapTriggered → MapNavigation
[GameManager] MoveToNode: r3_l1 (phase=MapNavigation)
[GameManager] タイル起動: 休憩 (r3_l1)
[GameManager] Phase: MapNavigation → RestStop
[GameManager] 休憩回復: +9HP (30%) (現在: 30/30)
[GameManager] Phase: RestStop → MapNavigation
[GameManager] MoveToNode: r4_l1 (phase=MapNavigation)
[GameManager] タイル起動: 戦闘 (r4_l1)
[GameManager] エンカウント: スライム
[GameManager] Phase: MapNavigation → Combat
[GameManager] Phase: Combat → BattleResult
[GameManager] 戦闘結果: スライム — 勝利 (2T) 残HP:30
[GameManager] Phase: BattleResult → Reward
[GameManager] Phase: Reward → MapNavigation
[GameManager] MoveToNode: r5_l1 (phase=MapNavigation)
[GameManager] タイル起動: ショップ (r5_l1)
[GameManager] EnterShop called
[GameManager] MapTransitionController.Instance = null
[GameManager] Phase: MapNavigation → ShopVisit
[GameManager] Phase: ShopVisit → MapNavigation
[GameManager] MoveToNode: r6_l0 (phase=MapNavigation)
[GameManager] タイル起動: 戦闘 (r6_l0)
[GameManager] エンカウント: スライム
[GameManager] Phase: MapNavigation → Combat
[GameManager] Phase: Combat → BattleResult
[GameManager] 戦闘結果: スライム — 勝利 (2T) 残HP:30
[GameManager] Phase: BattleResult → Reward
[GameManager] Phase: Reward → MapNavigation
[GameManager] MoveToNode: r7_l0 (phase=MapNavigation)
[GameManager] タイル起動: イベント (r7_l0)
[GameManager] Phase: MapNavigation → EventEncounter
[GameManager] Phase: EventEncounter → MapNavigation
[GameManager] MoveToNode: r8_l0 (phase=MapNavigation)
[GameManager] タイル起動: 秘宝 (r8_l0)
[GameManager] 宝箱: ゴールド+5, 神聖の靴
[GameManager] Phase: MapNavigation → TreasureOpen
[GameManager] Phase: TreasureOpen → MapNavigation
[GameManager] MoveToNode: r9_l0 (phase=MapNavigation)
[GameManager] タイル起動: 休憩 (r9_l0)
[GameManager] Phase: MapNavigation → RestStop
[GameManager] 休憩回復: +9HP (30%) (現在: 13/30)
[GameManager] Phase: RestStop → MapNavigation
[GameManager] MoveToNode: boss (phase=MapNavigation)
[GameManager] タイル起動: ボス (boss)
[GameManager] ボス 'boss_layer1' 未定義 — フロア1のプールから抽選
[GameManager] ボス戦: スライム
[GameManager] Phase: MapNavigation → Combat
[GameManager] Phase: Combat → BattleResult
[GameManager] 戦闘結果: スライム — 勝利 (1T) 残HP:16
[GameManager] Phase: BattleResult → Reward
[GameManager] Phase: Reward → FloorClear
[GameManager] フロア1クリア → 次へ
[GameManager] 層デバフ: MaxHP-5 → 25
[GameManager] Phase: FloorClear → FloorIntro
[GameManager] --- フロア 2 [嘆きの共鳴] ---
[GameManager] Phase: FloorIntro → MapNavigation
[GameManager] MoveToNode: r1_l0 (phase=MapNavigation)
[GameManager] タイル起動: 戦闘 (r1_l0)
[GameManager] エンカウント: 13番目の死
[GameManager] Phase: MapNavigation → Combat
[GameManager] Phase: Combat → BattleResult
[GameManager] 戦闘結果: 13番目の死 — 勝利 (2T) 残HP:25
[GameManager] Phase: BattleResult → Reward
[GameManager] Phase: Reward → MapNavigation
[GameManager] MoveToNode: r2_l0 (phase=MapNavigation)
[GameManager] タイル起動: 戦闘 (r2_l0)
[GameManager] エンカウント: コボルド
[GameManager] Phase: MapNavigation → Combat
[GameManager] Phase: Combat → BattleResult
[GameManager] 戦闘結果: コボルド — 勝利 (3T) 残HP:25
[GameManager] Phase: BattleResult → Reward
[GameManager] Phase: Reward → MapNavigation
[GameManager] MoveToNode: r3_l0 (phase=MapNavigation)
[GameManager] タイル起動: 戦闘 (r3_l0)
[GameManager] エンカウント: ゴブリン王
[GameManager] Phase: MapNavigation → Combat
[GameManager] Phase: Combat → BattleResult
[GameManager] 戦闘結果: ゴブリン王 — 勝利 (5T) 残HP:23
[GameManager] Phase: BattleResult → Reward
[GameManager] Phase: Reward → MapNavigation
[GameManager] MoveToNode: r4_l0 (phase=MapNavigation)
[GameManager] タイル起動: 戦闘 (r4_l0)
[GameManager] エンカウント: 13番目の死
[GameManager] Phase: MapNavigation → Combat
[GameManager] Phase: Combat → BattleResult
[GameManager] 戦闘結果: 13番目の死 — 敗北 (2T) 残HP:0
[GameManager] 救済発動: マップへ戻る
[GameManager] Phase: BattleResult → MapNavigation
[AutoRunner] ラストスタンド発動 (Floor 2)
[GameManager] MoveToNode: r5_l1 (phase=MapNavigation)
[GameManager] タイル起動: イベント (r5_l1)
[GameManager] Phase: MapNavigation → EventEncounter
[GameManager] Phase: EventEncounter → MapNavigation
[GameManager] MoveToNode: r6_l1 (phase=MapNavigation)
[GameManager] タイル起動: 罠 (r6_l1)
[GameManager] Phase: MapNavigation → TrapTriggered
[GameManager] Phase: TrapTriggered → MapNavigation
[GameManager] MoveToNode: r7_l0 (phase=MapNavigation)
[GameManager] タイル起動: イベント (r7_l0)
[GameManager] Phase: MapNavigation → EventEncounter
[GameManager] Phase: EventEncounter → MapNavigation
[GameManager] MoveToNode: r8_l0 (phase=MapNavigation)
[GameManager] タイル起動: 秘宝 (r8_l0)
[GameManager] 宝箱: ゴールド+0, 革の胸当て
[GameManager] Phase: MapNavigation → TreasureOpen
[GameManager] Phase: TreasureOpen → MapNavigation
[GameManager] MoveToNode: r9_l0 (phase=MapNavigation)
[GameManager] タイル起動: 休憩 (r9_l0)
[GameManager] Phase: MapNavigation → RestStop
[GameManager] 休憩回復: +1HP (30%) (現在: 1/1)
[GameManager] Phase: RestStop → MapNavigation
[GameManager] MoveToNode: boss (phase=MapNavigation)
[GameManager] タイル起動: ボス (boss)
[GameManager] ボス戦: ゴブリン王
[GameManager] Phase: MapNavigation → Combat
[GameManager] Phase: Combat → BattleResult
[GameManager] 戦闘結果: ゴブリン王 — 勝利 (5T) 残HP:1
[GameManager] Phase: BattleResult → Reward
[GameManager] Phase: Reward → FloorClear
[GameManager] フロア2クリア → 次へ
[GameManager] Phase: FloorClear → FloorIntro
[GameManager] --- フロア 3 [瘴気侵蝕] ---
[GameManager] Phase: FloorIntro → MapNavigation
[GameManager] MoveToNode: r1_l1 (phase=MapNavigation)
[GameManager] タイル起動: 戦闘 (r1_l1)
[GameManager] エンカウント: ダイアウルフ
[GameManager] Phase: MapNavigation → Combat
[GameManager] Phase: Combat → BattleResult
[GameManager] 戦闘結果: ダイアウルフ — 勝利 (2T) 残HP:1
[GameManager] 層デバフ: 戦闘後2ダメージ (HP:1)
[GameManager] Phase: BattleResult → Reward
[GameManager] Phase: Reward → MapNavigation
[GameManager] MoveToNode: r2_l1 (phase=MapNavigation)
[GameManager] タイル起動: 激戦 (r2_l1)
[GameManager] エンカウント: 凍れる吟遊詩人
[GameManager] Phase: MapNavigation → Combat
[GameManager] Phase: Combat → BattleResult
[GameManager] 戦闘結果: 凍れる吟遊詩人 — 敗北 (3T) 残HP:0
[GameManager] Phase: BattleResult → GameOver
[AutoRunner] === RUN 95 終了: R4 (3Fで死亡) — 敗北 cause=CombatLoss ===

########## RUN 96  [DEADLOCK デッドロック]  ストール phase=EventEncounter node=r6_l1 floor=4
# reached F4 HP 10/25 coins 45 combats 12/12 LS=False
[GameManager] Phase: GameOver → Title
[GameManager] Phase: Title → RunStart
[GameManager] === ラン開始 === HP:30
[GameManager] Phase: RunStart → FloorIntro
[GameManager] --- フロア 1 [残光の加護] ---
[GameManager] Phase: FloorIntro → MapNavigation
[GameManager] MoveToNode: r1_l2 (phase=MapNavigation)
[GameManager] タイル起動: ショップ (r1_l2)
[GameManager] EnterShop called
[GameManager] MapTransitionController.Instance = null
[GameManager] Phase: MapNavigation → ShopVisit
[GameManager] Phase: ShopVisit → MapNavigation
[GameManager] MoveToNode: r2_l2 (phase=MapNavigation)
[GameManager] タイル起動: 罠 (r2_l2)
[GameManager] Phase: MapNavigation → TrapTriggered
[GameManager] Phase: TrapTriggered → MapNavigation
[GameManager] MoveToNode: r3_l1 (phase=MapNavigation)
[GameManager] タイル起動: 戦闘 (r3_l1)
[GameManager] エンカウント: スライム
[GameManager] Phase: MapNavigation → Combat
[GameManager] Phase: Combat → BattleResult
[GameManager] 戦闘結果: スライム — 勝利 (2T) 残HP:30
[GameManager] Phase: BattleResult → Reward
[GameManager] Phase: Reward → MapNavigation
[GameManager] MoveToNode: r4_l0 (phase=MapNavigation)
[GameManager] タイル起動: 戦闘 (r4_l0)
[GameManager] エンカウント: ゴブリン
[GameManager] Phase: MapNavigation → Combat
[GameManager] Phase: Combat → BattleResult
[GameManager] 戦闘結果: ゴブリン — 勝利 (2T) 残HP:30
[GameManager] Phase: BattleResult → Reward
[GameManager] Phase: Reward → MapNavigation
[GameManager] MoveToNode: r5_l0 (phase=MapNavigation)
[GameManager] タイル起動: 戦闘 (r5_l0)
[GameManager] エンカウント: ゴブリン
[GameManager] Phase: MapNavigation → Combat
[GameManager] Phase: Combat → BattleResult
[GameManager] 戦闘結果: ゴブリン — 勝利 (1T) 残HP:30
[GameManager] Phase: BattleResult → Reward
[GameManager] Phase: Reward → MapNavigation
[GameManager] MoveToNode: r6_l0 (phase=MapNavigation)
[GameManager] タイル起動: 戦闘 (r6_l0)
[GameManager] エンカウント: スライム
[GameManager] Phase: MapNavigation → Combat
[GameManager] Phase: Combat → BattleResult
[GameManager] 戦闘結果: スライム — 勝利 (1T) 残HP:30
[GameManager] Phase: BattleResult → Reward
[GameManager] Phase: Reward → MapNavigation
[GameManager] MoveToNode: r7_l1 (phase=MapNavigation)
[GameManager] タイル起動: 戦闘 (r7_l1)
[GameManager] エンカウント: スライム
[GameManager] Phase: MapNavigation → Combat
[GameManager] Phase: Combat → BattleResult
[GameManager] 戦闘結果: スライム — 勝利 (2T) 残HP:30
[GameManager] Phase: BattleResult → Reward
[GameManager] Phase: Reward → MapNavigation
[GameManager] MoveToNode: r8_l1 (phase=MapNavigation)
[GameManager] タイル起動: 秘宝 (r8_l1)
[GameManager] 宝箱: ゴールド+7, 小回復ポーション
[GameManager] Phase: MapNavigation → TreasureOpen
[GameManager] Phase: TreasureOpen → MapNavigation
[GameManager] MoveToNode: r9_l1 (phase=MapNavigation)
[GameManager] タイル起動: 休憩 (r9_l1)
[GameManager] Phase: MapNavigation → RestStop
[GameManager] 休憩回復: +9HP (30%) (現在: 30/30)
[GameManager] Phase: RestStop → MapNavigation
[GameManager] MoveToNode: boss (phase=MapNavigation)
[GameManager] タイル起動: ボス (boss)
[GameManager] ボス 'boss_layer1' 未定義 — フロア1のプールから抽選
[GameManager] ボス戦: ゴブリン
[GameManager] Phase: MapNavigation → Combat
[GameManager] Phase: Combat → BattleResult
[GameManager] 戦闘結果: ゴブリン — 勝利 (1T) 残HP:30
[GameManager] Phase: BattleResult → Reward
[GameManager] Phase: Reward → FloorClear
[GameManager] フロア1クリア → 次へ
[GameManager] 層デバフ: MaxHP-5 → 25
[GameManager] Phase: FloorClear → FloorIntro
[GameManager] --- フロア 2 [嘆きの共鳴] ---
[GameManager] Phase: FloorIntro → MapNavigation
[GameManager] MoveToNode: r1_l0 (phase=MapNavigation)
[GameManager] タイル起動: 戦闘 (r1_l0)
[GameManager] エンカウント: ゴブリン王
[GameManager] Phase: MapNavigation → Combat
[GameManager] Phase: Combat → BattleResult
[GameManager] 戦闘結果: ゴブリン王 — 勝利 (9T) 残HP:23
[GameManager] Phase: BattleResult → Reward
[GameManager] Phase: Reward → MapNavigation
[GameManager] MoveToNode: r2_l1 (phase=MapNavigation)
[GameManager] タイル起動: ショップ (r2_l1)
[GameManager] EnterShop called
[GameManager] MapTransitionController.Instance = null
[GameManager] Phase: MapNavigation → ShopVisit
[GameManager] Phase: ShopVisit → MapNavigation
[GameManager] MoveToNode: r3_l1 (phase=MapNavigation)
[GameManager] タイル起動: 罠 (r3_l1)
[GameManager] Phase: MapNavigation → TrapTriggered
[GameManager] Phase: TrapTriggered → MapNavigation
[GameManager] MoveToNode: r4_l0 (phase=MapNavigation)
[GameManager] タイル起動: ショップ (r4_l0)
[GameManager] EnterShop called
[GameManager] MapTransitionController.Instance = null
[GameManager] Phase: MapNavigation → ShopVisit
[GameManager] Phase: ShopVisit → MapNavigation
[GameManager] MoveToNode: r5_l1 (phase=MapNavigation)
[GameManager] タイル起動: 戦闘 (r5_l1)
[GameManager] エンカウント: 13番目の死
[GameManager] Phase: MapNavigation → Combat
[GameManager] Phase: Combat → BattleResult
[GameManager] 戦闘結果: 13番目の死 — 勝利 (5T) 残HP:7
[GameManager] Phase: BattleResult → Reward
[GameManager] Phase: Reward → MapNavigation
[GameManager] MoveToNode: r6_l1 (phase=MapNavigation)
[GameManager] タイル起動: ショップ (r6_l1)
[GameManager] EnterShop called
[GameManager] MapTransitionController.Instance = null
[GameManager] Phase: MapNavigation → ShopVisit
[GameManager] Phase: ShopVisit → MapNavigation
[GameManager] MoveToNode: r7_l0 (phase=MapNavigation)
[GameManager] タイル起動: 罠 (r7_l0)
[GameManager] Phase: MapNavigation → TrapTriggered
[GameManager] Phase: TrapTriggered → MapNavigation
[GameManager] MoveToNode: r8_l0 (phase=MapNavigation)
[GameManager] タイル起動: 秘宝 (r8_l0)
[GameManager] 宝箱: ゴールド+8, 治癒の指輪
[GameManager] Phase: MapNavigation → TreasureOpen
[GameManager] Phase: TreasureOpen → MapNavigation
[GameManager] MoveToNode: r9_l0 (phase=MapNavigation)
[GameManager] タイル起動: 休憩 (r9_l0)
[GameManager] Phase: MapNavigation → RestStop
[GameManager] 休憩回復: +8HP (30%) (現在: 15/25)
[GameManager] Phase: RestStop → MapNavigation
[GameManager] MoveToNode: boss (phase=MapNavigation)
[GameManager] タイル起動: ボス (boss)
[GameManager] ボス戦: ゴブリン王
[GameManager] Phase: MapNavigation → Combat
[GameManager] Phase: Combat → BattleResult
[GameManager] 戦闘結果: ゴブリン王 — 勝利 (7T) 残HP:15
[GameManager] Phase: BattleResult → Reward
[GameManager] Phase: Reward → FloorClear
[GameManager] フロア2クリア → 次へ
[GameManager] Phase: FloorClear → FloorIntro
[GameManager] --- フロア 3 [瘴気侵蝕] ---
[GameManager] Phase: FloorIntro → MapNavigation
[GameManager] MoveToNode: r1_l0 (phase=MapNavigation)
[GameManager] タイル起動: 戦闘 (r1_l0)
[GameManager] エンカウント: ハーピィ
[GameManager] Phase: MapNavigation → Combat
[GameManager] Phase: Combat → BattleResult
[GameManager] 戦闘結果: ハーピィ — 勝利 (19T) 残HP:5
[GameManager] 層デバフ: 戦闘後2ダメージ (HP:3)
[GameManager] Phase: BattleResult → Reward
[GameManager] Phase: Reward → MapNavigation
[GameManager] MoveToNode: r2_l0 (phase=MapNavigation)
[GameManager] タイル起動: ショップ (r2_l0)
[GameManager] EnterShop called
[GameManager] MapTransitionController.Instance = null
[GameManager] Phase: MapNavigation → ShopVisit
[GameManager] Phase: ShopVisit → MapNavigation
[GameManager] MoveToNode: r3_l1 (phase=MapNavigation)
[GameManager] タイル起動: ショップ (r3_l1)
[GameManager] EnterShop called
[GameManager] MapTransitionController.Instance = null
[GameManager] Phase: MapNavigation → ShopVisit
[GameManager] Phase: ShopVisit → MapNavigation
[GameManager] MoveToNode: r4_l1 (phase=MapNavigation)
[GameManager] タイル起動: ショップ (r4_l1)
[GameManager] EnterShop called
[GameManager] MapTransitionController.Instance = null
[GameManager] Phase: MapNavigation → ShopVisit
[GameManager] Phase: ShopVisit → MapNavigation
[GameManager] MoveToNode: r5_l2 (phase=MapNavigation)
[GameManager] タイル起動: ショップ (r5_l2)
[GameManager] EnterShop called
[GameManager] MapTransitionController.Instance = null
[GameManager] Phase: MapNavigation → ShopVisit
[GameManager] Phase: ShopVisit → MapNavigation
[GameManager] MoveToNode: r6_l2 (phase=MapNavigation)
[GameManager] タイル起動: イベント (r6_l2)
[GameManager] Phase: MapNavigation → EventEncounter
[GameManager] Phase: EventEncounter → MapNavigation
[GameManager] MoveToNode: r7_l1 (phase=MapNavigation)
[GameManager] タイル起動: イベント (r7_l1)
[GameManager] Phase: MapNavigation → EventEncounter
[GameManager] Phase: EventEncounter → MapNavigation
[GameManager] MoveToNode: r8_l1 (phase=MapNavigation)
[GameManager] タイル起動: 秘宝 (r8_l1)
[GameManager] 宝箱: ゴールド+12, 苦難の刻印
[GameManager] Phase: MapNavigation → TreasureOpen
[GameManager] Phase: TreasureOpen → MapNavigation
[GameManager] MoveToNode: r9_l1 (phase=MapNavigation)
[GameManager] タイル起動: 休憩 (r9_l1)
[GameManager] Phase: MapNavigation → RestStop
[GameManager] 休憩回復: +13HP (50%) (現在: 16/25)
[GameManager] Phase: RestStop → MapNavigation
[GameManager] MoveToNode: boss (phase=MapNavigation)
[GameManager] タイル起動: ボス (boss)
[GameManager] ボス戦: 凍れる吟遊詩人
[GameManager] Phase: MapNavigation → Combat
[GameManager] Phase: Combat → BattleResult
[GameManager] 戦闘結果: 凍れる吟遊詩人 — 勝利 (7T) 残HP:14
[GameManager] 層デバフ: 戦闘後2ダメージ (HP:12)
[GameManager] Phase: BattleResult → Reward
[GameManager] Phase: Reward → FloorClear
[GameManager] フロア3クリア → 次へ
[GameManager] Phase: FloorClear → FloorIntro
[GameManager] --- フロア 4 [煉獄の刻印] ---
[GameManager] Phase: FloorIntro → MapNavigation
[GameManager] MoveToNode: r1_l2 (phase=MapNavigation)
[GameManager] タイル起動: 罠 (r1_l2)
[GameManager] Phase: MapNavigation → TrapTriggered
[GameManager] Phase: TrapTriggered → MapNavigation
[GameManager] MoveToNode: r2_l1 (phase=MapNavigation)
[GameManager] タイル起動: 戦闘 (r2_l1)
[GameManager] エンカウント: ダイアウルフ
[GameManager] Phase: MapNavigation → Combat
[GameManager] Phase: Combat → BattleResult
[GameManager] 戦闘結果: ダイアウルフ — 勝利 (10T) 残HP:10
[GameManager] Phase: BattleResult → Reward
[GameManager] Phase: Reward → MapNavigation
[GameManager] MoveToNode: r3_l1 (phase=MapNavigation)
[GameManager] タイル起動: イベント (r3_l1)
[GameManager] Phase: MapNavigation → EventEncounter
[GameManager] Phase: EventEncounter → MapNavigation
[GameManager] MoveToNode: r4_l1 (phase=MapNavigation)
[GameManager] タイル起動: 罠 (r4_l1)
[GameManager] Phase: MapNavigation → TrapTriggered
[GameManager] Phase: TrapTriggered → MapNavigation
[GameManager] MoveToNode: r5_l1 (phase=MapNavigation)
[GameManager] タイル起動: ショップ (r5_l1)
[GameManager] EnterShop called
[GameManager] MapTransitionController.Instance = null
[GameManager] Phase: MapNavigation → ShopVisit
[GameManager] Phase: ShopVisit → MapNavigation
[GameManager] MoveToNode: r6_l1 (phase=MapNavigation)
[GameManager] タイル起動: イベント (r6_l1)
[GameManager] Phase: MapNavigation → EventEncounter
[AutoRunner] === RUN 96 終了: DEADLOCK (デッドロック) — ストール phase=EventEncounter node=r6_l1 floor=4 ===

########## RUN 97  [DEADLOCK デッドロック]  移動先なし(MapNavigation)
# reached F4 HP 1/1 coins 140 combats 16/17 LS=True
[GameManager] Phase: EventEncounter → RunStart
[GameManager] === ラン開始 === HP:30
[GameManager] Phase: RunStart → FloorIntro
[GameManager] --- フロア 1 [残光の加護] ---
[GameManager] Phase: FloorIntro → MapNavigation
[GameManager] MoveToNode: r1_l2 (phase=MapNavigation)
[GameManager] タイル起動: ショップ (r1_l2)
[GameManager] EnterShop called
[GameManager] MapTransitionController.Instance = null
[GameManager] Phase: MapNavigation → ShopVisit
[GameManager] Phase: ShopVisit → MapNavigation
[GameManager] MoveToNode: r2_l1 (phase=MapNavigation)
[GameManager] タイル起動: 休憩 (r2_l1)
[GameManager] Phase: MapNavigation → RestStop
[GameManager] 休憩回復: +9HP (30%) (現在: 30/30)
[GameManager] Phase: RestStop → MapNavigation
[GameManager] MoveToNode: r3_l0 (phase=MapNavigation)
[GameManager] タイル起動: イベント (r3_l0)
[GameManager] Phase: MapNavigation → EventEncounter
[GameManager] Phase: EventEncounter → MapNavigation
[GameManager] MoveToNode: r4_l0 (phase=MapNavigation)
[GameManager] タイル起動: 戦闘 (r4_l0)
[GameManager] エンカウント: スライム
[GameManager] Phase: MapNavigation → Combat
[GameManager] Phase: Combat → BattleResult
[GameManager] 戦闘結果: スライム — 勝利 (1T) 残HP:30
[GameManager] Phase: BattleResult → Reward
[GameManager] Phase: Reward → MapNavigation
[GameManager] MoveToNode: r5_l0 (phase=MapNavigation)
[GameManager] タイル起動: 戦闘 (r5_l0)
[GameManager] エンカウント: ゴブリン
[GameManager] Phase: MapNavigation → Combat
[GameManager] Phase: Combat → BattleResult
[GameManager] 戦闘結果: ゴブリン — 勝利 (2T) 残HP:30
[GameManager] Phase: BattleResult → Reward
[GameManager] Phase: Reward → MapNavigation
[GameManager] MoveToNode: r6_l0 (phase=MapNavigation)
[GameManager] タイル起動: 戦闘 (r6_l0)
[GameManager] エンカウント: スライム
[GameManager] Phase: MapNavigation → Combat
[GameManager] Phase: Combat → BattleResult
[GameManager] 戦闘結果: スライム — 勝利 (4T) 残HP:28
[GameManager] Phase: BattleResult → Reward
[GameManager] Phase: Reward → MapNavigation
[GameManager] MoveToNode: r7_l0 (phase=MapNavigation)
[GameManager] タイル起動: 秘宝 (r7_l0)
[GameManager] 宝箱: ゴールド+2, 灯心の鈴
[GameManager] Phase: MapNavigation → TreasureOpen
[GameManager] Phase: TreasureOpen → MapNavigation
[GameManager] MoveToNode: r8_l0 (phase=MapNavigation)
[GameManager] タイル起動: 秘宝 (r8_l0)
[GameManager] 宝箱: ゴールド+6, 灯心の鈴
[GameManager] Phase: MapNavigation → TreasureOpen
[GameManager] Phase: TreasureOpen → MapNavigation
[GameManager] MoveToNode: r9_l0 (phase=MapNavigation)
[GameManager] タイル起動: 休憩 (r9_l0)
[GameManager] Phase: MapNavigation → RestStop
[GameManager] 休憩回復: +9HP (30%) (現在: 30/30)
[GameManager] Phase: RestStop → MapNavigation
[GameManager] MoveToNode: boss (phase=MapNavigation)
[GameManager] タイル起動: ボス (boss)
[GameManager] ボス 'boss_layer1' 未定義 — フロア1のプールから抽選
[GameManager] ボス戦: スライム
[GameManager] Phase: MapNavigation → Combat
[GameManager] Phase: Combat → BattleResult
[GameManager] 戦闘結果: スライム — 勝利 (1T) 残HP:30
[GameManager] Phase: BattleResult → Reward
[GameManager] Phase: Reward → FloorClear
[GameManager] フロア1クリア → 次へ
[GameManager] 層デバフ: MaxHP-5 → 25
[GameManager] Phase: FloorClear → FloorIntro
[GameManager] --- フロア 2 [嘆きの共鳴] ---
[GameManager] Phase: FloorIntro → MapNavigation
[GameManager] MoveToNode: r1_l1 (phase=MapNavigation)
[GameManager] タイル起動: 戦闘 (r1_l1)
[GameManager] エンカウント: 13番目の死
[GameManager] Phase: MapNavigation → Combat
[GameManager] Phase: Combat → BattleResult
[GameManager] 戦闘結果: 13番目の死 — 勝利 (3T) 残HP:25
[GameManager] Phase: BattleResult → Reward
[GameManager] Phase: Reward → MapNavigation
[GameManager] MoveToNode: r2_l1 (phase=MapNavigation)
[GameManager] タイル起動: 戦闘 (r2_l1)
[GameManager] エンカウント: ゴブリン王
[GameManager] Phase: MapNavigation → Combat
[GameManager] Phase: Combat → BattleResult
[GameManager] 戦闘結果: ゴブリン王 — 勝利 (9T) 残HP:20
[GameManager] Phase: BattleResult → Reward
[GameManager] Phase: Reward → MapNavigation
[GameManager] MoveToNode: r3_l1 (phase=MapNavigation)
[GameManager] タイル起動: 秘宝 (r3_l1)
[GameManager] 宝箱: ゴールド+14, 観察者の眼鏡
[GameManager] Phase: MapNavigation → TreasureOpen
[GameManager] Phase: TreasureOpen → MapNavigation
[GameManager] MoveToNode: r4_l1 (phase=MapNavigation)
[GameManager] タイル起動: 戦闘 (r4_l1)
[GameManager] エンカウント: ゴブリン王
[GameManager] Phase: MapNavigation → Combat
[GameManager] Phase: Combat → BattleResult
[GameManager] 戦闘結果: ゴブリン王 — 勝利 (7T) 残HP:20
[GameManager] Phase: BattleResult → Reward
[GameManager] Phase: Reward → MapNavigation
[GameManager] MoveToNode: r5_l1 (phase=MapNavigation)
[GameManager] タイル起動: 戦闘 (r5_l1)
[GameManager] エンカウント: コボルド
[GameManager] Phase: MapNavigation → Combat
[GameManager] Phase: Combat → BattleResult
[GameManager] 戦闘結果: コボルド — 勝利 (4T) 残HP:20
[GameManager] Phase: BattleResult → Reward
[GameManager] Phase: Reward → MapNavigation
[GameManager] MoveToNode: r6_l1 (phase=MapNavigation)
[GameManager] タイル起動: イベント (r6_l1)
[GameManager] Phase: MapNavigation → EventEncounter
[GameManager] Phase: EventEncounter → MapNavigation
[GameManager] MoveToNode: r7_l1 (phase=MapNavigation)
[GameManager] タイル起動: 戦闘 (r7_l1)
[GameManager] エンカウント: コボルド
[GameManager] Phase: MapNavigation → Combat
[GameManager] Phase: Combat → BattleResult
[GameManager] 戦闘結果: コボルド — 勝利 (3T) 残HP:25
[GameManager] Phase: BattleResult → Reward
[GameManager] Phase: Reward → MapNavigation
[GameManager] MoveToNode: r8_l1 (phase=MapNavigation)
[GameManager] タイル起動: 秘宝 (r8_l1)
[GameManager] 宝箱: ゴールド+12, 食通の懐刀
[GameManager] Phase: MapNavigation → TreasureOpen
[GameManager] Phase: TreasureOpen → MapNavigation
[GameManager] MoveToNode: r9_l1 (phase=MapNavigation)
[GameManager] タイル起動: 休憩 (r9_l1)
[GameManager] Phase: MapNavigation → RestStop
[GameManager] 休憩回復: +8HP (30%) (現在: 25/25)
[GameManager] Phase: RestStop → MapNavigation
[GameManager] MoveToNode: boss (phase=MapNavigation)
[GameManager] タイル起動: ボス (boss)
[GameManager] ボス戦: ゴブリン王
[GameManager] Phase: MapNavigation → Combat
[GameManager] Phase: Combat → BattleResult
[GameManager] 戦闘結果: ゴブリン王 — 勝利 (9T) 残HP:22
[GameManager] Phase: BattleResult → Reward
[GameManager] Phase: Reward → FloorClear
[GameManager] フロア2クリア → 次へ
[GameManager] Phase: FloorClear → FloorIntro
[GameManager] --- フロア 3 [瘴気侵蝕] ---
[GameManager] Phase: FloorIntro → MapNavigation
[GameManager] MoveToNode: r1_l0 (phase=MapNavigation)
[GameManager] タイル起動: 戦闘 (r1_l0)
[GameManager] エンカウント: ゴブリン
[GameManager] Phase: MapNavigation → Combat
[GameManager] Phase: Combat → BattleResult
[GameManager] 戦闘結果: ゴブリン — 勝利 (1T) 残HP:25
[GameManager] 層デバフ: 戦闘後2ダメージ (HP:23)
[GameManager] Phase: BattleResult → Reward
[GameManager] Phase: Reward → MapNavigation
[GameManager] MoveToNode: r2_l1 (phase=MapNavigation)
[GameManager] タイル起動: 戦闘 (r2_l1)
[GameManager] エンカウント: 13番目の死
[GameManager] Phase: MapNavigation → Combat
[GameManager] Phase: Combat → BattleResult
[GameManager] 戦闘結果: 13番目の死 — 勝利 (3T) 残HP:23
[GameManager] 層デバフ: 戦闘後2ダメージ (HP:21)
[GameManager] Phase: BattleResult → Reward
[GameManager] Phase: Reward → MapNavigation
[GameManager] MoveToNode: r3_l1 (phase=MapNavigation)
[GameManager] タイル起動: 戦闘 (r3_l1)
[GameManager] エンカウント: ゴブリン王
[GameManager] Phase: MapNavigation → Combat
[GameManager] Phase: Combat → BattleResult
[GameManager] 戦闘結果: ゴブリン王 — 勝利 (15T) 残HP:7
[GameManager] 層デバフ: 戦闘後2ダメージ (HP:5)
[GameManager] Phase: BattleResult → Reward
[GameManager] Phase: Reward → MapNavigation
[GameManager] MoveToNode: r4_l0 (phase=MapNavigation)
[GameManager] タイル起動: 秘宝 (r4_l0)
[GameManager] 宝箱: ゴールド+15, 木のダイス
[GameManager] Phase: MapNavigation → TreasureOpen
[GameManager] Phase: TreasureOpen → MapNavigation
[GameManager] MoveToNode: r5_l1 (phase=MapNavigation)
[GameManager] タイル起動: 罠 (r5_l1)
[GameManager] Phase: MapNavigation → TrapTriggered
[GameManager] Phase: TrapTriggered → MapNavigation
[GameManager] MoveToNode: r6_l1 (phase=MapNavigation)
[GameManager] タイル起動: イベント (r6_l1)
[GameManager] Phase: MapNavigation → EventEncounter
[GameManager] Phase: EventEncounter → MapNavigation
[GameManager] MoveToNode: r7_l1 (phase=MapNavigation)
[GameManager] タイル起動: 秘宝 (r7_l1)
[GameManager] 宝箱: ゴールド+9, 小回復ポーション
[GameManager] Phase: MapNavigation → TreasureOpen
[GameManager] Phase: TreasureOpen → MapNavigation
[GameManager] MoveToNode: r8_l1 (phase=MapNavigation)
[GameManager] タイル起動: 秘宝 (r8_l1)
[GameManager] 宝箱: ゴールド+9, 嵐の徽章
[GameManager] Phase: MapNavigation → TreasureOpen
[GameManager] Phase: TreasureOpen → MapNavigation
[GameManager] MoveToNode: r9_l1 (phase=MapNavigation)
[GameManager] タイル起動: 休憩 (r9_l1)
[GameManager] Phase: MapNavigation → RestStop
[GameManager] 休憩回復: +13HP (50%) (現在: 25/25)
[GameManager] Phase: RestStop → MapNavigation
[GameManager] MoveToNode: boss (phase=MapNavigation)
[GameManager] タイル起動: ボス (boss)
[GameManager] ボス戦: 凍れる吟遊詩人
[GameManager] Phase: MapNavigation → Combat
[GameManager] Phase: Combat → BattleResult
[GameManager] 戦闘結果: 凍れる吟遊詩人 — 勝利 (4T) 残HP:25
[GameManager] 層デバフ: 戦闘後2ダメージ (HP:23)
[GameManager] Phase: BattleResult → Reward
[GameManager] Phase: Reward → FloorClear
[GameManager] フロア3クリア → 次へ
[GameManager] Phase: FloorClear → FloorIntro
[GameManager] --- フロア 4 [煉獄の刻印] ---
[GameManager] Phase: FloorIntro → MapNavigation
[GameManager] MoveToNode: r1_l0 (phase=MapNavigation)
[GameManager] タイル起動: 戦闘 (r1_l0)
[GameManager] エンカウント: ミノタウロス
[GameManager] Phase: MapNavigation → Combat
[GameManager] Phase: Combat → BattleResult
[GameManager] 戦闘結果: ミノタウロス — 勝利 (7T) 残HP:16
[GameManager] Phase: BattleResult → Reward
[GameManager] Phase: Reward → MapNavigation
[GameManager] MoveToNode: r2_l0 (phase=MapNavigation)
[GameManager] タイル起動: ショップ (r2_l0)
[GameManager] EnterShop called
[GameManager] MapTransitionController.Instance = null
[GameManager] Phase: MapNavigation → ShopVisit
[GameManager] Phase: ShopVisit → MapNavigation
[GameManager] MoveToNode: r3_l0 (phase=MapNavigation)
[GameManager] タイル起動: 戦闘 (r3_l0)
[GameManager] エンカウント: リザードマン
[GameManager] Phase: MapNavigation → Combat
[GameManager] Phase: Combat → BattleResult
[GameManager] 戦闘結果: リザードマン — 勝利 (3T) 残HP:12
[GameManager] Phase: BattleResult → Reward
[GameManager] Phase: Reward → MapNavigation
[GameManager] MoveToNode: r4_l0 (phase=MapNavigation)
[GameManager] タイル起動: イベント (r4_l0)
[GameManager] Phase: MapNavigation → EventEncounter
[GameManager] Phase: EventEncounter → MapNavigation
[GameManager] MoveToNode: r5_l1 (phase=MapNavigation)
[GameManager] タイル起動: 秘宝 (r5_l1)
[GameManager] 宝箱: ゴールド+20, 灯心の鈴
[GameManager] Phase: MapNavigation → TreasureOpen
[GameManager] Phase: TreasureOpen → MapNavigation
[GameManager] MoveToNode: r6_l1 (phase=MapNavigation)
[GameManager] タイル起動: イベント (r6_l1)
[GameManager] Phase: MapNavigation → EventEncounter
[GameManager] Phase: EventEncounter → MapNavigation
[GameManager] MoveToNode: r7_l1 (phase=MapNavigation)
[GameManager] タイル起動: イベント (r7_l1)
[GameManager] Phase: MapNavigation → EventEncounter
[AutoRunner] ラストスタンド発動 (Floor 4)
[AutoRunner] === RUN 97 終了: DEADLOCK (デッドロック) — 移動先なし(MapNavigation) ===

########## RUN 98  [R6 5F道中/カルマで死亡]  敗北 cause=CombatLoss
# reached F5 HP 0/1 coins 114 combats 25/27 LS=True
[GameManager] Phase: MapNavigation → RunStart
[GameManager] === ラン開始 === HP:30
[GameManager] Phase: RunStart → FloorIntro
[GameManager] --- フロア 1 [残光の加護] ---
[GameManager] Phase: FloorIntro → MapNavigation
[GameManager] MoveToNode: r1_l0 (phase=MapNavigation)
[GameManager] タイル起動: ショップ (r1_l0)
[GameManager] EnterShop called
[GameManager] MapTransitionController.Instance = null
[GameManager] Phase: MapNavigation → ShopVisit
[GameManager] Phase: ShopVisit → MapNavigation
[GameManager] MoveToNode: r2_l0 (phase=MapNavigation)
[GameManager] タイル起動: 罠 (r2_l0)
[GameManager] Phase: MapNavigation → TrapTriggered
[GameManager] Phase: TrapTriggered → MapNavigation
[GameManager] MoveToNode: r3_l0 (phase=MapNavigation)
[GameManager] タイル起動: 戦闘 (r3_l0)
[GameManager] エンカウント: スライム
[GameManager] Phase: MapNavigation → Combat
[GameManager] Phase: Combat → BattleResult
[GameManager] 戦闘結果: スライム — 勝利 (1T) 残HP:30
[GameManager] Phase: BattleResult → Reward
[GameManager] Phase: Reward → MapNavigation
[GameManager] MoveToNode: r4_l0 (phase=MapNavigation)
[GameManager] タイル起動: 戦闘 (r4_l0)
[GameManager] エンカウント: スライム
[GameManager] Phase: MapNavigation → Combat
[GameManager] Phase: Combat → BattleResult
[GameManager] 戦闘結果: スライム — 勝利 (2T) 残HP:30
[GameManager] Phase: BattleResult → Reward
[GameManager] Phase: Reward → MapNavigation
[GameManager] MoveToNode: r5_l0 (phase=MapNavigation)
[GameManager] タイル起動: 戦闘 (r5_l0)
[GameManager] エンカウント: スライム
[GameManager] Phase: MapNavigation → Combat
[GameManager] Phase: Combat → BattleResult
[GameManager] 戦闘結果: スライム — 勝利 (5T) 残HP:30
[GameManager] Phase: BattleResult → Reward
[GameManager] Phase: Reward → MapNavigation
[GameManager] MoveToNode: r6_l0 (phase=MapNavigation)
[GameManager] タイル起動: 激戦 (r6_l0)
[GameManager] エンカウント: スライム
[GameManager] Phase: MapNavigation → Combat
[GameManager] Phase: Combat → BattleResult
[GameManager] 戦闘結果: スライム — 勝利 (5T) 残HP:28
[GameManager] 激戦2戦目: ゴブリン
[GameManager] Phase: BattleResult → Combat
[GameManager] Phase: Combat → BattleResult
[GameManager] 戦闘結果: ゴブリン — 勝利 (4T) 残HP:27
[GameManager] Phase: BattleResult → Reward
[GameManager] Phase: Reward → MapNavigation
[GameManager] MoveToNode: r7_l0 (phase=MapNavigation)
[GameManager] タイル起動: ショップ (r7_l0)
[GameManager] EnterShop called
[GameManager] MapTransitionController.Instance = null
[GameManager] Phase: MapNavigation → ShopVisit
[GameManager] Phase: ShopVisit → MapNavigation
[GameManager] MoveToNode: r8_l0 (phase=MapNavigation)
[GameManager] タイル起動: 秘宝 (r8_l0)
[GameManager] 宝箱: ゴールド+6, 苦難の刻印
[GameManager] Phase: MapNavigation → TreasureOpen
[GameManager] Phase: TreasureOpen → MapNavigation
[GameManager] MoveToNode: r9_l0 (phase=MapNavigation)
[GameManager] タイル起動: 休憩 (r9_l0)
[GameManager] Phase: MapNavigation → RestStop
[GameManager] 休憩回復: +9HP (30%) (現在: 30/30)
[GameManager] Phase: RestStop → MapNavigation
[GameManager] MoveToNode: boss (phase=MapNavigation)
[GameManager] タイル起動: ボス (boss)
[GameManager] ボス 'boss_layer1' 未定義 — フロア1のプールから抽選
[GameManager] ボス戦: スライム
[GameManager] Phase: MapNavigation → Combat
[GameManager] Phase: Combat → BattleResult
[GameManager] 戦闘結果: スライム — 勝利 (3T) 残HP:29
[GameManager] Phase: BattleResult → Reward
[GameManager] Phase: Reward → FloorClear
[GameManager] フロア1クリア → 次へ
[GameManager] 層デバフ: MaxHP-5 → 25
[GameManager] Phase: FloorClear → FloorIntro
[GameManager] --- フロア 2 [嘆きの共鳴] ---
[GameManager] Phase: FloorIntro → MapNavigation
[GameManager] MoveToNode: r1_l0 (phase=MapNavigation)
[GameManager] タイル起動: 激戦 (r1_l0)
[GameManager] エンカウント: コボルド
[GameManager] Phase: MapNavigation → Combat
[GameManager] Phase: Combat → BattleResult
[GameManager] 戦闘結果: コボルド — 勝利 (1T) 残HP:25
[GameManager] 激戦2戦目: スライム
[GameManager] Phase: BattleResult → Combat
[GameManager] Phase: Combat → BattleResult
[GameManager] 戦闘結果: スライム — 勝利 (1T) 残HP:25
[GameManager] Phase: BattleResult → Reward
[GameManager] Phase: Reward → MapNavigation
[GameManager] MoveToNode: r2_l0 (phase=MapNavigation)
[GameManager] タイル起動: 戦闘 (r2_l0)
[GameManager] エンカウント: ダイアウルフ
[GameManager] Phase: MapNavigation → Combat
[GameManager] Phase: Combat → BattleResult
[GameManager] 戦闘結果: ダイアウルフ — 勝利 (4T) 残HP:25
[GameManager] Phase: BattleResult → Reward
[GameManager] Phase: Reward → MapNavigation
[GameManager] MoveToNode: r3_l1 (phase=MapNavigation)
[GameManager] タイル起動: 戦闘 (r3_l1)
[GameManager] エンカウント: ダイアウルフ
[GameManager] Phase: MapNavigation → Combat
[GameManager] Phase: Combat → BattleResult
[GameManager] 戦闘結果: ダイアウルフ — 勝利 (1T) 残HP:25
[GameManager] Phase: BattleResult → Reward
[GameManager] Phase: Reward → MapNavigation
[GameManager] MoveToNode: r4_l0 (phase=MapNavigation)
[GameManager] タイル起動: 戦闘 (r4_l0)
[GameManager] エンカウント: スケルトン
[GameManager] Phase: MapNavigation → Combat
[GameManager] Phase: Combat → BattleResult
[GameManager] 戦闘結果: スケルトン — 勝利 (12T) 残HP:18
[GameManager] Phase: BattleResult → Reward
[GameManager] Phase: Reward → MapNavigation
[GameManager] MoveToNode: r5_l1 (phase=MapNavigation)
[GameManager] タイル起動: 戦闘 (r5_l1)
[GameManager] エンカウント: 13番目の死
[GameManager] Phase: MapNavigation → Combat
[GameManager] Phase: Combat → BattleResult
[GameManager] 戦闘結果: 13番目の死 — 勝利 (3T) 残HP:18
[GameManager] Phase: BattleResult → Reward
[GameManager] Phase: Reward → MapNavigation
[GameManager] MoveToNode: r6_l1 (phase=MapNavigation)
[GameManager] タイル起動: 激戦 (r6_l1)
[GameManager] エンカウント: 13番目の死
[GameManager] Phase: MapNavigation → Combat
[GameManager] Phase: Combat → BattleResult
[GameManager] 戦闘結果: 13番目の死 — 勝利 (2T) 残HP:18
[GameManager] 激戦2戦目: ゴブリン王
[GameManager] Phase: BattleResult → Combat
[GameManager] Phase: Combat → BattleResult
[GameManager] 戦闘結果: ゴブリン王 — 勝利 (5T) 残HP:17
[GameManager] Phase: BattleResult → Reward
[GameManager] Phase: Reward → MapNavigation
[GameManager] MoveToNode: r7_l0 (phase=MapNavigation)
[GameManager] タイル起動: 戦闘 (r7_l0)
[GameManager] エンカウント: 13番目の死
[GameManager] Phase: MapNavigation → Combat
[GameManager] Phase: Combat → BattleResult
[GameManager] 戦闘結果: 13番目の死 — 勝利 (2T) 残HP:17
[GameManager] Phase: BattleResult → Reward
[GameManager] Phase: Reward → MapNavigation
[GameManager] MoveToNode: r8_l0 (phase=MapNavigation)
[GameManager] タイル起動: 秘宝 (r8_l0)
[GameManager] 宝箱: ゴールド+12, 力帯
[GameManager] Phase: MapNavigation → TreasureOpen
[GameManager] Phase: TreasureOpen → MapNavigation
[GameManager] MoveToNode: r9_l0 (phase=MapNavigation)
[GameManager] タイル起動: 休憩 (r9_l0)
[GameManager] Phase: MapNavigation → RestStop
[GameManager] 休憩回復: +8HP (30%) (現在: 25/25)
[GameManager] Phase: RestStop → MapNavigation
[GameManager] MoveToNode: boss (phase=MapNavigation)
[GameManager] タイル起動: ボス (boss)
[GameManager] ボス戦: ゴブリン王
[GameManager] Phase: MapNavigation → Combat
[GameManager] Phase: Combat → BattleResult
[GameManager] 戦闘結果: ゴブリン王 — 勝利 (4T) 残HP:25
[GameManager] Phase: BattleResult → Reward
[GameManager] Phase: Reward → FloorClear
[GameManager] フロア2クリア → 次へ
[GameManager] Phase: FloorClear → FloorIntro
[GameManager] --- フロア 3 [瘴気侵蝕] ---
[GameManager] Phase: FloorIntro → MapNavigation
[GameManager] MoveToNode: r1_l1 (phase=MapNavigation)
[GameManager] タイル起動: 戦闘 (r1_l1)
[GameManager] エンカウント: 凍れる吟遊詩人
[GameManager] Phase: MapNavigation → Combat
[GameManager] Phase: Combat → BattleResult
[GameManager] 戦闘結果: 凍れる吟遊詩人 — 勝利 (7T) 残HP:25
[GameManager] 層デバフ: 戦闘後2ダメージ (HP:23)
[GameManager] Phase: BattleResult → Reward
[GameManager] Phase: Reward → MapNavigation
[GameManager] MoveToNode: r2_l1 (phase=MapNavigation)
[GameManager] タイル起動: イベント (r2_l1)
[GameManager] Phase: MapNavigation → EventEncounter
[GameManager] Phase: EventEncounter → MapNavigation
[GameManager] MoveToNode: r3_l1 (phase=MapNavigation)
[GameManager] タイル起動: 罠 (r3_l1)
[GameManager] Phase: MapNavigation → TrapTriggered
[GameManager] Phase: TrapTriggered → MapNavigation
[GameManager] MoveToNode: r4_l1 (phase=MapNavigation)
[GameManager] タイル起動: イベント (r4_l1)
[GameManager] Phase: MapNavigation → EventEncounter
[GameManager] Phase: EventEncounter → MapNavigation
[GameManager] MoveToNode: r5_l1 (phase=MapNavigation)
[GameManager] タイル起動: 戦闘 (r5_l1)
[GameManager] エンカウント: ハーピィ
[GameManager] Phase: MapNavigation → Combat
[GameManager] Phase: Combat → BattleResult
[GameManager] 戦闘結果: ハーピィ — 勝利 (2T) 残HP:18
[GameManager] 層デバフ: 戦闘後2ダメージ (HP:16)
[GameManager] Phase: BattleResult → Reward
[GameManager] Phase: Reward → MapNavigation
[GameManager] MoveToNode: r6_l1 (phase=MapNavigation)
[GameManager] タイル起動: 戦闘 (r6_l1)
[GameManager] エンカウント: 凍れる吟遊詩人
[GameManager] Phase: MapNavigation → Combat
[GameManager] Phase: Combat → BattleResult
[GameManager] 戦闘結果: 凍れる吟遊詩人 — 勝利 (4T) 残HP:16
[GameManager] 層デバフ: 戦闘後2ダメージ (HP:14)
[GameManager] Phase: BattleResult → Reward
[GameManager] Phase: Reward → MapNavigation
[GameManager] MoveToNode: r7_l1 (phase=MapNavigation)
[GameManager] タイル起動: 戦闘 (r7_l1)
[GameManager] エンカウント: オーク
[GameManager] Phase: MapNavigation → Combat
[GameManager] Phase: Combat → BattleResult
[GameManager] 戦闘結果: オーク — 勝利 (2T) 残HP:14
[GameManager] 層デバフ: 戦闘後2ダメージ (HP:12)
[GameManager] Phase: BattleResult → Reward
[GameManager] Phase: Reward → MapNavigation
[GameManager] MoveToNode: r8_l1 (phase=MapNavigation)
[GameManager] タイル起動: 秘宝 (r8_l1)
[GameManager] 宝箱: ゴールド+18, 生命の宝玉
[GameManager] Phase: MapNavigation → TreasureOpen
[GameManager] Phase: TreasureOpen → MapNavigation
[GameManager] MoveToNode: r9_l1 (phase=MapNavigation)
[GameManager] タイル起動: 休憩 (r9_l1)
[GameManager] Phase: MapNavigation → RestStop
[GameManager] 休憩回復: +13HP (50%) (現在: 25/25)
[GameManager] Phase: RestStop → MapNavigation
[GameManager] MoveToNode: boss (phase=MapNavigation)
[GameManager] タイル起動: ボス (boss)
[GameManager] ボス戦: 凍れる吟遊詩人
[GameManager] Phase: MapNavigation → Combat
[GameManager] Phase: Combat → BattleResult
[GameManager] 戦闘結果: 凍れる吟遊詩人 — 勝利 (8T) 残HP:25
[GameManager] 層デバフ: 戦闘後2ダメージ (HP:23)
[GameManager] Phase: BattleResult → Reward
[GameManager] Phase: Reward → FloorClear
[GameManager] フロア3クリア → 次へ
[GameManager] Phase: FloorClear → FloorIntro
[GameManager] --- フロア 4 [煉獄の刻印] ---
[GameManager] Phase: FloorIntro → MapNavigation
[GameManager] MoveToNode: r1_l0 (phase=MapNavigation)
[GameManager] タイル起動: 戦闘 (r1_l0)
[GameManager] エンカウント: ミノタウロス
[GameManager] Phase: MapNavigation → Combat
[GameManager] Phase: Combat → BattleResult
[GameManager] 戦闘結果: ミノタウロス — 勝利 (9T) 残HP:22
[GameManager] Phase: BattleResult → Reward
[GameManager] Phase: Reward → MapNavigation
[GameManager] MoveToNode: r2_l0 (phase=MapNavigation)
[GameManager] タイル起動: 罠 (r2_l0)
[GameManager] Phase: MapNavigation → TrapTriggered
[GameManager] Phase: TrapTriggered → MapNavigation
[AutoRunner] ラストスタンド発動 (Floor 5)
[AutoRunner] === RUN 98 終了: R6 (5F道中/カルマで死亡) — 敗北 cause=CombatLoss ===

########## RUN 99  [R4 3Fで死亡]  敗北 cause=CombatLoss
# reached F3 HP 0/1 coins 78 combats 14/16 LS=True
[GameManager] Phase: GameOver → Title
[GameManager] Phase: Title → RunStart
[GameManager] === ラン開始 === HP:30
[GameManager] Phase: RunStart → FloorIntro
[GameManager] --- フロア 1 [残光の加護] ---
[GameManager] Phase: FloorIntro → MapNavigation
[GameManager] MoveToNode: r1_l0 (phase=MapNavigation)
[GameManager] タイル起動: 戦闘 (r1_l0)
[GameManager] エンカウント: ゴブリン
[GameManager] Phase: MapNavigation → Combat
[GameManager] Phase: Combat → BattleResult
[GameManager] 戦闘結果: ゴブリン — 勝利 (3T) 残HP:30
[GameManager] Phase: BattleResult → Reward
[GameManager] Phase: Reward → MapNavigation
[GameManager] MoveToNode: r2_l0 (phase=MapNavigation)
[GameManager] タイル起動: ショップ (r2_l0)
[GameManager] EnterShop called
[GameManager] MapTransitionController.Instance = null
[GameManager] Phase: MapNavigation → ShopVisit
[GameManager] Phase: ShopVisit → MapNavigation
[GameManager] MoveToNode: r3_l0 (phase=MapNavigation)
[GameManager] タイル起動: 激戦 (r3_l0)
[GameManager] エンカウント: ゴブリン
[GameManager] Phase: MapNavigation → Combat
[GameManager] Phase: Combat → BattleResult
[GameManager] 戦闘結果: ゴブリン — 勝利 (1T) 残HP:30
[GameManager] 激戦2戦目: スライム
[GameManager] Phase: BattleResult → Combat
[GameManager] Phase: Combat → BattleResult
[GameManager] 戦闘結果: スライム — 勝利 (2T) 残HP:30
[GameManager] Phase: BattleResult → Reward
[GameManager] Phase: Reward → MapNavigation
[GameManager] MoveToNode: r4_l0 (phase=MapNavigation)
[GameManager] タイル起動: 激戦 (r4_l0)
[GameManager] エンカウント: ゴブリン
[GameManager] Phase: MapNavigation → Combat
[GameManager] Phase: Combat → BattleResult
[GameManager] 戦闘結果: ゴブリン — 勝利 (1T) 残HP:30
[GameManager] 激戦2戦目: スライム
[GameManager] Phase: BattleResult → Combat
[GameManager] Phase: Combat → BattleResult
[GameManager] 戦闘結果: スライム — 勝利 (2T) 残HP:30
[GameManager] Phase: BattleResult → Reward
[GameManager] Phase: Reward → MapNavigation
[GameManager] MoveToNode: r5_l0 (phase=MapNavigation)
[GameManager] タイル起動: 戦闘 (r5_l0)
[GameManager] エンカウント: スライム
[GameManager] Phase: MapNavigation → Combat
[GameManager] Phase: Combat → BattleResult
[GameManager] 戦闘結果: スライム — 勝利 (2T) 残HP:30
[GameManager] Phase: BattleResult → Reward
[GameManager] Phase: Reward → MapNavigation
[GameManager] MoveToNode: r6_l0 (phase=MapNavigation)
[GameManager] タイル起動: 罠 (r6_l0)
[GameManager] Phase: MapNavigation → TrapTriggered
[GameManager] Phase: TrapTriggered → MapNavigation
[GameManager] MoveToNode: r7_l0 (phase=MapNavigation)
[GameManager] タイル起動: ショップ (r7_l0)
[GameManager] EnterShop called
[GameManager] MapTransitionController.Instance = null
[GameManager] Phase: MapNavigation → ShopVisit
[GameManager] Phase: ShopVisit → MapNavigation
[GameManager] MoveToNode: r8_l0 (phase=MapNavigation)
[GameManager] タイル起動: 秘宝 (r8_l0)
[GameManager] 宝箱: ゴールド+7, 小回復ポーション
[GameManager] Phase: MapNavigation → TreasureOpen
[GameManager] Phase: TreasureOpen → MapNavigation
[GameManager] MoveToNode: r9_l0 (phase=MapNavigation)
[GameManager] タイル起動: 休憩 (r9_l0)
[GameManager] Phase: MapNavigation → RestStop
[GameManager] 休憩回復: +9HP (30%) (現在: 30/30)
[GameManager] Phase: RestStop → MapNavigation
[GameManager] MoveToNode: boss (phase=MapNavigation)
[GameManager] タイル起動: ボス (boss)
[GameManager] ボス 'boss_layer1' 未定義 — フロア1のプールから抽選
[GameManager] ボス戦: スライム
[GameManager] Phase: MapNavigation → Combat
[GameManager] Phase: Combat → BattleResult
[GameManager] 戦闘結果: スライム — 勝利 (3T) 残HP:30
[GameManager] Phase: BattleResult → Reward
[GameManager] Phase: Reward → FloorClear
[GameManager] フロア1クリア → 次へ
[GameManager] 層デバフ: MaxHP-5 → 25
[GameManager] Phase: FloorClear → FloorIntro
[GameManager] --- フロア 2 [嘆きの共鳴] ---
[GameManager] Phase: FloorIntro → MapNavigation
[GameManager] MoveToNode: r1_l2 (phase=MapNavigation)
[GameManager] タイル起動: 戦闘 (r1_l2)
[GameManager] エンカウント: コボルド
[GameManager] Phase: MapNavigation → Combat
[GameManager] Phase: Combat → BattleResult
[GameManager] 戦闘結果: コボルド — 勝利 (3T) 残HP:24
[GameManager] Phase: BattleResult → Reward
[GameManager] Phase: Reward → MapNavigation
[GameManager] MoveToNode: r2_l2 (phase=MapNavigation)
[GameManager] タイル起動: ショップ (r2_l2)
[GameManager] EnterShop called
[GameManager] MapTransitionController.Instance = null
[GameManager] Phase: MapNavigation → ShopVisit
[GameManager] Phase: ShopVisit → MapNavigation
[GameManager] MoveToNode: r3_l2 (phase=MapNavigation)
[GameManager] タイル起動: イベント (r3_l2)
[GameManager] Phase: MapNavigation → EventEncounter
[GameManager] Phase: EventEncounter → MapNavigation
[GameManager] MoveToNode: r4_l2 (phase=MapNavigation)
[GameManager] タイル起動: 休憩 (r4_l2)
[GameManager] Phase: MapNavigation → RestStop
[GameManager] 休憩回復: +8HP (30%) (現在: 25/25)
[GameManager] Phase: RestStop → MapNavigation
[GameManager] MoveToNode: r5_l2 (phase=MapNavigation)
[GameManager] タイル起動: 激戦 (r5_l2)
[GameManager] エンカウント: ゴブリン王
[GameManager] Phase: MapNavigation → Combat
[GameManager] Phase: Combat → BattleResult
[GameManager] 戦闘結果: ゴブリン王 — 勝利 (6T) 残HP:25
[GameManager] 激戦2戦目: ゴブリン
[GameManager] Phase: BattleResult → Combat
[GameManager] Phase: Combat → BattleResult
[GameManager] 戦闘結果: ゴブリン — 勝利 (1T) 残HP:25
[GameManager] Phase: BattleResult → Reward
[GameManager] Phase: Reward → MapNavigation
[GameManager] MoveToNode: r6_l2 (phase=MapNavigation)
[GameManager] タイル起動: イベント (r6_l2)
[GameManager] Phase: MapNavigation → EventEncounter
[GameManager] Phase: EventEncounter → MapNavigation
[GameManager] MoveToNode: r7_l2 (phase=MapNavigation)
[GameManager] タイル起動: 戦闘 (r7_l2)
[GameManager] エンカウント: 13番目の死
[GameManager] Phase: MapNavigation → Combat
[GameManager] Phase: Combat → BattleResult
[GameManager] 戦闘結果: 13番目の死 — 勝利 (1T) 残HP:25
[GameManager] Phase: BattleResult → Reward
[GameManager] Phase: Reward → MapNavigation
[GameManager] MoveToNode: r8_l2 (phase=MapNavigation)
[GameManager] タイル起動: 秘宝 (r8_l2)
[GameManager] 宝箱: ゴールド+8, 観察者の眼鏡
[GameManager] Phase: MapNavigation → TreasureOpen
[GameManager] Phase: TreasureOpen → MapNavigation
[GameManager] MoveToNode: r9_l2 (phase=MapNavigation)
[GameManager] 空腹ダメージ: 1 (HP: 24/25)
[GameManager] タイル起動: 休憩 (r9_l2)
[GameManager] Phase: MapNavigation → RestStop
[GameManager] 休憩回復: +8HP (30%) (現在: 25/25)
[GameManager] Phase: RestStop → MapNavigation
[GameManager] MoveToNode: boss (phase=MapNavigation)
[GameManager] 空腹ダメージ: 1 (HP: 24/25)
[GameManager] タイル起動: ボス (boss)
[GameManager] ボス戦: ゴブリン王
[GameManager] Phase: MapNavigation → Combat
[GameManager] Phase: Combat → BattleResult
[GameManager] 戦闘結果: ゴブリン王 — 勝利 (6T) 残HP:20
[GameManager] Phase: BattleResult → Reward
[GameManager] Phase: Reward → FloorClear
[GameManager] フロア2クリア → 次へ
[GameManager] Phase: FloorClear → FloorIntro
[GameManager] --- フロア 3 [瘴気侵蝕] ---
[GameManager] Phase: FloorIntro → MapNavigation
[GameManager] MoveToNode: r1_l0 (phase=MapNavigation)
[GameManager] タイル起動: 戦闘 (r1_l0)
[GameManager] エンカウント: 凍れる吟遊詩人
[GameManager] Phase: MapNavigation → Combat
[GameManager] Phase: Combat → BattleResult
[GameManager] 戦闘結果: 凍れる吟遊詩人 — 勝利 (8T) 残HP:25
[GameManager] 層デバフ: 戦闘後2ダメージ (HP:23)
[GameManager] Phase: BattleResult → Reward
[GameManager] Phase: Reward → MapNavigation
[GameManager] MoveToNode: r2_l0 (phase=MapNavigation)
[GameManager] タイル起動: 戦闘 (r2_l0)
[GameManager] エンカウント: コボルド
[GameManager] Phase: MapNavigation → Combat
[GameManager] Phase: Combat → BattleResult
[GameManager] 戦闘結果: コボルド — 勝利 (3T) 残HP:23
[GameManager] 層デバフ: 戦闘後2ダメージ (HP:21)
[GameManager] Phase: BattleResult → Reward
[GameManager] Phase: Reward → MapNavigation
[GameManager] MoveToNode: r3_l0 (phase=MapNavigation)
[GameManager] タイル起動: ショップ (r3_l0)
[GameManager] EnterShop called
[GameManager] MapTransitionController.Instance = null
[GameManager] Phase: MapNavigation → ShopVisit
[GameManager] Phase: ShopVisit → MapNavigation
[GameManager] MoveToNode: r4_l0 (phase=MapNavigation)
[GameManager] タイル起動: 戦闘 (r4_l0)
[GameManager] エンカウント: ハーピィ
[GameManager] Phase: MapNavigation → Combat
[GameManager] Phase: Combat → BattleResult
[GameManager] 戦闘結果: ハーピィ — 敗北 (11T) 残HP:0
[GameManager] 救済発動: マップへ戻る
[GameManager] Phase: BattleResult → MapNavigation
[AutoRunner] ラストスタンド発動 (Floor 3)
[GameManager] MoveToNode: r5_l0 (phase=MapNavigation)
[GameManager] タイル起動: 戦闘 (r5_l0)
[GameManager] エンカウント: オーク
[GameManager] Phase: MapNavigation → Combat
[GameManager] Phase: Combat → BattleResult
[GameManager] 戦闘結果: オーク — 敗北 (4T) 残HP:0
[GameManager] Phase: BattleResult → GameOver
[AutoRunner] === RUN 99 終了: R4 (3Fで死亡) — 敗北 cause=CombatLoss ===

